mtllib hull.mtl
o Hull
v 0.28000 -1.40000 25.00000
v -0.28000 -1.40000 25.00000
v -0.28000 -2.11635 23.71795
v 0.28000 -2.11635 23.71795
v -0.28000 -2.77334 22.43590
v 0.28000 -2.77334 22.43590
v -0.28000 -3.37293 21.15385
v 0.28000 -3.37293 21.15385
v -0.28000 -3.91709 19.87179
v 0.28000 -3.91709 19.87179
v -0.28000 -4.40788 18.58974
v 0.28000 -4.40788 18.58974
v -0.28000 -4.84739 17.30769
v 0.28000 -4.84739 17.30769
v -0.28000 -5.23776 16.02564
v 0.28000 -5.23776 16.02564
v -0.28000 -5.58123 14.74359
v 0.28000 -5.58123 14.74359
v -0.28000 -5.88007 13.46154
v 0.28000 -5.88007 13.46154
v -0.28000 -6.13666 12.17949
v 0.28000 -6.13666 12.17949
v -0.28000 -6.35347 10.89744
v 0.28000 -6.35347 10.89744
v -0.28000 -6.53306 9.61538
v 0.28000 -6.53306 9.61538
v -0.28000 -6.67814 8.33333
v 0.28000 -6.67814 8.33333
v -0.28000 -6.79153 7.05128
v 0.28000 -6.79153 7.05128
v -0.28000 -6.87628 5.76923
v 0.28000 -6.87628 5.76923
v -0.28000 -6.93563 4.48718
v 0.28000 -6.93563 4.48718
v -0.28000 -6.97316 3.20513
v 0.28000 -6.97316 3.20513
v -0.28000 -6.99289 1.92308
v 0.28000 -6.99289 1.92308
v -0.28000 -6.99959 0.64103
v 0.28000 -6.99959 0.64103
v -0.28000 -6.99959 -0.64103
v 0.28000 -6.99959 -0.64103
v -0.28000 -6.99289 -1.92308
v 0.28000 -6.99289 -1.92308
v -0.28000 -6.97316 -3.20513
v 0.28000 -6.97316 -3.20513
v -0.28000 -6.93563 -4.48718
v 0.28000 -6.93563 -4.48718
v -0.28000 -6.87628 -5.76923
v 0.28000 -6.87628 -5.76923
v -0.28000 -6.79153 -7.05128
v 0.28000 -6.79153 -7.05128
v -0.28000 -6.67814 -8.33333
v 0.28000 -6.67814 -8.33333
v -0.28000 -6.53306 -9.61538
v 0.28000 -6.53306 -9.61538
v -0.28000 -6.35347 -10.89744
v 0.28000 -6.35347 -10.89744
v -0.28000 -6.13666 -12.17949
v 0.28000 -6.13666 -12.17949
v -0.28000 -5.88007 -13.46154
v 0.28000 -5.88007 -13.46154
v -0.28000 -5.58123 -14.74359
v 0.28000 -5.58123 -14.74359
v -0.28000 -5.23776 -16.02564
v 0.28000 -5.23776 -16.02564
v -0.28000 -4.84739 -17.30769
v 0.28000 -4.84739 -17.30769
v -0.28000 -4.40788 -18.58974
v 0.28000 -4.40788 -18.58974
v -0.28000 -3.91709 -19.87179
v 0.28000 -3.91709 -19.87179
v -0.28000 -3.37293 -21.15385
v 0.28000 -3.37293 -21.15385
v -0.28000 -2.77334 -22.43590
v 0.28000 -2.77334 -22.43590
v -0.28000 -2.11635 -23.71795
v 0.28000 -2.11635 -23.71795
v -0.28000 -1.40000 -25.00000
v 0.28000 -1.40000 -25.00000
v 0.48296 -2.09639 23.72204
v 0.41526 -1.38138 25.00479
v 0.51712 -2.75216 22.43936
v 0.54722 -3.35063 21.15675
v 0.57542 -3.89379 19.87420
v 0.60200 -4.38368 18.59171
v 0.62684 -4.82238 17.30928
v 0.64970 -5.21205 16.02690
v 0.67038 -5.55490 14.74457
v 0.68872 -5.85321 13.46229
v 0.70462 -6.10935 12.18004
v 0.71807 -6.32579 10.89783
v 0.72910 -6.50507 9.61566
v 0.73784 -6.64990 8.33351
v 0.74444 -6.76310 7.05139
v 0.74915 -6.84771 5.76929
v 0.75223 -6.90698 4.48721
v 0.75399 -6.94445 3.20514
v 0.75479 -6.96415 1.92308
v 0.75501 -6.97084 0.64103
v 0.75405 -6.97084 -0.64103
v 0.74873 -6.96415 -1.92308
v 0.74000 -6.94444 -3.20515
v 0.72829 -6.90694 -4.48724
v 0.71383 -6.84766 -5.76937
v 0.69672 -6.76301 -7.05153
v 0.67699 -6.64976 -8.33374
v 0.65465 -6.50488 -9.61601
v 0.62963 -6.32552 -10.89834
v 0.60184 -6.10901 -12.18075
v 0.57113 -5.85278 -13.46325
v 0.53728 -5.55436 -14.74584
v 0.50000 -5.21139 -16.02853
v 0.45887 -4.82159 -17.31133
v 0.41327 -4.38273 -18.59425
v 0.36229 -3.89268 -19.87729
v 0.30442 -3.34934 -21.16048
v 0.23684 -2.75068 -22.44381
v 0.15279 -2.09470 -23.72730
v 0.02000 -1.37947 -25.01095
v -0.02000 -1.37947 -25.01095
v -0.15279 -2.09470 -23.72730
v -0.23684 -2.75068 -22.44381
v -0.30442 -3.34934 -21.16048
v -0.36229 -3.89268 -19.87729
v -0.41327 -4.38273 -18.59425
v -0.45887 -4.82159 -17.31133
v -0.50000 -5.21139 -16.02853
v -0.53728 -5.55436 -14.74584
v -0.57113 -5.85278 -13.46325
v -0.60184 -6.10901 -12.18075
v -0.62963 -6.32552 -10.89834
v -0.65465 -6.50488 -9.61601
v -0.67699 -6.64976 -8.33374
v -0.69672 -6.76301 -7.05153
v -0.71383 -6.84766 -5.76937
v -0.72829 -6.90694 -4.48724
v -0.74000 -6.94444 -3.20515
v -0.74873 -6.96415 -1.92308
v -0.75405 -6.97084 -0.64103
v -0.75501 -6.97084 0.64103
v -0.75479 -6.96415 1.92308
v -0.75399 -6.94445 3.20514
v -0.75223 -6.90698 4.48721
v -0.74915 -6.84771 5.76929
v -0.74444 -6.76310 7.05139
v -0.73784 -6.64990 8.33351
v -0.72910 -6.50507 9.61566
v -0.71807 -6.32579 10.89783
v -0.70462 -6.10935 12.18004
v -0.68872 -5.85321 13.46229
v -0.67038 -5.55490 14.74457
v -0.64970 -5.21205 16.02690
v -0.62684 -4.82238 17.30928
v -0.60200 -4.38368 18.59171
v -0.57542 -3.89379 19.87420
v -0.54722 -3.35063 21.15675
v -0.51712 -2.75216 22.43936
v -0.48296 -2.09639 23.72204
v -0.41526 -1.38138 25.00479
v 0.76296 -2.09639 23.72204
v 0.69526 -1.38138 25.00479
v 0.79712 -2.75216 22.43936
v 0.82722 -3.35063 21.15675
v 0.85542 -3.89379 19.87420
v 0.88200 -4.38368 18.59171
v 0.90684 -4.82238 17.30928
v 0.92970 -5.21205 16.02690
v 0.95038 -5.55490 14.74457
v 0.96872 -5.85321 13.46229
v 0.98462 -6.10935 12.18004
v 0.99807 -6.32579 10.89783
v 1.00910 -6.50507 9.61566
v 1.01784 -6.64990 8.33351
v 1.02444 -6.76310 7.05139
v 1.02915 -6.84771 5.76929
v 1.03223 -6.90698 4.48721
v 1.03399 -6.94445 3.20514
v 1.03479 -6.96415 1.92308
v 1.03501 -6.97084 0.64103
v 1.03405 -6.97084 -0.64103
v 1.02873 -6.96415 -1.92308
v 1.02000 -6.94444 -3.20515
v 1.00829 -6.90694 -4.48724
v 0.99383 -6.84766 -5.76937
v 0.97672 -6.76301 -7.05153
v 0.95699 -6.64976 -8.33374
v 0.93465 -6.50488 -9.61601
v 0.90963 -6.32552 -10.89834
v 0.88184 -6.10901 -12.18075
v 0.85113 -5.85278 -13.46325
v 0.81728 -5.55436 -14.74584
v 0.78000 -5.21139 -16.02853
v 0.73887 -4.82159 -17.31133
v 0.69327 -4.38273 -18.59425
v 0.64229 -3.89268 -19.87729
v 0.58442 -3.34934 -21.16048
v 0.51684 -2.75068 -22.44381
v 0.43279 -2.09470 -23.72730
v 0.28000 -1.37947 -25.01095
v -0.28000 -1.37947 -25.01095
v -0.43279 -2.09470 -23.72730
v -0.51684 -2.75068 -22.44381
v -0.58442 -3.34934 -21.16048
v -0.64229 -3.89268 -19.87729
v -0.69327 -4.38273 -18.59425
v -0.73887 -4.82159 -17.31133
v -0.78000 -5.21139 -16.02853
v -0.81728 -5.55436 -14.74584
v -0.85113 -5.85278 -13.46325
v -0.88184 -6.10901 -12.18075
v -0.90963 -6.32552 -10.89834
v -0.93465 -6.50488 -9.61601
v -0.95699 -6.64976 -8.33374
v -0.97672 -6.76301 -7.05153
v -0.99383 -6.84766 -5.76937
v -1.00829 -6.90694 -4.48724
v -1.02000 -6.94444 -3.20515
v -1.02873 -6.96415 -1.92308
v -1.03405 -6.97084 -0.64103
v -1.03501 -6.97084 0.64103
v -1.03479 -6.96415 1.92308
v -1.03399 -6.94445 3.20514
v -1.03223 -6.90698 4.48721
v -1.02915 -6.84771 5.76929
v -1.02444 -6.76310 7.05139
v -1.01784 -6.64990 8.33351
v -1.00910 -6.50507 9.61566
v -0.99807 -6.32579 10.89783
v -0.98462 -6.10935 12.18004
v -0.96872 -5.85321 13.46229
v -0.95038 -5.55490 14.74457
v -0.92970 -5.21205 16.02690
v -0.90684 -4.82238 17.30928
v -0.88200 -4.38368 18.59171
v -0.85542 -3.89379 19.87420
v -0.82722 -3.35063 21.15675
v -0.79712 -2.75216 22.43936
v -0.76296 -2.09639 23.72204
v -0.69526 -1.38138 25.00479
v 0.78700 -2.05251 23.73103
v 0.67668 -1.34046 25.01532
v 0.84266 -2.70558 22.44697
v 0.89172 -3.30160 21.16313
v 0.93767 -3.84256 19.87949
v 0.98098 -4.33047 18.59604
v 1.02145 -4.76741 17.31278
v 1.05871 -5.15553 16.02968
v 1.09241 -5.49702 14.74673
v 1.12230 -5.79417 13.46393
v 1.14821 -6.04932 12.18126
v 1.17012 -6.26492 10.89871
v 1.18810 -6.44353 9.61626
v 1.20234 -6.58782 8.33390
v 1.21310 -6.70062 7.05163
v 1.22077 -6.78492 5.76942
v 1.22578 -6.84398 4.48727
v 1.22866 -6.88133 3.20516
v 1.22996 -6.90097 1.92308
v 1.23031 -6.90765 0.64103
v 1.22875 -6.90765 -0.64103
v 1.22009 -6.90096 -1.92309
v 1.20585 -6.88129 -3.20520
v 1.18678 -6.84388 -4.48738
v 1.16321 -6.78474 -5.76966
v 1.13533 -6.70032 -7.05207
v 1.10319 -6.58738 -8.33463
v 1.06678 -6.44291 -9.61738
v 1.02601 -6.26409 -10.90034
v 0.98073 -6.04823 -12.18354
v 0.93068 -5.79278 -13.46701
v 0.87552 -5.49530 -14.75077
v 0.81477 -5.15342 -16.03487
v 0.74774 -4.76487 -17.31931
v 0.67343 -4.32745 -18.60414
v 0.59036 -3.83902 -19.88939
v 0.49606 -3.29750 -21.17507
v 0.38595 -2.70085 -22.46121
v 0.24897 -2.04711 -23.74786
v 0.02000 -1.33433 -25.03503
v -0.02000 -1.33433 -25.03503
v -0.24897 -2.04711 -23.74786
v -0.38595 -2.70085 -22.46121
v -0.49606 -3.29750 -21.17507
v -0.59036 -3.83902 -19.88939
v -0.67343 -4.32745 -18.60414
v -0.74774 -4.76487 -17.31931
v -0.81477 -5.15342 -16.03487
v -0.87552 -5.49530 -14.75077
v -0.93068 -5.79278 -13.46701
v -0.98073 -6.04823 -12.18354
v -1.02601 -6.26409 -10.90034
v -1.06678 -6.44291 -9.61738
v -1.10319 -6.58738 -8.33463
v -1.13533 -6.70032 -7.05207
v -1.16321 -6.78474 -5.76966
v -1.18678 -6.84388 -4.48738
v -1.20585 -6.88129 -3.20520
v -1.22009 -6.90096 -1.92309
v -1.22875 -6.90765 -0.64103
v -1.23031 -6.90765 0.64103
v -1.22996 -6.90097 1.92308
v -1.22866 -6.88133 3.20516
v -1.22578 -6.84398 4.48727
v -1.22077 -6.78492 5.76942
v -1.21310 -6.70062 7.05163
v -1.20234 -6.58782 8.33390
v -1.18810 -6.44353 9.61626
v -1.17012 -6.26492 10.89871
v -1.14821 -6.04932 12.18126
v -1.12230 -5.79417 13.46393
v -1.09241 -5.49702 14.74673
v -1.05871 -5.15553 16.02968
v -1.02145 -4.76741 17.31278
v -0.98098 -4.33047 18.59604
v -0.93767 -3.84256 19.87949
v -0.89172 -3.30160 21.16313
v -0.84266 -2.70558 22.44697
v -0.78700 -2.05251 23.73103
v -0.67668 -1.34046 25.01532
v 1.06700 -2.05251 23.73103
v 0.95668 -1.34046 25.01532
v 1.12266 -2.70558 22.44697
v 1.17172 -3.30160 21.16313
v 1.21767 -3.84256 19.87949
v 1.26098 -4.33047 18.59604
v 1.30145 -4.76741 17.31278
v 1.33871 -5.15553 16.02968
v 1.37241 -5.49702 14.74673
v 1.40230 -5.79417 13.46393
v 1.42821 -6.04932 12.18126
v 1.45012 -6.26492 10.89871
v 1.46810 -6.44353 9.61626
v 1.48234 -6.58782 8.33390
v 1.49310 -6.70062 7.05163
v 1.50077 -6.78492 5.76942
v 1.50578 -6.84398 4.48727
v 1.50866 -6.88133 3.20516
v 1.50996 -6.90097 1.92308
v 1.51031 -6.90765 0.64103
v 1.50875 -6.90765 -0.64103
v 1.50009 -6.90096 -1.92309
v 1.48585 -6.88129 -3.20520
v 1.46678 -6.84388 -4.48738
v 1.44321 -6.78474 -5.76966
v 1.41533 -6.70032 -7.05207
v 1.38319 -6.58738 -8.33463
v 1.34678 -6.44291 -9.61738
v 1.30601 -6.26409 -10.90034
v 1.26073 -6.04823 -12.18354
v 1.21068 -5.79278 -13.46701
v 1.15552 -5.49530 -14.75077
v 1.09477 -5.15342 -16.03487
v 1.02774 -4.76487 -17.31931
v 0.95343 -4.32745 -18.60414
v 0.87036 -3.83902 -19.88939
v 0.77606 -3.29750 -21.17507
v 0.66595 -2.70085 -22.46121
v 0.52897 -2.04711 -23.74786
v 0.28000 -1.33433 -25.03503
v -0.28000 -1.33433 -25.03503
v -0.52897 -2.04711 -23.74786
v -0.66595 -2.70085 -22.46121
v -0.77606 -3.29750 -21.17507
v -0.87036 -3.83902 -19.88939
v -0.95343 -4.32745 -18.60414
v -1.02774 -4.76487 -17.31931
v -1.09477 -5.15342 -16.03487
v -1.15552 -5.49530 -14.75077
v -1.21068 -5.79278 -13.46701
v -1.26073 -6.04823 -12.18354
v -1.30601 -6.26409 -10.90034
v -1.34678 -6.44291 -9.61738
v -1.38319 -6.58738 -8.33463
v -1.41533 -6.70032 -7.05207
v -1.44321 -6.78474 -5.76966
v -1.46678 -6.84388 -4.48738
v -1.48585 -6.88129 -3.20520
v -1.50009 -6.90096 -1.92309
v -1.50875 -6.90765 -0.64103
v -1.51031 -6.90765 0.64103
v -1.50996 -6.90097 1.92308
v -1.50866 -6.88133 3.20516
v -1.50578 -6.84398 4.48727
v -1.50077 -6.78492 5.76942
v -1.49310 -6.70062 7.05163
v -1.48234 -6.58782 8.33390
v -1.46810 -6.44353 9.61626
v -1.45012 -6.26492 10.89871
v -1.42821 -6.04932 12.18126
v -1.40230 -5.79417 13.46393
v -1.37241 -5.49702 14.74673
v -1.33871 -5.15553 16.02968
v -1.30145 -4.76741 17.31278
v -1.26098 -4.33047 18.59604
v -1.21767 -3.84256 19.87949
v -1.17172 -3.30160 21.16313
v -1.12266 -2.70558 22.44697
v -1.06700 -2.05251 23.73103
v -0.95668 -1.34046 25.01532
v 1.16711 -1.95321 23.75139
v 1.00351 -1.24784 25.03916
v 1.24965 -2.60018 22.46420
v 1.32241 -3.19066 21.17757
v 1.39054 -3.72662 19.89146
v 1.45478 -4.21005 18.60584
v 1.51480 -4.64301 17.32069
v 1.57005 -5.02762 16.03596
v 1.62003 -5.36605 14.75162
v 1.66434 -5.66055 13.46765
v 1.70278 -5.91346 12.18402
v 1.73527 -6.12719 10.90068
v 1.76193 -6.30427 9.61761
v 1.78304 -6.44734 8.33478
v 1.79901 -6.55920 7.05216
v 1.81038 -6.64283 5.76971
v 1.81781 -6.70143 4.48741
v 1.82208 -6.73850 3.20521
v 1.82402 -6.75800 1.92309
v 1.82453 -6.76464 0.64103
v 1.82221 -6.76464 -0.64103
v 1.80937 -6.75797 -1.92312
v 1.78826 -6.73839 -3.20532
v 1.75997 -6.70117 -4.48770
v 1.72502 -6.64237 -5.77033
v 1.68367 -6.55845 -7.05329
v 1.63601 -6.44622 -8.33665
v 1.58201 -6.30268 -9.62048
v 1.52155 -6.12505 -10.90485
v 1.45440 -5.91067 -12.18984
v 1.38018 -5.65701 -13.47551
v 1.29839 -5.36164 -14.76195
v 1.20829 -5.02223 -16.04922
v 1.10888 -4.63653 -17.33739
v 0.99869 -4.20236 -18.62654
v 0.87549 -3.71759 -19.91675
v 0.73565 -3.18017 -21.20807
v 0.57235 -2.58809 -22.50059
v 0.36922 -1.93940 -23.79438
v 0.02000 -1.23217 -25.08951
v -0.02000 -1.23217 -25.08951
v -0.36922 -1.93940 -23.79438
v -0.57235 -2.58809 -22.50059
v -0.73565 -3.18017 -21.20807
v -0.87549 -3.71759 -19.91675
v -0.99869 -4.20236 -18.62654
v -1.10888 -4.63653 -17.33739
v -1.20829 -5.02223 -16.04922
v -1.29839 -5.36164 -14.76195
v -1.38018 -5.65701 -13.47551
v -1.45440 -5.91067 -12.18984
v -1.52155 -6.12505 -10.90485
v -1.58201 -6.30268 -9.62048
v -1.63601 -6.44622 -8.33665
v -1.68367 -6.55845 -7.05329
v -1.72502 -6.64237 -5.77033
v -1.75997 -6.70117 -4.48770
v -1.78826 -6.73839 -3.20532
v -1.80937 -6.75797 -1.92312
v -1.82221 -6.76464 -0.64103
v -1.82453 -6.76464 0.64103
v -1.82402 -6.75800 1.92309
v -1.82208 -6.73850 3.20521
v -1.81781 -6.70143 4.48741
v -1.81038 -6.64283 5.76971
v -1.79901 -6.55920 7.05216
v -1.78304 -6.44734 8.33478
v -1.76193 -6.30427 9.61761
v -1.73527 -6.12719 10.90068
v -1.70278 -5.91346 12.18402
v -1.66434 -5.66055 13.46765
v -1.62003 -5.36605 14.75162
v -1.57005 -5.02762 16.03596
v -1.51480 -4.64301 17.32069
v -1.45478 -4.21005 18.60584
v -1.39054 -3.72662 19.89146
v -1.32241 -3.19066 21.17757
v -1.24965 -2.60018 22.46420
v -1.16711 -1.95321 23.75139
v -1.00351 -1.24784 25.03916
v 1.44711 -1.95321 23.75139
v 1.28351 -1.24784 25.03916
v 1.52965 -2.60018 22.46420
v 1.60241 -3.19066 21.17757
v 1.67054 -3.72662 19.89146
v 1.73478 -4.21005 18.60584
v 1.79480 -4.64301 17.32069
v 1.85005 -5.02762 16.03596
v 1.90003 -5.36605 14.75162
v 1.94434 -5.66055 13.46765
v 1.98278 -5.91346 12.18402
v 2.01527 -6.12719 10.90068
v 2.04193 -6.30427 9.61761
v 2.06304 -6.44734 8.33478
v 2.07901 -6.55920 7.05216
v 2.09038 -6.64283 5.76971
v 2.09781 -6.70143 4.48741
v 2.10208 -6.73850 3.20521
v 2.10402 -6.75800 1.92309
v 2.10453 -6.76464 0.64103
v 2.10221 -6.76464 -0.64103
v 2.08937 -6.75797 -1.92312
v 2.06826 -6.73839 -3.20532
v 2.03997 -6.70117 -4.48770
v 2.00502 -6.64237 -5.77033
v 1.96367 -6.55845 -7.05329
v 1.91601 -6.44622 -8.33665
v 1.86201 -6.30268 -9.62048
v 1.80155 -6.12505 -10.90485
v 1.73440 -5.91067 -12.18984
v 1.66018 -5.65701 -13.47551
v 1.57839 -5.36164 -14.76195
v 1.48829 -5.02223 -16.04922
v 1.38888 -4.63653 -17.33739
v 1.27869 -4.20236 -18.62654
v 1.15549 -3.71759 -19.91675
v 1.01565 -3.18017 -21.20807
v 0.85235 -2.58809 -22.50059
v 0.64922 -1.93940 -23.79438
v 0.28000 -1.23217 -25.08951
v -0.28000 -1.23217 -25.08951
v -0.64922 -1.93940 -23.79438
v -0.85235 -2.58809 -22.50059
v -1.01565 -3.18017 -21.20807
v -1.15549 -3.71759 -19.91675
v -1.27869 -4.20236 -18.62654
v -1.38888 -4.63653 -17.33739
v -1.48829 -5.02223 -16.04922
v -1.57839 -5.36164 -14.76195
v -1.66018 -5.65701 -13.47551
v -1.73440 -5.91067 -12.18984
v -1.80155 -6.12505 -10.90485
v -1.86201 -6.30268 -9.62048
v -1.91601 -6.44622 -8.33665
v -1.96367 -6.55845 -7.05329
v -2.00502 -6.64237 -5.77033
v -2.03997 -6.70117 -4.48770
v -2.06826 -6.73839 -3.20532
v -2.08937 -6.75797 -1.92312
v -2.10221 -6.76464 -0.64103
v -2.10453 -6.76464 0.64103
v -2.10402 -6.75800 1.92309
v -2.10208 -6.73850 3.20521
v -2.09781 -6.70143 4.48741
v -2.09038 -6.64283 5.76971
v -2.07901 -6.55920 7.05216
v -2.06304 -6.44734 8.33478
v -2.04193 -6.30427 9.61761
v -2.01527 -6.12719 10.90068
v -1.98278 -5.91346 12.18402
v -1.94434 -5.66055 13.46765
v -1.90003 -5.36605 14.75162
v -1.85005 -5.02762 16.03596
v -1.79480 -4.64301 17.32069
v -1.73478 -4.21005 18.60584
v -1.67054 -3.72662 19.89146
v -1.60241 -3.19066 21.17757
v -1.52965 -2.60018 22.46420
v -1.44711 -1.95321 23.75139
v -1.28351 -1.24784 25.03916
v 1.53438 -1.80339 23.78209
v 1.31929 -1.10811 25.07512
v 1.64290 -2.44116 22.49019
v 1.73855 -3.02329 21.19935
v 1.82813 -3.55171 19.90952
v 1.91258 -4.02838 18.62063
v 1.99148 -4.45534 17.33262
v 2.06412 -4.83465 16.04543
v 2.12983 -5.16846 14.75900
v 2.18809 -5.45898 13.47327
v 2.23862 -5.70850 12.18817
v 2.28133 -5.91940 10.90366
v 2.31639 -6.09417 9.61966
v 2.34414 -6.23540 8.33612
v 2.36513 -6.34586 7.05297
v 2.38008 -6.42846 5.77015
v 2.38985 -6.48637 4.48761
v 2.39546 -6.52302 3.20529
v 2.39801 -6.54231 1.92311
v 2.39869 -6.54889 0.64103
v 2.39564 -6.54888 -0.64103
v 2.37876 -6.54225 -1.92316
v 2.35100 -6.52280 -3.20549
v 2.31381 -6.48588 -4.48817
v 2.26787 -6.42757 -5.77134
v 2.21350 -6.34442 -7.05513
v 2.15083 -6.23325 -8.33969
v 2.07985 -6.09113 -9.62515
v 2.00037 -5.91530 -10.91166
v 1.91208 -5.70315 -12.19934
v 1.81451 -5.45218 -13.48834
v 1.70697 -5.16000 -14.77881
v 1.58853 -4.82431 -16.07087
v 1.45783 -4.44291 -17.36466
v 1.31296 -4.01363 -18.66034
v 1.15100 -3.53439 -19.95802
v 0.96714 -3.00317 -21.25787
v 0.75246 -2.41799 -22.56000
v 0.48541 -1.77691 -23.86456
v 0.02000 -1.07807 -25.17170
v -0.02000 -1.07807 -25.17170
v -0.48541 -1.77691 -23.86456
v -0.75246 -2.41799 -22.56000
v -0.96714 -3.00317 -21.25787
v -1.15100 -3.53439 -19.95802
v -1.31296 -4.01363 -18.66034
v -1.45783 -4.44291 -17.36466
v -1.58853 -4.82431 -16.07087
v -1.70697 -5.16000 -14.77881
v -1.81451 -5.45218 -13.48834
v -1.91208 -5.70315 -12.19934
v -2.00037 -5.91530 -10.91166
v -2.07985 -6.09113 -9.62515
v -2.15083 -6.23325 -8.33969
v -2.21350 -6.34442 -7.05513
v -2.26787 -6.42757 -5.77134
v -2.31381 -6.48588 -4.48817
v -2.35100 -6.52280 -3.20549
v -2.37876 -6.54225 -1.92316
v -2.39564 -6.54888 -0.64103
v -2.39869 -6.54889 0.64103
v -2.39801 -6.54231 1.92311
v -2.39546 -6.52302 3.20529
v -2.38985 -6.48637 4.48761
v -2.38008 -6.42846 5.77015
v -2.36513 -6.34586 7.05297
v -2.34414 -6.23540 8.33612
v -2.31639 -6.09417 9.61966
v -2.28133 -5.91940 10.90366
v -2.23862 -5.70850 12.18817
v -2.18809 -5.45898 13.47327
v -2.12983 -5.16846 14.75900
v -2.06412 -4.83465 16.04543
v -1.99148 -4.45534 17.33262
v -1.91258 -4.02838 18.62063
v -1.82813 -3.55171 19.90952
v -1.73855 -3.02329 21.19935
v -1.64290 -2.44116 22.49019
v -1.53438 -1.80339 23.78209
v -1.31929 -1.10811 25.07512
v 1.81438 -1.80339 23.78209
v 1.59929 -1.10811 25.07512
v 1.92290 -2.44116 22.49019
v 2.01855 -3.02329 21.19935
v 2.10813 -3.55171 19.90952
v 2.19258 -4.02838 18.62063
v 2.27148 -4.45534 17.33262
v 2.34412 -4.83465 16.04543
v 2.40983 -5.16846 14.75900
v 2.46809 -5.45898 13.47327
v 2.51862 -5.70850 12.18817
v 2.56133 -5.91940 10.90366
v 2.59639 -6.09417 9.61966
v 2.62414 -6.23540 8.33612
v 2.64513 -6.34586 7.05297
v 2.66008 -6.42846 5.77015
v 2.66985 -6.48637 4.48761
v 2.67546 -6.52302 3.20529
v 2.67801 -6.54231 1.92311
v 2.67869 -6.54889 0.64103
v 2.67564 -6.54888 -0.64103
v 2.65876 -6.54225 -1.92316
v 2.63100 -6.52280 -3.20549
v 2.59381 -6.48588 -4.48817
v 2.54787 -6.42757 -5.77134
v 2.49350 -6.34442 -7.05513
v 2.43083 -6.23325 -8.33969
v 2.35985 -6.09113 -9.62515
v 2.28037 -5.91530 -10.91166
v 2.19208 -5.70315 -12.19934
v 2.09451 -5.45218 -13.48834
v 1.98697 -5.16000 -14.77881
v 1.86853 -4.82431 -16.07087
v 1.73783 -4.44291 -17.36466
v 1.59296 -4.01363 -18.66034
v 1.43100 -3.53439 -19.95802
v 1.24714 -3.00317 -21.25787
v 1.03246 -2.41799 -22.56000
v 0.76541 -1.77691 -23.86456
v 0.28000 -1.07807 -25.17170
v -0.28000 -1.07807 -25.17170
v -0.76541 -1.77691 -23.86456
v -1.03246 -2.41799 -22.56000
v -1.24714 -3.00317 -21.25787
v -1.43100 -3.53439 -19.95802
v -1.59296 -4.01363 -18.66034
v -1.73783 -4.44291 -17.36466
v -1.86853 -4.82431 -16.07087
v -1.98697 -5.16000 -14.77881
v -2.09451 -5.45218 -13.48834
v -2.19208 -5.70315 -12.19934
v -2.28037 -5.91530 -10.91166
v -2.35985 -6.09113 -9.62515
v -2.43083 -6.23325 -8.33969
v -2.49350 -6.34442 -7.05513
v -2.54787 -6.42757 -5.77134
v -2.59381 -6.48588 -4.48817
v -2.63100 -6.52280 -3.20549
v -2.65876 -6.54225 -1.92316
v -2.67564 -6.54888 -0.64103
v -2.67869 -6.54889 0.64103
v -2.67801 -6.54231 1.92311
v -2.67546 -6.52302 3.20529
v -2.66985 -6.48637 4.48761
v -2.66008 -6.42846 5.77015
v -2.64513 -6.34586 7.05297
v -2.62414 -6.23540 8.33612
v -2.59639 -6.09417 9.61966
v -2.56133 -5.91940 10.90366
v -2.51862 -5.70850 12.18817
v -2.46809 -5.45898 13.47327
v -2.40983 -5.16846 14.75900
v -2.34412 -4.83465 16.04543
v -2.27148 -4.45534 17.33262
v -2.19258 -4.02838 18.62063
v -2.10813 -3.55171 19.90952
v -2.01855 -3.02329 21.19935
v -1.92290 -2.44116 22.49019
v -1.81438 -1.80339 23.78209
v -1.59929 -1.10811 25.07512
v 1.88335 -1.60657 23.82243
v 1.61934 -0.92454 25.12236
v 2.01654 -2.23225 22.52434
v 2.13394 -2.80340 21.22798
v 2.24389 -3.32192 19.93325
v 2.34755 -3.78972 18.64005
v 2.44440 -4.20877 17.34829
v 2.53356 -4.58113 16.05787
v 2.61421 -4.90886 14.76869
v 2.68573 -5.19415 13.48064
v 2.74774 -5.43922 12.19364
v 2.80017 -5.64641 10.90757
v 2.84320 -5.81814 9.62235
v 2.87727 -5.95697 8.33787
v 2.90303 -6.06558 7.05403
v 2.92137 -6.14683 5.77073
v 2.93337 -6.20382 4.48789
v 2.94026 -6.23992 3.20539
v 2.94338 -6.25894 1.92313
v 2.94422 -6.26544 0.64103
v 2.94048 -6.26543 -0.64103
v 2.91975 -6.25884 -1.92320
v 2.88568 -6.23957 -3.20572
v 2.84004 -6.20303 -4.48880
v 2.78364 -6.14538 -5.77267
v 2.71691 -6.06323 -7.05756
v 2.63999 -5.95346 -8.34369
v 2.55286 -5.81320 -9.63130
v 2.45531 -5.63974 -10.92060
v 2.34694 -5.43051 -12.21183
v 2.22718 -5.18307 -13.50520
v 2.09519 -4.89508 -14.80096
v 1.94980 -4.56429 -16.09931
v 1.78938 -4.18853 -17.40049
v 1.61157 -3.76568 -18.70473
v 1.41277 -3.29371 -20.01225
v 1.18710 -2.77063 -21.32328
v 0.92360 -2.19450 -22.63805
v 0.59581 -1.56344 -23.95677
v 0.02000 -0.87560 -25.27968
v -0.02000 -0.87560 -25.27968
v -0.59581 -1.56344 -23.95677
v -0.92360 -2.19450 -22.63805
v -1.18710 -2.77063 -21.32328
v -1.41277 -3.29371 -20.01225
v -1.61157 -3.76568 -18.70473
v -1.78938 -4.18853 -17.40049
v -1.94980 -4.56429 -16.09931
v -2.09519 -4.89508 -14.80096
v -2.22718 -5.18307 -13.50520
v -2.34694 -5.43051 -12.21183
v -2.45531 -5.63974 -10.92060
v -2.55286 -5.81320 -9.63130
v -2.63999 -5.95346 -8.34369
v -2.71691 -6.06323 -7.05756
v -2.78364 -6.14538 -5.77267
v -2.84004 -6.20303 -4.48880
v -2.88568 -6.23957 -3.20572
v -2.91975 -6.25884 -1.92320
v -2.94048 -6.26543 -0.64103
v -2.94422 -6.26544 0.64103
v -2.94338 -6.25894 1.92313
v -2.94026 -6.23992 3.20539
v -2.93337 -6.20382 4.48789
v -2.92137 -6.14683 5.77073
v -2.90303 -6.06558 7.05403
v -2.87727 -5.95697 8.33787
v -2.84320 -5.81814 9.62235
v -2.80017 -5.64641 10.90757
v -2.74774 -5.43922 12.19364
v -2.68573 -5.19415 13.48064
v -2.61421 -4.90886 14.76869
v -2.53356 -4.58113 16.05787
v -2.44440 -4.20877 17.34829
v -2.34755 -3.78972 18.64005
v -2.24389 -3.32192 19.93325
v -2.13394 -2.80340 21.22798
v -2.01654 -2.23225 22.52434
v -1.88335 -1.60657 23.82243
v -1.61934 -0.92454 25.12236
v 2.16335 -1.60657 23.82243
v 1.89934 -0.92454 25.12236
v 2.29654 -2.23225 22.52434
v 2.41394 -2.80340 21.22798
v 2.52389 -3.32192 19.93325
v 2.62755 -3.78972 18.64005
v 2.72440 -4.20877 17.34829
v 2.81356 -4.58113 16.05787
v 2.89421 -4.90886 14.76869
v 2.96573 -5.19415 13.48064
v 3.02774 -5.43922 12.19364
v 3.08017 -5.64641 10.90757
v 3.12320 -5.81814 9.62235
v 3.15727 -5.95697 8.33787
v 3.18303 -6.06558 7.05403
v 3.20137 -6.14683 5.77073
v 3.21337 -6.20382 4.48789
v 3.22026 -6.23992 3.20539
v 3.22338 -6.25894 1.92313
v 3.22422 -6.26544 0.64103
v 3.22048 -6.26543 -0.64103
v 3.19975 -6.25884 -1.92320
v 3.16568 -6.23957 -3.20572
v 3.12004 -6.20303 -4.48880
v 3.06364 -6.14538 -5.77267
v 2.99691 -6.06323 -7.05756
v 2.91999 -5.95346 -8.34369
v 2.83286 -5.81320 -9.63130
v 2.73531 -5.63974 -10.92060
v 2.62694 -5.43051 -12.21183
v 2.50718 -5.18307 -13.50520
v 2.37519 -4.89508 -14.80096
v 2.22980 -4.56429 -16.09931
v 2.06938 -4.18853 -17.40049
v 1.89157 -3.76568 -18.70473
v 1.69277 -3.29371 -20.01225
v 1.46710 -2.77063 -21.32328
v 1.20360 -2.19450 -22.63805
v 0.87581 -1.56344 -23.95677
v 0.28000 -0.87560 -25.27968
v -0.28000 -0.87560 -25.27968
v -0.87581 -1.56344 -23.95677
v -1.20360 -2.19450 -22.63805
v -1.46710 -2.77063 -21.32328
v -1.69277 -3.29371 -20.01225
v -1.89157 -3.76568 -18.70473
v -2.06938 -4.18853 -17.40049
v -2.22980 -4.56429 -16.09931
v -2.37519 -4.89508 -14.80096
v -2.50718 -5.18307 -13.50520
v -2.62694 -5.43051 -12.21183
v -2.73531 -5.63974 -10.92060
v -2.83286 -5.81320 -9.63130
v -2.91999 -5.95346 -8.34369
v -2.99691 -6.06323 -7.05756
v -3.06364 -6.14538 -5.77267
v -3.12004 -6.20303 -4.48880
v -3.16568 -6.23957 -3.20572
v -3.19975 -6.25884 -1.92320
v -3.22048 -6.26543 -0.64103
v -3.22422 -6.26544 0.64103
v -3.22338 -6.25894 1.92313
v -3.22026 -6.23992 3.20539
v -3.21337 -6.20382 4.48789
v -3.20137 -6.14683 5.77073
v -3.18303 -6.06558 7.05403
v -3.15727 -5.95697 8.33787
v -3.12320 -5.81814 9.62235
v -3.08017 -5.64641 10.90757
v -3.02774 -5.43922 12.19364
v -2.96573 -5.19415 13.48064
v -2.89421 -4.90886 14.76869
v -2.81356 -4.58113 16.05787
v -2.72440 -4.20877 17.34829
v -2.62755 -3.78972 18.64005
v -2.52389 -3.32192 19.93325
v -2.41394 -2.80340 21.22798
v -2.29654 -2.23225 22.52434
v -2.16335 -1.60657 23.82243
v -1.89934 -0.92454 25.12236
v 2.21059 -1.36983 23.87096
v 1.90071 -0.70374 25.17918
v 2.36692 -1.98096 22.56541
v 2.50473 -2.53892 21.26240
v 2.63378 -3.04552 19.96178
v 2.75545 -3.50264 18.66342
v 2.86913 -3.91220 17.36715
v 2.97378 -4.27618 16.07284
v 3.06844 -4.59661 14.78034
v 3.15238 -4.87560 13.48951
v 3.22517 -5.11533 12.20021
v 3.28672 -5.31805 10.91228
v 3.33722 -5.48613 9.62558
v 3.37720 -5.62206 8.33997
v 3.40744 -5.72844 7.05530
v 3.42898 -5.80808 5.77143
v 3.44306 -5.86396 4.48822
v 3.45114 -5.89940 3.20551
v 3.45481 -5.91810 1.92316
v 3.45579 -5.92450 0.64103
v 3.45140 -5.92449 -0.64103
v 3.42707 -5.91795 -1.92326
v 3.38708 -5.89888 -3.20599
v 3.33351 -5.86280 -4.48955
v 3.26731 -5.80595 -5.77426
v 3.18898 -5.72501 -7.06047
v 3.09871 -5.61693 -8.34850
v 2.99644 -5.47890 -9.63869
v 2.88193 -5.30828 -10.93136
v 2.75473 -5.10257 -12.22684
v 2.61416 -4.85938 -13.52548
v 2.45923 -4.57643 -14.82760
v 2.28859 -4.25153 -16.13352
v 2.10030 -3.88255 -17.44359
v 1.89159 -3.46744 -18.75814
v 1.65824 -3.00421 -20.07748
v 1.39337 -2.49092 -21.40197
v 1.08408 -1.92568 -22.73192
v 0.69933 -1.30667 -24.06768
v 0.02000 -0.63207 -25.40956
v -0.02000 -0.63207 -25.40956
v -0.69933 -1.30667 -24.06768
v -1.08408 -1.92568 -22.73192
v -1.39337 -2.49092 -21.40197
v -1.65824 -3.00421 -20.07748
v -1.89159 -3.46744 -18.75814
v -2.10030 -3.88255 -17.44359
v -2.28859 -4.25153 -16.13352
v -2.45923 -4.57643 -14.82760
v -2.61416 -4.85938 -13.52548
v -2.75473 -5.10257 -12.22684
v -2.88193 -5.30828 -10.93136
v -2.99644 -5.47890 -9.63869
v -3.09871 -5.61693 -8.34850
v -3.18898 -5.72501 -7.06047
v -3.26731 -5.80595 -5.77426
v -3.33351 -5.86280 -4.48955
v -3.38708 -5.89888 -3.20599
v -3.42707 -5.91795 -1.92326
v -3.45140 -5.92449 -0.64103
v -3.45579 -5.92450 0.64103
v -3.45481 -5.91810 1.92316
v -3.45114 -5.89940 3.20551
v -3.44306 -5.86396 4.48822
v -3.42898 -5.80808 5.77143
v -3.40744 -5.72844 7.05530
v -3.37720 -5.62206 8.33997
v -3.33722 -5.48613 9.62558
v -3.28672 -5.31805 10.91228
v -3.22517 -5.11533 12.20021
v -3.15238 -4.87560 13.48951
v -3.06844 -4.59661 14.78034
v -2.97378 -4.27618 16.07284
v -2.86913 -3.91220 17.36715
v -2.75545 -3.50264 18.66342
v -2.63378 -3.04552 19.96178
v -2.50473 -2.53892 21.26240
v -2.36692 -1.98096 22.56541
v -2.21059 -1.36983 23.87096
v -1.90071 -0.70374 25.17918
v 2.49059 -1.36983 23.87096
v 2.18071 -0.70374 25.17918
v 2.64692 -1.98096 22.56541
v 2.78473 -2.53892 21.26240
v 2.91378 -3.04552 19.96178
v 3.03545 -3.50264 18.66342
v 3.14913 -3.91220 17.36715
v 3.25378 -4.27618 16.07284
v 3.34844 -4.59661 14.78034
v 3.43238 -4.87560 13.48951
v 3.50517 -5.11533 12.20021
v 3.56672 -5.31805 10.91228
v 3.61722 -5.48613 9.62558
v 3.65720 -5.62206 8.33997
v 3.68744 -5.72844 7.05530
v 3.70898 -5.80808 5.77143
v 3.72306 -5.86396 4.48822
v 3.73114 -5.89940 3.20551
v 3.73481 -5.91810 1.92316
v 3.73579 -5.92450 0.64103
v 3.73140 -5.92449 -0.64103
v 3.70707 -5.91795 -1.92326
v 3.66708 -5.89888 -3.20599
v 3.61351 -5.86280 -4.48955
v 3.54731 -5.80595 -5.77426
v 3.46898 -5.72501 -7.06047
v 3.37871 -5.61693 -8.34850
v 3.27644 -5.47890 -9.63869
v 3.16193 -5.30828 -10.93136
v 3.03473 -5.10257 -12.22684
v 2.89416 -4.85938 -13.52548
v 2.73923 -4.57643 -14.82760
v 2.56859 -4.25153 -16.13352
v 2.38030 -3.88255 -17.44359
v 2.17159 -3.46744 -18.75814
v 1.93824 -3.00421 -20.07748
v 1.67337 -2.49092 -21.40197
v 1.36408 -1.92568 -22.73192
v 0.97933 -1.30667 -24.06768
v 0.28000 -0.63207 -25.40956
v -0.28000 -0.63207 -25.40956
v -0.97933 -1.30667 -24.06768
v -1.36408 -1.92568 -22.73192
v -1.67337 -2.49092 -21.40197
v -1.93824 -3.00421 -20.07748
v -2.17159 -3.46744 -18.75814
v -2.38030 -3.88255 -17.44359
v -2.56859 -4.25153 -16.13352
v -2.73923 -4.57643 -14.82760
v -2.89416 -4.85938 -13.52548
v -3.03473 -5.10257 -12.22684
v -3.16193 -5.30828 -10.93136
v -3.27644 -5.47890 -9.63869
v -3.37871 -5.61693 -8.34850
v -3.46898 -5.72501 -7.06047
v -3.54731 -5.80595 -5.77426
v -3.61351 -5.86280 -4.48955
v -3.66708 -5.89888 -3.20599
v -3.70707 -5.91795 -1.92326
v -3.73140 -5.92449 -0.64103
v -3.73579 -5.92450 0.64103
v -3.73481 -5.91810 1.92316
v -3.73114 -5.89940 3.20551
v -3.72306 -5.86396 4.48822
v -3.70898 -5.80808 5.77143
v -3.68744 -5.72844 7.05530
v -3.65720 -5.62206 8.33997
v -3.61722 -5.48613 9.62558
v -3.56672 -5.31805 10.91228
v -3.50517 -5.11533 12.20021
v -3.43238 -4.87560 13.48951
v -3.34844 -4.59661 14.78034
v -3.25378 -4.27618 16.07284
v -3.14913 -3.91220 17.36715
v -3.03545 -3.50264 18.66342
v -2.91378 -3.04552 19.96178
v -2.78473 -2.53892 21.26240
v -2.64692 -1.98096 22.56541
v -2.49059 -1.36983 23.87096
v -2.18071 -0.70374 25.17918
v 2.51582 -1.10061 23.92614
v 2.16315 -0.45264 25.24381
v 2.69374 -1.69520 22.61212
v 2.85057 -2.23814 21.30155
v 2.99745 -2.73119 19.99424
v 3.13592 -3.17617 18.68998
v 3.26529 -3.57494 17.38859
v 3.38440 -3.92940 16.08986
v 3.49213 -4.24152 14.79360
v 3.58766 -4.51335 13.49960
v 3.67050 -4.74699 12.20768
v 3.74054 -4.94463 10.91763
v 3.79802 -5.10857 9.62926
v 3.84352 -5.24119 8.34236
v 3.87794 -5.34505 7.05675
v 3.90244 -5.42284 5.77223
v 3.91847 -5.47748 4.48859
v 3.92767 -5.51216 3.20564
v 3.93185 -5.53049 1.92319
v 3.93296 -5.53678 0.64103
v 3.92796 -5.53676 -0.64104
v 3.90028 -5.53028 -1.92333
v 3.85477 -5.51145 -3.20630
v 3.79379 -5.47590 -4.49040
v 3.71846 -5.41995 -5.77608
v 3.62931 -5.34037 -7.06379
v 3.52657 -5.23421 -8.35397
v 3.41018 -5.09872 -9.64709
v 3.27986 -4.93134 -10.94359
v 3.13510 -4.72963 -12.24392
v 2.97512 -4.49128 -13.54854
v 2.79880 -4.21406 -14.85789
v 2.60459 -3.89585 -16.17243
v 2.39030 -3.53459 -17.49260
v 2.15277 -3.12828 -18.81886
v 1.88721 -2.67498 -20.15166
v 1.58576 -2.17283 -21.49145
v 1.23376 -1.61998 -22.83868
v 0.79589 -1.01466 -24.19381
v 0.02000 -0.35512 -25.55727
v -0.02000 -0.35512 -25.55727
v -0.79589 -1.01466 -24.19381
v -1.23376 -1.61998 -22.83868
v -1.58576 -2.17283 -21.49145
v -1.88721 -2.67498 -20.15166
v -2.15277 -3.12828 -18.81886
v -2.39030 -3.53459 -17.49260
v -2.60459 -3.89585 -16.17243
v -2.79880 -4.21406 -14.85789
v -2.97512 -4.49128 -13.54854
v -3.13510 -4.72963 -12.24392
v -3.27986 -4.93134 -10.94359
v -3.41018 -5.09872 -9.64709
v -3.52657 -5.23421 -8.35397
v -3.62931 -5.34037 -7.06379
v -3.71846 -5.41995 -5.77608
v -3.79379 -5.47590 -4.49040
v -3.85477 -5.51145 -3.20630
v -3.90028 -5.53028 -1.92333
v -3.92796 -5.53676 -0.64104
v -3.93296 -5.53678 0.64103
v -3.93185 -5.53049 1.92319
v -3.92767 -5.51216 3.20564
v -3.91847 -5.47748 4.48859
v -3.90244 -5.42284 5.77223
v -3.87794 -5.34505 7.05675
v -3.84352 -5.24119 8.34236
v -3.79802 -5.10857 9.62926
v -3.74054 -4.94463 10.91763
v -3.67050 -4.74699 12.20768
v -3.58766 -4.51335 13.49960
v -3.49213 -4.24152 14.79360
v -3.38440 -3.92940 16.08986
v -3.26529 -3.57494 17.38859
v -3.13592 -3.17617 18.68998
v -2.99745 -2.73119 19.99424
v -2.85057 -2.23814 21.30155
v -2.69374 -1.69520 22.61212
v -2.51582 -1.10061 23.92614
v -2.16315 -0.45264 25.24381
v 2.79582 -1.10061 23.92614
v 2.44315 -0.45264 25.24381
v 2.97374 -1.69520 22.61212
v 3.13057 -2.23814 21.30155
v 3.27745 -2.73119 19.99424
v 3.41592 -3.17617 18.68998
v 3.54529 -3.57494 17.38859
v 3.66440 -3.92940 16.08986
v 3.77213 -4.24152 14.79360
v 3.86766 -4.51335 13.49960
v 3.95050 -4.74699 12.20768
v 4.02054 -4.94463 10.91763
v 4.07802 -5.10857 9.62926
v 4.12352 -5.24119 8.34236
v 4.15794 -5.34505 7.05675
v 4.18244 -5.42284 5.77223
v 4.19847 -5.47748 4.48859
v 4.20767 -5.51216 3.20564
v 4.21185 -5.53049 1.92319
v 4.21296 -5.53678 0.64103
v 4.20796 -5.53676 -0.64104
v 4.18028 -5.53028 -1.92333
v 4.13477 -5.51145 -3.20630
v 4.07379 -5.47590 -4.49040
v 3.99846 -5.41995 -5.77608
v 3.90931 -5.34037 -7.06379
v 3.80657 -5.23421 -8.35397
v 3.69018 -5.09872 -9.64709
v 3.55986 -4.93134 -10.94359
v 3.41510 -4.72963 -12.24392
v 3.25512 -4.49128 -13.54854
v 3.07880 -4.21406 -14.85789
v 2.88459 -3.89585 -16.17243
v 2.67030 -3.53459 -17.49260
v 2.43277 -3.12828 -18.81886
v 2.16721 -2.67498 -20.15166
v 1.86576 -2.17283 -21.49145
v 1.51376 -1.61998 -22.83868
v 1.07589 -1.01466 -24.19381
v 0.28000 -0.35512 -25.55727
v -0.28000 -0.35512 -25.55727
v -1.07589 -1.01466 -24.19381
v -1.51376 -1.61998 -22.83868
v -1.86576 -2.17283 -21.49145
v -2.16721 -2.67498 -20.15166
v -2.43277 -3.12828 -18.81886
v -2.67030 -3.53459 -17.49260
v -2.88459 -3.89585 -16.17243
v -3.07880 -4.21406 -14.85789
v -3.25512 -4.49128 -13.54854
v -3.41510 -4.72963 -12.24392
v -3.55986 -4.93134 -10.94359
v -3.69018 -5.09872 -9.64709
v -3.80657 -5.23421 -8.35397
v -3.90931 -5.34037 -7.06379
v -3.99846 -5.41995 -5.77608
v -4.07379 -5.47590 -4.49040
v -4.13477 -5.51145 -3.20630
v -4.18028 -5.53028 -1.92333
v -4.20796 -5.53676 -0.64104
v -4.21296 -5.53678 0.64103
v -4.21185 -5.53049 1.92319
v -4.20767 -5.51216 3.20564
v -4.19847 -5.47748 4.48859
v -4.18244 -5.42284 5.77223
v -4.15794 -5.34505 7.05675
v -4.12352 -5.24119 8.34236
v -4.07802 -5.10857 9.62926
v -4.02054 -4.94463 10.91763
v -3.95050 -4.74699 12.20768
v -3.86766 -4.51335 13.49960
v -3.77213 -4.24152 14.79360
v -3.66440 -3.92940 16.08986
v -3.54529 -3.57494 17.38859
v -3.41592 -3.17617 18.68998
v -3.27745 -2.73119 19.99424
v -3.13057 -2.23814 21.30155
v -2.97374 -1.69520 22.61212
v -2.79582 -1.10061 23.92614
v -2.44315 -0.45264 25.24381
v 2.80016 -0.80565 23.98659
v 2.40764 -0.17754 25.31460
v 2.99819 -1.38211 22.66329
v 3.17275 -1.90860 21.34444
v 3.33622 -2.38681 20.02979
v 3.49034 -2.81849 18.71909
v 3.63434 -3.20542 17.41208
v 3.76690 -3.54945 16.10851
v 3.88681 -3.85248 14.80812
v 3.99314 -4.11646 13.51066
v 4.08535 -4.34344 12.21586
v 4.16330 -4.53551 10.92349
v 4.22728 -4.69490 9.63328
v 4.27792 -4.82391 8.34499
v 4.31622 -4.92500 7.05834
v 4.34350 -5.00077 5.77310
v 4.36134 -5.05404 4.48900
v 4.37157 -5.08789 3.20579
v 4.37623 -5.10581 1.92322
v 4.37747 -5.11198 0.64103
v 4.37190 -5.11196 -0.64104
v 4.34109 -5.10555 -1.92340
v 4.29044 -5.08698 -3.20664
v 4.22257 -5.05200 -4.49134
v 4.13872 -4.99704 -5.77807
v 4.03950 -4.91897 -7.06742
v 3.92515 -4.81490 -8.35997
v 3.79560 -4.68220 -9.65630
v 3.65055 -4.51836 -10.95699
v 3.48943 -4.32104 -12.26264
v 3.31137 -4.08798 -13.57381
v 3.11512 -3.81705 -14.89108
v 2.89897 -3.50617 -16.21506
v 2.66046 -3.15336 -17.54630
v 2.39608 -2.75669 -18.88540
v 2.10050 -2.31428 -20.23294
v 1.76498 -1.82433 -21.58949
v 1.37320 -1.28506 -22.95565
v 0.88584 -0.69474 -24.33199
v 0.02000 -0.05169 -25.71910
v -0.02000 -0.05169 -25.71910
v -0.88584 -0.69474 -24.33199
v -1.37320 -1.28506 -22.95565
v -1.76498 -1.82433 -21.58949
v -2.10050 -2.31428 -20.23294
v -2.39608 -2.75669 -18.88540
v -2.66046 -3.15336 -17.54630
v -2.89897 -3.50617 -16.21506
v -3.11512 -3.81705 -14.89108
v -3.31137 -4.08798 -13.57381
v -3.48943 -4.32104 -12.26264
v -3.65055 -4.51836 -10.95699
v -3.79560 -4.68220 -9.65630
v -3.92515 -4.81490 -8.35997
v -4.03950 -4.91897 -7.06742
v -4.13872 -4.99704 -5.77807
v -4.22257 -5.05200 -4.49134
v -4.29044 -5.08698 -3.20664
v -4.34109 -5.10555 -1.92340
v -4.37190 -5.11196 -0.64104
v -4.37747 -5.11198 0.64103
v -4.37623 -5.10581 1.92322
v -4.37157 -5.08789 3.20579
v -4.36134 -5.05404 4.48900
v -4.34350 -5.00077 5.77310
v -4.31622 -4.92500 7.05834
v -4.27792 -4.82391 8.34499
v -4.22728 -4.69490 9.63328
v -4.16330 -4.53551 10.92349
v -4.08535 -4.34344 12.21586
v -3.99314 -4.11646 13.51066
v -3.88681 -3.85248 14.80812
v -3.76690 -3.54945 16.10851
v -3.63434 -3.20542 17.41208
v -3.49034 -2.81849 18.71909
v -3.33622 -2.38681 20.02979
v -3.17275 -1.90860 21.34444
v -2.99819 -1.38211 22.66329
v -2.80016 -0.80565 23.98659
v -2.40764 -0.17754 25.31460
v 3.08016 -0.80565 23.98659
v 2.68764 -0.17754 25.31460
v 3.27819 -1.38211 22.66329
v 3.45275 -1.90860 21.34444
v 3.61622 -2.38681 20.02979
v 3.77034 -2.81849 18.71909
v 3.91434 -3.20542 17.41208
v 4.04690 -3.54945 16.10851
v 4.16681 -3.85248 14.80812
v 4.27314 -4.11646 13.51066
v 4.36535 -4.34344 12.21586
v 4.44330 -4.53551 10.92349
v 4.50728 -4.69490 9.63328
v 4.55792 -4.82391 8.34499
v 4.59622 -4.92500 7.05834
v 4.62350 -5.00077 5.77310
v 4.64134 -5.05404 4.48900
v 4.65157 -5.08789 3.20579
v 4.65623 -5.10581 1.92322
v 4.65747 -5.11198 0.64103
v 4.65190 -5.11196 -0.64104
v 4.62109 -5.10555 -1.92340
v 4.57044 -5.08698 -3.20664
v 4.50257 -5.05200 -4.49134
v 4.41872 -4.99704 -5.77807
v 4.31950 -4.91897 -7.06742
v 4.20515 -4.81490 -8.35997
v 4.07560 -4.68220 -9.65630
v 3.93055 -4.51836 -10.95699
v 3.76943 -4.32104 -12.26264
v 3.59137 -4.08798 -13.57381
v 3.39512 -3.81705 -14.89108
v 3.17897 -3.50617 -16.21506
v 2.94046 -3.15336 -17.54630
v 2.67608 -2.75669 -18.88540
v 2.38050 -2.31428 -20.23294
v 2.04498 -1.82433 -21.58949
v 1.65320 -1.28506 -22.95565
v 1.16584 -0.69474 -24.33199
v 0.28000 -0.05169 -25.71910
v -0.28000 -0.05169 -25.71910
v -1.16584 -0.69474 -24.33199
v -1.65320 -1.28506 -22.95565
v -2.04498 -1.82433 -21.58949
v -2.38050 -2.31428 -20.23294
v -2.67608 -2.75669 -18.88540
v -2.94046 -3.15336 -17.54630
v -3.17897 -3.50617 -16.21506
v -3.39512 -3.81705 -14.89108
v -3.59137 -4.08798 -13.57381
v -3.76943 -4.32104 -12.26264
v -3.93055 -4.51836 -10.95699
v -4.07560 -4.68220 -9.65630
v -4.20515 -4.81490 -8.35997
v -4.31950 -4.91897 -7.06742
v -4.41872 -4.99704 -5.77807
v -4.50257 -5.05200 -4.49134
v -4.57044 -5.08698 -3.20664
v -4.62109 -5.10555 -1.92340
v -4.65190 -5.11196 -0.64104
v -4.65747 -5.11198 0.64103
v -4.65623 -5.10581 1.92322
v -4.65157 -5.08789 3.20579
v -4.64134 -5.05404 4.48900
v -4.62350 -5.00077 5.77310
v -4.59622 -4.92500 7.05834
v -4.55792 -4.82391 8.34499
v -4.50728 -4.69490 9.63328
v -4.44330 -4.53551 10.92349
v -4.36535 -4.34344 12.21586
v -4.27314 -4.11646 13.51066
v -4.16681 -3.85248 14.80812
v -4.04690 -3.54945 16.10851
v -3.91434 -3.20542 17.41208
v -3.77034 -2.81849 18.71909
v -3.61622 -2.38681 20.02979
v -3.45275 -1.90860 21.34444
v -3.27819 -1.38211 22.66329
v -3.08016 -0.80565 23.98659
v -2.68764 -0.17754 25.31460
v 3.06548 -0.49038 24.05121
v 2.63576 0.11650 25.39028
v 3.28227 -1.04748 22.71798
v 3.47337 -1.55639 21.39029
v 3.65233 -2.01874 20.06780
v 3.82105 -2.43620 18.75021
v 3.97869 -2.81049 17.43719
v 4.12382 -3.14337 16.12844
v 4.25509 -3.43667 14.82364
v 4.37149 -3.69227 13.52247
v 4.47243 -3.91212 12.22461
v 4.55777 -4.09824 10.92976
v 4.62781 -4.25277 9.63759
v 4.68325 -4.37792 8.34779
v 4.72519 -4.47605 7.06004
v 4.75505 -4.54966 5.77403
v 4.77458 -4.60146 4.48944
v 4.78578 -4.63443 3.20595
v 4.79087 -4.65192 1.92325
v 4.79223 -4.65796 0.64103
v 4.78614 -4.65794 -0.64104
v 4.75241 -4.65159 -1.92348
v 4.69696 -4.63330 -3.20701
v 4.62266 -4.59893 -4.49234
v 4.53087 -4.54504 -5.78019
v 4.42224 -4.46856 -7.07130
v 4.29705 -4.36674 -8.36637
v 4.15523 -4.23701 -9.66614
v 3.99644 -4.07696 -10.97132
v 3.82005 -3.88433 -12.28264
v 3.62512 -3.65693 -13.60081
v 3.41028 -3.39271 -14.92656
v 3.17364 -3.08967 -16.26062
v 2.91254 -2.74590 -17.60369
v 2.62311 -2.35953 -18.95651
v 2.29953 -1.92876 -20.31980
v 1.93221 -1.45185 -21.69428
v 1.50332 -0.92708 -23.08067
v 0.96978 -0.35280 -24.47969
v 0.02000 0.27261 -25.89206
v -0.02000 0.27261 -25.89206
v -0.96978 -0.35280 -24.47969
v -1.50332 -0.92708 -23.08067
v -1.93221 -1.45185 -21.69428
v -2.29953 -1.92876 -20.31980
v -2.62311 -2.35953 -18.95651
v -2.91254 -2.74590 -17.60369
v -3.17364 -3.08967 -16.26062
v -3.41028 -3.39271 -14.92656
v -3.62512 -3.65693 -13.60081
v -3.82005 -3.88433 -12.28264
v -3.99644 -4.07696 -10.97132
v -4.15523 -4.23701 -9.66614
v -4.29705 -4.36674 -8.36637
v -4.42224 -4.46856 -7.07130
v -4.53087 -4.54504 -5.78019
v -4.62266 -4.59893 -4.49234
v -4.69696 -4.63330 -3.20701
v -4.75241 -4.65159 -1.92348
v -4.78614 -4.65794 -0.64104
v -4.79223 -4.65796 0.64103
v -4.79087 -4.65192 1.92325
v -4.78578 -4.63443 3.20595
v -4.77458 -4.60146 4.48944
v -4.75505 -4.54966 5.77403
v -4.72519 -4.47605 7.06004
v -4.68325 -4.37792 8.34779
v -4.62781 -4.25277 9.63759
v -4.55777 -4.09824 10.92976
v -4.47243 -3.91212 12.22461
v -4.37149 -3.69227 13.52247
v -4.25509 -3.43667 14.82364
v -4.12382 -3.14337 16.12844
v -3.97869 -2.81049 17.43719
v -3.82105 -2.43620 18.75021
v -3.65233 -2.01874 20.06780
v -3.47337 -1.55639 21.39029
v -3.28227 -1.04748 22.71798
v -3.06548 -0.49038 24.05121
v -2.63576 0.11650 25.39028
v 3.34548 -0.49038 24.05121
v 2.91576 0.11650 25.39028
v 3.56227 -1.04748 22.71798
v 3.75337 -1.55639 21.39029
v 3.93233 -2.01874 20.06780
v 4.10105 -2.43620 18.75021
v 4.25869 -2.81049 17.43719
v 4.40382 -3.14337 16.12844
v 4.53509 -3.43667 14.82364
v 4.65149 -3.69227 13.52247
v 4.75243 -3.91212 12.22461
v 4.83777 -4.09824 10.92976
v 4.90781 -4.25277 9.63759
v 4.96325 -4.37792 8.34779
v 5.00519 -4.47605 7.06004
v 5.03505 -4.54966 5.77403
v 5.05458 -4.60146 4.48944
v 5.06578 -4.63443 3.20595
v 5.07087 -4.65192 1.92325
v 5.07223 -4.65796 0.64103
v 5.06614 -4.65794 -0.64104
v 5.03241 -4.65159 -1.92348
v 4.97696 -4.63330 -3.20701
v 4.90266 -4.59893 -4.49234
v 4.81087 -4.54504 -5.78019
v 4.70224 -4.46856 -7.07130
v 4.57705 -4.36674 -8.36637
v 4.43523 -4.23701 -9.66614
v 4.27644 -4.07696 -10.97132
v 4.10005 -3.88433 -12.28264
v 3.90512 -3.65693 -13.60081
v 3.69028 -3.39271 -14.92656
v 3.45364 -3.08967 -16.26062
v 3.19254 -2.74590 -17.60369
v 2.90311 -2.35953 -18.95651
v 2.57953 -1.92876 -20.31980
v 2.21221 -1.45185 -21.69428
v 1.78332 -0.92708 -23.08067
v 1.24978 -0.35280 -24.47969
v 0.28000 0.27261 -25.89206
v -0.28000 0.27261 -25.89206
v -1.24978 -0.35280 -24.47969
v -1.78332 -0.92708 -23.08067
v -2.21221 -1.45185 -21.69428
v -2.57953 -1.92876 -20.31980
v -2.90311 -2.35953 -18.95651
v -3.19254 -2.74590 -17.60369
v -3.45364 -3.08967 -16.26062
v -3.69028 -3.39271 -14.92656
v -3.90512 -3.65693 -13.60081
v -4.10005 -3.88433 -12.28264
v -4.27644 -4.07696 -10.97132
v -4.43523 -4.23701 -9.66614
v -4.57705 -4.36674 -8.36637
v -4.70224 -4.46856 -7.07130
v -4.81087 -4.54504 -5.78019
v -4.90266 -4.59893 -4.49234
v -4.97696 -4.63330 -3.20701
v -5.03241 -4.65159 -1.92348
v -5.06614 -4.65794 -0.64104
v -5.07223 -4.65796 0.64103
v -5.07087 -4.65192 1.92325
v -5.06578 -4.63443 3.20595
v -5.05458 -4.60146 4.48944
v -5.03505 -4.54966 5.77403
v -5.00519 -4.47605 7.06004
v -4.96325 -4.37792 8.34779
v -4.90781 -4.25277 9.63759
v -4.83777 -4.09824 10.92976
v -4.75243 -3.91212 12.22461
v -4.65149 -3.69227 13.52247
v -4.53509 -3.43667 14.82364
v -4.40382 -3.14337 16.12844
v -4.25869 -2.81049 17.43719
v -4.10105 -2.43620 18.75021
v -3.93233 -2.01874 20.06780
v -3.75337 -1.55639 21.39029
v -3.56227 -1.04748 22.71798
v -3.34548 -0.49038 24.05121
v -2.91576 0.11650 25.39028
v 3.31374 -0.15914 24.11910
v 2.84922 0.42545 25.46978
v 3.54810 -0.69589 22.77545
v 3.75467 -1.18632 21.43845
v 3.94812 -1.63200 20.10773
v 4.13051 -2.03452 18.78290
v 4.30092 -2.39553 17.46357
v 4.45780 -2.71670 16.14939
v 4.59970 -2.99978 14.83995
v 4.72553 -3.24656 13.53488
v 4.83464 -3.45893 12.23381
v 4.92690 -3.63880 10.93634
v 5.00261 -3.78822 9.64211
v 5.06254 -3.90932 8.35073
v 5.10787 -4.00433 7.06182
v 5.14015 -4.07568 5.77500
v 5.16126 -4.12594 4.48990
v 5.17337 -4.15798 3.20612
v 5.17888 -4.17501 1.92329
v 5.18035 -4.18092 0.64103
v 5.17376 -4.18089 -0.64104
v 5.13730 -4.17461 -1.92357
v 5.07735 -4.15662 -3.20739
v 4.99704 -4.12290 -4.49339
v 4.89781 -4.07011 -5.78243
v 4.78039 -3.99532 -7.07538
v 4.64506 -3.89586 -8.37310
v 4.49176 -3.76926 -9.67648
v 4.32011 -3.61319 -10.98637
v 4.12943 -3.42548 -12.30365
v 3.91871 -3.20403 -13.62918
v 3.68647 -2.94686 -14.96384
v 3.43067 -2.65206 -16.30848
v 3.14842 -2.31778 -17.66399
v 2.83555 -1.94223 -19.03123
v 2.48576 -1.52369 -20.41107
v 2.08870 -1.06048 -21.80438
v 1.62507 -0.55096 -23.21202
v 1.04832 0.00647 -24.63487
v 0.02000 0.61336 -26.07379
v -0.02000 0.61336 -26.07379
v -1.04832 0.00647 -24.63487
v -1.62507 -0.55096 -23.21202
v -2.08870 -1.06048 -21.80438
v -2.48576 -1.52369 -20.41107
v -2.83555 -1.94223 -19.03123
v -3.14842 -2.31778 -17.66399
v -3.43067 -2.65206 -16.30848
v -3.68647 -2.94686 -14.96384
v -3.91871 -3.20403 -13.62918
v -4.12943 -3.42548 -12.30365
v -4.32011 -3.61319 -10.98637
v -4.49176 -3.76926 -9.67648
v -4.64506 -3.89586 -8.37310
v -4.78039 -3.99532 -7.07538
v -4.89781 -4.07011 -5.78243
v -4.99704 -4.12290 -4.49339
v -5.07735 -4.15662 -3.20739
v -5.13730 -4.17461 -1.92357
v -5.17376 -4.18089 -0.64104
v -5.18035 -4.18092 0.64103
v -5.17888 -4.17501 1.92329
v -5.17337 -4.15798 3.20612
v -5.16126 -4.12594 4.48990
v -5.14015 -4.07568 5.77500
v -5.10787 -4.00433 7.06182
v -5.06254 -3.90932 8.35073
v -5.00261 -3.78822 9.64211
v -4.92690 -3.63880 10.93634
v -4.83464 -3.45893 12.23381
v -4.72553 -3.24656 13.53488
v -4.59970 -2.99978 14.83995
v -4.45780 -2.71670 16.14939
v -4.30092 -2.39553 17.46357
v -4.13051 -2.03452 18.78290
v -3.94812 -1.63200 20.10773
v -3.75467 -1.18632 21.43845
v -3.54810 -0.69589 22.77545
v -3.31374 -0.15914 24.11910
v -2.84922 0.42545 25.46978
v 3.59374 -0.15914 24.11910
v 3.12922 0.42545 25.46978
v 3.82810 -0.69589 22.77545
v 4.03467 -1.18632 21.43845
v 4.22812 -1.63200 20.10773
v 4.41051 -2.03452 18.78290
v 4.58092 -2.39553 17.46357
v 4.73780 -2.71670 16.14939
v 4.87970 -2.99978 14.83995
v 5.00553 -3.24656 13.53488
v 5.11464 -3.45893 12.23381
v 5.20690 -3.63880 10.93634
v 5.28261 -3.78822 9.64211
v 5.34254 -3.90932 8.35073
v 5.38787 -4.00433 7.06182
v 5.42015 -4.07568 5.77500
v 5.44126 -4.12594 4.48990
v 5.45337 -4.15798 3.20612
v 5.45888 -4.17501 1.92329
v 5.46035 -4.18092 0.64103
v 5.45376 -4.18089 -0.64104
v 5.41730 -4.17461 -1.92357
v 5.35735 -4.15662 -3.20739
v 5.27704 -4.12290 -4.49339
v 5.17781 -4.07011 -5.78243
v 5.06039 -3.99532 -7.07538
v 4.92506 -3.89586 -8.37310
v 4.77176 -3.76926 -9.67648
v 4.60011 -3.61319 -10.98637
v 4.40943 -3.42548 -12.30365
v 4.19871 -3.20403 -13.62918
v 3.96647 -2.94686 -14.96384
v 3.71067 -2.65206 -16.30848
v 3.42842 -2.31778 -17.66399
v 3.11555 -1.94223 -19.03123
v 2.76576 -1.52369 -20.41107
v 2.36870 -1.06048 -21.80438
v 1.90507 -0.55096 -23.21202
v 1.32832 0.00647 -24.63487
v 0.28000 0.61336 -26.07379
v -0.28000 0.61336 -26.07379
v -1.32832 0.00647 -24.63487
v -1.90507 -0.55096 -23.21202
v -2.36870 -1.06048 -21.80438
v -2.76576 -1.52369 -20.41107
v -3.11555 -1.94223 -19.03123
v -3.42842 -2.31778 -17.66399
v -3.71067 -2.65206 -16.30848
v -3.96647 -2.94686 -14.96384
v -4.19871 -3.20403 -13.62918
v -4.40943 -3.42548 -12.30365
v -4.60011 -3.61319 -10.98637
v -4.77176 -3.76926 -9.67648
v -4.92506 -3.89586 -8.37310
v -5.06039 -3.99532 -7.07538
v -5.17781 -4.07011 -5.78243
v -5.27704 -4.12290 -4.49339
v -5.35735 -4.15662 -3.20739
v -5.41730 -4.17461 -1.92357
v -5.45376 -4.18089 -0.64104
v -5.46035 -4.18092 0.64103
v -5.45888 -4.17501 1.92329
v -5.45337 -4.15798 3.20612
v -5.44126 -4.12594 4.48990
v -5.42015 -4.07568 5.77500
v -5.38787 -4.00433 7.06182
v -5.34254 -3.90932 8.35073
v -5.28261 -3.78822 9.64211
v -5.20690 -3.63880 10.93634
v -5.11464 -3.45893 12.23381
v -5.00553 -3.24656 13.53488
v -4.87970 -2.99978 14.83995
v -4.73780 -2.71670 16.14939
v -4.58092 -2.39553 17.46357
v -4.41051 -2.03452 18.78290
v -4.22812 -1.63200 20.10773
v -4.03467 -1.18632 21.43845
v -3.82810 -0.69589 22.77545
v -3.59374 -0.15914 24.11910
v -3.12922 0.42545 25.46978
v 3.54690 0.18481 24.18960
v 3.04969 0.74624 25.55234
v 3.79774 -0.33081 22.83512
v 4.01884 -0.80207 21.48847
v 4.22591 -1.23044 20.14919
v 4.42113 -1.61745 18.81684
v 4.60353 -1.96465 17.49097
v 4.77145 -2.27366 16.17113
v 4.92333 -2.54613 14.85688
v 5.05801 -2.78377 13.54777
v 5.17481 -2.98836 12.24335
v 5.27355 -3.16175 10.94318
v 5.35459 -3.30586 9.64681
v 5.41874 -3.42274 8.35379
v 5.46726 -3.51453 7.06368
v 5.50181 -3.58352 5.77602
v 5.52440 -3.63219 4.49037
v 5.53737 -3.66326 3.20629
v 5.54326 -3.67982 1.92333
v 5.54484 -3.68559 0.64103
v 5.53778 -3.68555 -0.64105
v 5.49876 -3.67935 -1.92365
v 5.43459 -3.66166 -3.20779
v 5.34863 -3.62861 -4.49448
v 5.24242 -3.57697 -5.78475
v 5.11674 -3.50394 -7.07961
v 4.97189 -3.40692 -8.38009
v 4.80779 -3.28356 -9.68722
v 4.62407 -3.13163 -11.00200
v 4.41998 -2.94903 -12.32547
v 4.19443 -2.73376 -13.65864
v 3.94585 -2.48392 -15.00254
v 3.67205 -2.19767 -16.35819
v 3.36994 -1.87324 -17.72661
v 3.03506 -1.50894 -19.10882
v 2.66066 -1.10309 -20.50584
v 2.23566 -0.65411 -21.91870
v 1.73941 -0.16041 -23.34841
v 1.12208 0.37952 -24.79600
v 0.02000 0.96717 -26.26249
v -0.02000 0.96717 -26.26249
v -1.12208 0.37952 -24.79600
v -1.73941 -0.16041 -23.34841
v -2.23566 -0.65411 -21.91870
v -2.66066 -1.10309 -20.50584
v -3.03506 -1.50894 -19.10882
v -3.36994 -1.87324 -17.72661
v -3.67205 -2.19767 -16.35819
v -3.94585 -2.48392 -15.00254
v -4.19443 -2.73376 -13.65864
v -4.41998 -2.94903 -12.32547
v -4.62407 -3.13163 -11.00200
v -4.80779 -3.28356 -9.68722
v -4.97189 -3.40692 -8.38009
v -5.11674 -3.50394 -7.07961
v -5.24242 -3.57697 -5.78475
v -5.34863 -3.62861 -4.49448
v -5.43459 -3.66166 -3.20779
v -5.49876 -3.67935 -1.92365
v -5.53778 -3.68555 -0.64105
v -5.54484 -3.68559 0.64103
v -5.54326 -3.67982 1.92333
v -5.53737 -3.66326 3.20629
v -5.52440 -3.63219 4.49037
v -5.50181 -3.58352 5.77602
v -5.46726 -3.51453 7.06368
v -5.41874 -3.42274 8.35379
v -5.35459 -3.30586 9.64681
v -5.27355 -3.16175 10.94318
v -5.17481 -2.98836 12.24335
v -5.05801 -2.78377 13.54777
v -4.92333 -2.54613 14.85688
v -4.77145 -2.27366 16.17113
v -4.60353 -1.96465 17.49097
v -4.42113 -1.61745 18.81684
v -4.22591 -1.23044 20.14919
v -4.01884 -0.80207 21.48847
v -3.79774 -0.33081 22.83512
v -3.54690 0.18481 24.18960
v -3.04969 0.74624 25.55234
v 3.82690 0.18481 24.18960
v 3.32969 0.74624 25.55234
v 4.07774 -0.33081 22.83512
v 4.29884 -0.80207 21.48847
v 4.50591 -1.23044 20.14919
v 4.70113 -1.61745 18.81684
v 4.88353 -1.96465 17.49097
v 5.05145 -2.27366 16.17113
v 5.20333 -2.54613 14.85688
v 5.33801 -2.78377 13.54777
v 5.45481 -2.98836 12.24335
v 5.55355 -3.16175 10.94318
v 5.63459 -3.30586 9.64681
v 5.69874 -3.42274 8.35379
v 5.74726 -3.51453 7.06368
v 5.78181 -3.58352 5.77602
v 5.80440 -3.63219 4.49037
v 5.81737 -3.66326 3.20629
v 5.82326 -3.67982 1.92333
v 5.82484 -3.68559 0.64103
v 5.81778 -3.68555 -0.64105
v 5.77876 -3.67935 -1.92365
v 5.71459 -3.66166 -3.20779
v 5.62863 -3.62861 -4.49448
v 5.52242 -3.57697 -5.78475
v 5.39674 -3.50394 -7.07961
v 5.25189 -3.40692 -8.38009
v 5.08779 -3.28356 -9.68722
v 4.90407 -3.13163 -11.00200
v 4.69998 -2.94903 -12.32547
v 4.47443 -2.73376 -13.65864
v 4.22585 -2.48392 -15.00254
v 3.95205 -2.19767 -16.35819
v 3.64994 -1.87324 -17.72661
v 3.31506 -1.50894 -19.10882
v 2.94066 -1.10309 -20.50584
v 2.51566 -0.65411 -21.91870
v 2.01941 -0.16041 -23.34841
v 1.40208 0.37952 -24.79600
v 0.28000 0.96717 -26.26249
v -0.28000 0.96717 -26.26249
v -1.40208 0.37952 -24.79600
v -2.01941 -0.16041 -23.34841
v -2.51566 -0.65411 -21.91870
v -2.94066 -1.10309 -20.50584
v -3.31506 -1.50894 -19.10882
v -3.64994 -1.87324 -17.72661
v -3.95205 -2.19767 -16.35819
v -4.22585 -2.48392 -15.00254
v -4.47443 -2.73376 -13.65864
v -4.69998 -2.94903 -12.32547
v -4.90407 -3.13163 -11.00200
v -5.08779 -3.28356 -9.68722
v -5.25189 -3.40692 -8.38009
v -5.39674 -3.50394 -7.07961
v -5.52242 -3.57697 -5.78475
v -5.62863 -3.62861 -4.49448
v -5.71459 -3.66166 -3.20779
v -5.77876 -3.67935 -1.92365
v -5.81778 -3.68555 -0.64105
v -5.82484 -3.68559 0.64103
v -5.82326 -3.67982 1.92333
v -5.81737 -3.66326 3.20629
v -5.80440 -3.63219 4.49037
v -5.78181 -3.58352 5.77602
v -5.74726 -3.51453 7.06368
v -5.69874 -3.42274 8.35379
v -5.63459 -3.30586 9.64681
v -5.55355 -3.16175 10.94318
v -5.45481 -2.98836 12.24335
v -5.33801 -2.78377 13.54777
v -5.20333 -2.54613 14.85688
v -5.05145 -2.27366 16.17113
v -4.88353 -1.96465 17.49097
v -4.70113 -1.61745 18.81684
v -4.50591 -1.23044 20.14919
v -4.29884 -0.80207 21.48847
v -4.07774 -0.33081 22.83512
v -3.82690 0.18481 24.18960
v -3.32969 0.74624 25.55234
v 3.76670 0.53898 24.26219
v 3.23868 1.07656 25.63735
v 4.03308 0.04512 22.89657
v 4.26789 -0.40638 21.53997
v 4.48779 -0.81693 20.19188
v 4.69511 -1.18797 18.85179
v 4.88881 -1.52097 17.51918
v 5.06713 -1.81745 16.19352
v 5.22843 -2.07899 14.87432
v 5.37146 -2.30722 13.56104
v 5.49549 -2.50380 12.25318
v 5.60036 -2.67051 10.95022
v 5.68642 -2.80917 9.65165
v 5.75454 -2.92171 8.35694
v 5.80606 -3.01017 7.06558
v 5.84275 -3.07673 5.77706
v 5.86675 -3.12375 4.49086
v 5.88052 -3.15383 3.20647
v 5.88678 -3.16990 1.92337
v 5.88845 -3.17553 0.64104
v 5.88096 -3.17549 -0.64105
v 5.83951 -3.16936 -1.92374
v 5.77138 -3.15199 -3.20820
v 5.68008 -3.11962 -4.49560
v 5.56729 -3.06918 -5.78713
v 5.43383 -2.99794 -7.08397
v 5.28000 -2.90345 -8.38729
v 5.10573 -2.78343 -9.69827
v 4.91062 -2.63576 -11.01809
v 4.69389 -2.45842 -12.34794
v 4.45436 -2.24951 -13.68898
v 4.19038 -2.00721 -15.04240
v 3.89961 -1.72977 -16.40937
v 3.57877 -1.41549 -17.79108
v 3.22314 -1.06276 -19.18871
v 2.82554 -0.66999 -20.60343
v 2.37421 -0.23565 -22.03642
v 1.84720 0.24175 -23.48886
v 1.19161 0.76366 -24.96193
v 0.02000 1.33151 -26.45680
v -0.02000 1.33151 -26.45680
v -1.19161 0.76366 -24.96193
v -1.84720 0.24175 -23.48886
v -2.37421 -0.23565 -22.03642
v -2.82554 -0.66999 -20.60343
v -3.22314 -1.06276 -19.18871
v -3.57877 -1.41549 -17.79108
v -3.89961 -1.72977 -16.40937
v -4.19038 -2.00721 -15.04240
v -4.45436 -2.24951 -13.68898
v -4.69389 -2.45842 -12.34794
v -4.91062 -2.63576 -11.01809
v -5.10573 -2.78343 -9.69827
v -5.28000 -2.90345 -8.38729
v -5.43383 -2.99794 -7.08397
v -5.56729 -3.06918 -5.78713
v -5.68008 -3.11962 -4.49560
v -5.77138 -3.15199 -3.20820
v -5.83951 -3.16936 -1.92374
v -5.88096 -3.17549 -0.64105
v -5.88845 -3.17553 0.64104
v -5.88678 -3.16990 1.92337
v -5.88052 -3.15383 3.20647
v -5.86675 -3.12375 4.49086
v -5.84275 -3.07673 5.77706
v -5.80606 -3.01017 7.06558
v -5.75454 -2.92171 8.35694
v -5.68642 -2.80917 9.65165
v -5.60036 -2.67051 10.95022
v -5.49549 -2.50380 12.25318
v -5.37146 -2.30722 13.56104
v -5.22843 -2.07899 14.87432
v -5.06713 -1.81745 16.19352
v -4.88881 -1.52097 17.51918
v -4.69511 -1.18797 18.85179
v -4.48779 -0.81693 20.19188
v -4.26789 -0.40638 21.53997
v -4.03308 0.04512 22.89657
v -3.76670 0.53898 24.26219
v -3.23868 1.07656 25.63735
v 4.04670 0.53898 24.26219
v 3.51868 1.07656 25.63735
v 4.31308 0.04512 22.89657
v 4.54789 -0.40638 21.53997
v 4.76779 -0.81693 20.19188
v 4.97511 -1.18797 18.85179
v 5.16881 -1.52097 17.51918
v 5.34713 -1.81745 16.19352
v 5.50843 -2.07899 14.87432
v 5.65146 -2.30722 13.56104
v 5.77549 -2.50380 12.25318
v 5.88036 -2.67051 10.95022
v 5.96642 -2.80917 9.65165
v 6.03454 -2.92171 8.35694
v 6.08606 -3.01017 7.06558
v 6.12275 -3.07673 5.77706
v 6.14675 -3.12375 4.49086
v 6.16052 -3.15383 3.20647
v 6.16678 -3.16990 1.92337
v 6.16845 -3.17553 0.64104
v 6.16096 -3.17549 -0.64105
v 6.11951 -3.16936 -1.92374
v 6.05138 -3.15199 -3.20820
v 5.96008 -3.11962 -4.49560
v 5.84729 -3.06918 -5.78713
v 5.71383 -2.99794 -7.08397
v 5.56000 -2.90345 -8.38729
v 5.38573 -2.78343 -9.69827
v 5.19062 -2.63576 -11.01809
v 4.97389 -2.45842 -12.34794
v 4.73436 -2.24951 -13.68898
v 4.47038 -2.00721 -15.04240
v 4.17961 -1.72977 -16.40937
v 3.85877 -1.41549 -17.79108
v 3.50314 -1.06276 -19.18871
v 3.10554 -0.66999 -20.60343
v 2.65421 -0.23565 -22.03642
v 2.12720 0.24175 -23.48886
v 1.47161 0.76366 -24.96193
v 0.28000 1.33151 -26.45680
v -0.28000 1.33151 -26.45680
v -1.47161 0.76366 -24.96193
v -2.12720 0.24175 -23.48886
v -2.65421 -0.23565 -22.03642
v -3.10554 -0.66999 -20.60343
v -3.50314 -1.06276 -19.18871
v -3.85877 -1.41549 -17.79108
v -4.17961 -1.72977 -16.40937
v -4.47038 -2.00721 -15.04240
v -4.73436 -2.24951 -13.68898
v -4.97389 -2.45842 -12.34794
v -5.19062 -2.63576 -11.01809
v -5.38573 -2.78343 -9.69827
v -5.56000 -2.90345 -8.38729
v -5.71383 -2.99794 -7.08397
v -5.84729 -3.06918 -5.78713
v -5.96008 -3.11962 -4.49560
v -6.05138 -3.15199 -3.20820
v -6.11951 -3.16936 -1.92374
v -6.16096 -3.17549 -0.64105
v -6.16845 -3.17553 0.64104
v -6.16678 -3.16990 1.92337
v -6.16052 -3.15383 3.20647
v -6.14675 -3.12375 4.49086
v -6.12275 -3.07673 5.77706
v -6.08606 -3.01017 7.06558
v -6.03454 -2.92171 8.35694
v -5.96642 -2.80917 9.65165
v -5.88036 -2.67051 10.95022
v -5.77549 -2.50380 12.25318
v -5.65146 -2.30722 13.56104
v -5.50843 -2.07899 14.87432
v -5.34713 -1.81745 16.19352
v -5.16881 -1.52097 17.51918
v -4.97511 -1.18797 18.85179
v -4.76779 -0.81693 20.19188
v -4.54789 -0.40638 21.53997
v -4.31308 0.04512 22.89657
v -4.04670 0.53898 24.26219
v -3.51868 1.07656 25.63735
v 3.97468 0.90147 24.33648
v 3.41751 1.41465 25.72436
v 4.25578 0.42988 22.95945
v 4.50355 -0.00141 21.59268
v 4.73559 -0.39372 20.23558
v 4.95435 -0.74841 18.88756
v 5.15875 -1.06687 17.54805
v 5.34692 -1.35054 16.21644
v 5.51712 -1.60089 14.89216
v 5.66805 -1.81947 13.57463
v 5.79893 -2.00787 12.26324
v 5.90959 -2.16773 10.95743
v 6.00040 -2.30080 9.65660
v 6.07228 -2.40890 8.36016
v 6.12665 -2.49396 7.06754
v 6.16537 -2.55804 5.77813
v 6.19069 -2.60338 4.49137
v 6.20522 -2.63244 3.20665
v 6.21182 -2.64801 1.92341
v 6.21358 -2.65349 0.64104
v 6.20568 -2.65345 -0.64105
v 6.16195 -2.64740 -1.92383
v 6.09005 -2.63034 -3.20862
v 5.99372 -2.59868 -4.49675
v 5.87470 -2.54946 -5.78958
v 5.73386 -2.48007 -7.08843
v 5.57154 -2.38816 -8.39465
v 5.38765 -2.27156 -9.70959
v 5.18176 -2.12824 -11.03456
v 4.95306 -1.95629 -12.37093
v 4.70031 -1.75389 -13.72003
v 4.42175 -1.51931 -15.08319
v 4.11493 -1.25088 -16.46176
v 3.77638 -0.94699 -17.85707
v 3.40111 -0.60611 -19.27047
v 2.98155 -0.22672 -20.70330
v 2.50530 0.19263 -22.15690
v 1.94919 0.65335 -23.63260
v 1.25741 1.15682 -25.13174
v 0.02000 1.70439 -26.65568
v -0.02000 1.70439 -26.65568
v -1.25741 1.15682 -25.13174
v -1.94919 0.65335 -23.63260
v -2.50530 0.19263 -22.15690
v -2.98155 -0.22672 -20.70330
v -3.40111 -0.60611 -19.27047
v -3.77638 -0.94699 -17.85707
v -4.11493 -1.25088 -16.46176
v -4.42175 -1.51931 -15.08319
v -4.70031 -1.75389 -13.72003
v -4.95306 -1.95629 -12.37093
v -5.18176 -2.12824 -11.03456
v -5.38765 -2.27156 -9.70959
v -5.57154 -2.38816 -8.39465
v -5.73386 -2.48007 -7.08843
v -5.87470 -2.54946 -5.78958
v -5.99372 -2.59868 -4.49675
v -6.09005 -2.63034 -3.20862
v -6.16195 -2.64740 -1.92383
v -6.20568 -2.65345 -0.64105
v -6.21358 -2.65349 0.64104
v -6.21182 -2.64801 1.92341
v -6.20522 -2.63244 3.20665
v -6.19069 -2.60338 4.49137
v -6.16537 -2.55804 5.77813
v -6.12665 -2.49396 7.06754
v -6.07228 -2.40890 8.36016
v -6.00040 -2.30080 9.65660
v -5.90959 -2.16773 10.95743
v -5.79893 -2.00787 12.26324
v -5.66805 -1.81947 13.57463
v -5.51712 -1.60089 14.89216
v -5.34692 -1.35054 16.21644
v -5.15875 -1.06687 17.54805
v -4.95435 -0.74841 18.88756
v -4.73559 -0.39372 20.23558
v -4.50355 -0.00141 21.59268
v -4.25578 0.42988 22.95945
v -3.97468 0.90147 24.33648
v -3.41751 1.41465 25.72436
v 4.25468 0.90147 24.33648
v 3.69751 1.41465 25.72436
v 4.53578 0.42988 22.95945
v 4.78355 -0.00141 21.59268
v 5.01559 -0.39372 20.23558
v 5.23435 -0.74841 18.88756
v 5.43875 -1.06687 17.54805
v 5.62692 -1.35054 16.21644
v 5.79712 -1.60089 14.89216
v 5.94805 -1.81947 13.57463
v 6.07893 -2.00787 12.26324
v 6.18959 -2.16773 10.95743
v 6.28040 -2.30080 9.65660
v 6.35228 -2.40890 8.36016
v 6.40665 -2.49396 7.06754
v 6.44537 -2.55804 5.77813
v 6.47069 -2.60338 4.49137
v 6.48522 -2.63244 3.20665
v 6.49182 -2.64801 1.92341
v 6.49358 -2.65349 0.64104
v 6.48568 -2.65345 -0.64105
v 6.44195 -2.64740 -1.92383
v 6.37005 -2.63034 -3.20862
v 6.27372 -2.59868 -4.49675
v 6.15470 -2.54946 -5.78958
v 6.01386 -2.48007 -7.08843
v 5.85154 -2.38816 -8.39465
v 5.66765 -2.27156 -9.70959
v 5.46176 -2.12824 -11.03456
v 5.23306 -1.95629 -12.37093
v 4.98031 -1.75389 -13.72003
v 4.70175 -1.51931 -15.08319
v 4.39493 -1.25088 -16.46176
v 4.05638 -0.94699 -17.85707
v 3.68111 -0.60611 -19.27047
v 3.26155 -0.22672 -20.70330
v 2.78530 0.19263 -22.15690
v 2.22919 0.65335 -23.63260
v 1.53741 1.15682 -25.13174
v 0.28000 1.70439 -26.65568
v -0.28000 1.70439 -26.65568
v -1.53741 1.15682 -25.13174
v -2.22919 0.65335 -23.63260
v -2.78530 0.19263 -22.15690
v -3.26155 -0.22672 -20.70330
v -3.68111 -0.60611 -19.27047
v -4.05638 -0.94699 -17.85707
v -4.39493 -1.25088 -16.46176
v -4.70175 -1.51931 -15.08319
v -4.98031 -1.75389 -13.72003
v -5.23306 -1.95629 -12.37093
v -5.46176 -2.12824 -11.03456
v -5.66765 -2.27156 -9.70959
v -5.85154 -2.38816 -8.39465
v -6.01386 -2.48007 -7.08843
v -6.15470 -2.54946 -5.78958
v -6.27372 -2.59868 -4.49675
v -6.37005 -2.63034 -3.20862
v -6.44195 -2.64740 -1.92383
v -6.48568 -2.65345 -0.64105
v -6.49358 -2.65349 0.64104
v -6.49182 -2.64801 1.92341
v -6.48522 -2.63244 3.20665
v -6.47069 -2.60338 4.49137
v -6.44537 -2.55804 5.77813
v -6.40665 -2.49396 7.06754
v -6.35228 -2.40890 8.36016
v -6.28040 -2.30080 9.65660
v -6.18959 -2.16773 10.95743
v -6.07893 -2.00787 12.26324
v -5.94805 -1.81947 13.57463
v -5.79712 -1.60089 14.89216
v -5.62692 -1.35054 16.21644
v -5.43875 -1.06687 17.54805
v -5.23435 -0.74841 18.88756
v -5.01559 -0.39372 20.23558
v -4.78355 -0.00141 21.59268
v -4.53578 0.42988 22.95945
v -4.25468 0.90147 24.33648
v -3.69751 1.41465 25.72436
v 4.17217 1.27081 24.41219
v 3.58732 1.75913 25.81301
v 4.46724 0.82192 23.02353
v 4.72732 0.41122 21.64639
v 4.97089 0.03750 20.28010
v 5.20052 -0.30053 18.92401
v 5.41507 -0.60417 17.57746
v 5.61260 -0.87478 16.23979
v 5.79126 -1.11374 14.91035
v 5.94968 -1.32250 13.58847
v 6.08707 -1.50255 12.27349
v 6.20322 -1.65545 10.96477
v 6.29854 -1.78282 9.66164
v 6.37400 -1.88640 8.36344
v 6.43107 -1.96799 7.06952
v 6.47171 -2.02954 5.77922
v 6.49829 -2.07316 4.49188
v 6.51354 -2.10118 3.20684
v 6.52047 -2.11625 1.92345
v 6.52232 -2.12158 0.64104
v 6.51403 -2.12153 -0.64106
v 6.46812 -2.11556 -1.92392
v 6.39265 -2.09883 -3.20904
v 6.29153 -2.06789 -4.49792
v 6.16660 -2.01990 -5.79207
v 6.01876 -1.95239 -7.09298
v 5.84837 -1.86311 -8.40216
v 5.65535 -1.75000 -9.72111
v 5.43924 -1.61112 -11.05135
v 5.19917 -1.44466 -12.39436
v 4.93386 -1.24889 -13.75166
v 4.64146 -1.02218 -15.12475
v 4.31939 -0.76293 -16.51513
v 3.96402 -0.46963 -17.92431
v 3.57011 -0.14081 -19.35379
v 3.12970 0.22494 -20.80507
v 2.62978 0.62901 -22.27966
v 2.04604 1.07274 -23.77906
v 1.31989 1.55742 -25.30478
v 0.02000 2.08434 -26.85831
v -0.02000 2.08434 -26.85831
v -1.31989 1.55742 -25.30478
v -2.04604 1.07274 -23.77906
v -2.62978 0.62901 -22.27966
v -3.12970 0.22494 -20.80507
v -3.57011 -0.14081 -19.35379
v -3.96402 -0.46963 -17.92431
v -4.31939 -0.76293 -16.51513
v -4.64146 -1.02218 -15.12475
v -4.93386 -1.24889 -13.75166
v -5.19917 -1.44466 -12.39436
v -5.43924 -1.61112 -11.05135
v -5.65535 -1.75000 -9.72111
v -5.84837 -1.86311 -8.40216
v -6.01876 -1.95239 -7.09298
v -6.16660 -2.01990 -5.79207
v -6.29153 -2.06789 -4.49792
v -6.39265 -2.09883 -3.20904
v -6.46812 -2.11556 -1.92392
v -6.51403 -2.12153 -0.64106
v -6.52232 -2.12158 0.64104
v -6.52047 -2.11625 1.92345
v -6.51354 -2.10118 3.20684
v -6.49829 -2.07316 4.49188
v -6.47171 -2.02954 5.77922
v -6.43107 -1.96799 7.06952
v -6.37400 -1.88640 8.36344
v -6.29854 -1.78282 9.66164
v -6.20322 -1.65545 10.96477
v -6.08707 -1.50255 12.27349
v -5.94968 -1.32250 13.58847
v -5.79126 -1.11374 14.91035
v -5.61260 -0.87478 16.23979
v -5.41507 -0.60417 17.57746
v -5.20052 -0.30053 18.92401
v -4.97089 0.03750 20.28010
v -4.72732 0.41122 21.64639
v -4.46724 0.82192 23.02353
v -4.17217 1.27081 24.41219
v -3.58732 1.75913 25.81301
v 4.45217 1.27081 24.41219
v 3.86732 1.75913 25.81301
v 4.74724 0.82192 23.02353
v 5.00732 0.41122 21.64639
v 5.25089 0.03750 20.28010
v 5.48052 -0.30053 18.92401
v 5.69507 -0.60417 17.57746
v 5.89260 -0.87478 16.23979
v 6.07126 -1.11374 14.91035
v 6.22968 -1.32250 13.58847
v 6.36707 -1.50255 12.27349
v 6.48322 -1.65545 10.96477
v 6.57854 -1.78282 9.66164
v 6.65400 -1.88640 8.36344
v 6.71107 -1.96799 7.06952
v 6.75171 -2.02954 5.77922
v 6.77829 -2.07316 4.49188
v 6.79354 -2.10118 3.20684
v 6.80047 -2.11625 1.92345
v 6.80232 -2.12158 0.64104
v 6.79403 -2.12153 -0.64106
v 6.74812 -2.11556 -1.92392
v 6.67265 -2.09883 -3.20904
v 6.57153 -2.06789 -4.49792
v 6.44660 -2.01990 -5.79207
v 6.29876 -1.95239 -7.09298
v 6.12837 -1.86311 -8.40216
v 5.93535 -1.75000 -9.72111
v 5.71924 -1.61112 -11.05135
v 5.47917 -1.44466 -12.39436
v 5.21386 -1.24889 -13.75166
v 4.92146 -1.02218 -15.12475
v 4.59939 -0.76293 -16.51513
v 4.24402 -0.46963 -17.92431
v 3.85011 -0.14081 -19.35379
v 3.40970 0.22494 -20.80507
v 2.90978 0.62901 -22.27966
v 2.32604 1.07274 -23.77906
v 1.59989 1.55742 -25.30478
v 0.28000 2.08434 -26.85831
v -0.28000 2.08434 -26.85831
v -1.59989 1.55742 -25.30478
v -2.32604 1.07274 -23.77906
v -2.90978 0.62901 -22.27966
v -3.40970 0.22494 -20.80507
v -3.85011 -0.14081 -19.35379
v -4.24402 -0.46963 -17.92431
v -4.59939 -0.76293 -16.51513
v -4.92146 -1.02218 -15.12475
v -5.21386 -1.24889 -13.75166
v -5.47917 -1.44466 -12.39436
v -5.71924 -1.61112 -11.05135
v -5.93535 -1.75000 -9.72111
v -6.12837 -1.86311 -8.40216
v -6.29876 -1.95239 -7.09298
v -6.44660 -2.01990 -5.79207
v -6.57153 -2.06789 -4.49792
v -6.67265 -2.09883 -3.20904
v -6.74812 -2.11556 -1.92392
v -6.79403 -2.12153 -0.64106
v -6.80232 -2.12158 0.64104
v -6.80047 -2.11625 1.92345
v -6.79354 -2.10118 3.20684
v -6.77829 -2.07316 4.49188
v -6.75171 -2.02954 5.77922
v -6.71107 -1.96799 7.06952
v -6.65400 -1.88640 8.36344
v -6.57854 -1.78282 9.66164
v -6.48322 -1.65545 10.96477
v -6.36707 -1.50255 12.27349
v -6.22968 -1.32250 13.58847
v -6.07126 -1.11374 14.91035
v -5.89260 -0.87478 16.23979
v -5.69507 -0.60417 17.57746
v -5.48052 -0.30053 18.92401
v -5.25089 0.03750 20.28010
v -5.00732 0.41122 21.64639
v -4.74724 0.82192 23.02353
v -4.45217 1.27081 24.41219
v -3.86732 1.75913 25.81301
v 4.36032 1.64587 24.48906
v 3.74909 2.10894 25.90304
v 4.66868 1.22002 23.08860
v 4.94050 0.83024 21.70093
v 5.19505 0.47539 20.32531
v 5.43504 0.15428 18.96103
v 5.65926 -0.13433 17.60733
v 5.86569 -0.39167 16.26351
v 6.05241 -0.61906 14.92881
v 6.21798 -0.81784 13.60252
v 6.36156 -0.98942 12.28390
v 6.48295 -1.13523 10.97223
v 6.58257 -1.25683 9.66676
v 6.66143 -1.35581 8.36678
v 6.72108 -1.43388 7.07154
v 6.76355 -1.49286 5.78033
v 6.79133 -1.53474 4.49240
v 6.80726 -1.56171 3.20703
v 6.81451 -1.57626 1.92349
v 6.81644 -1.58144 0.64104
v 6.80777 -1.58138 -0.64106
v 6.75980 -1.57550 -1.92402
v 6.68092 -1.55910 -3.20948
v 6.57524 -1.52889 -4.49911
v 6.44468 -1.48216 -5.79460
v 6.29017 -1.41656 -7.09760
v 6.11210 -1.32995 -8.40978
v 5.91038 -1.22037 -9.73282
v 5.68451 -1.08600 -11.06839
v 5.43362 -0.92511 -12.41816
v 5.15635 -0.73608 -13.78379
v 4.85076 -0.51735 -15.16696
v 4.51417 -0.26743 -16.56933
v 4.14277 0.01512 -17.99259
v 3.73110 0.33168 -19.43839
v 3.27083 0.68359 -20.90841
v 2.74837 1.07215 -22.40432
v 2.13831 1.49861 -23.92779
v 1.37941 1.96422 -25.48049
v 0.02000 2.47015 -27.06408
v -0.02000 2.47015 -27.06408
v -1.37941 1.96422 -25.48049
v -2.13831 1.49861 -23.92779
v -2.74837 1.07215 -22.40432
v -3.27083 0.68359 -20.90841
v -3.73110 0.33168 -19.43839
v -4.14277 0.01512 -17.99259
v -4.51417 -0.26743 -16.56933
v -4.85076 -0.51735 -15.16696
v -5.15635 -0.73608 -13.78379
v -5.43362 -0.92511 -12.41816
v -5.68451 -1.08600 -11.06839
v -5.91038 -1.22037 -9.73282
v -6.11210 -1.32995 -8.40978
v -6.29017 -1.41656 -7.09760
v -6.44468 -1.48216 -5.79460
v -6.57524 -1.52889 -4.49911
v -6.68092 -1.55910 -3.20948
v -6.75980 -1.57550 -1.92402
v -6.80777 -1.58138 -0.64106
v -6.81644 -1.58144 0.64104
v -6.81451 -1.57626 1.92349
v -6.80726 -1.56171 3.20703
v -6.79133 -1.53474 4.49240
v -6.76355 -1.49286 5.78033
v -6.72108 -1.43388 7.07154
v -6.66143 -1.35581 8.36678
v -6.58257 -1.25683 9.66676
v -6.48295 -1.13523 10.97223
v -6.36156 -0.98942 12.28390
v -6.21798 -0.81784 13.60252
v -6.05241 -0.61906 14.92881
v -5.86569 -0.39167 16.26351
v -5.65926 -0.13433 17.60733
v -5.43504 0.15428 18.96103
v -5.19505 0.47539 20.32531
v -4.94050 0.83024 21.70093
v -4.66868 1.22002 23.08860
v -4.36032 1.64587 24.48906
v -3.74909 2.10894 25.90304
v 4.64032 1.64587 24.48906
v 4.02909 2.10894 25.90304
v 4.94868 1.22002 23.08860
v 5.22050 0.83024 21.70093
v 5.47505 0.47539 20.32531
v 5.71504 0.15428 18.96103
v 5.93926 -0.13433 17.60733
v 6.14569 -0.39167 16.26351
v 6.33241 -0.61906 14.92881
v 6.49798 -0.81784 13.60252
v 6.64156 -0.98942 12.28390
v 6.76295 -1.13523 10.97223
v 6.86257 -1.25683 9.66676
v 6.94143 -1.35581 8.36678
v 7.00108 -1.43388 7.07154
v 7.04355 -1.49286 5.78033
v 7.07133 -1.53474 4.49240
v 7.08726 -1.56171 3.20703
v 7.09451 -1.57626 1.92349
v 7.09644 -1.58144 0.64104
v 7.08777 -1.58138 -0.64106
v 7.03980 -1.57550 -1.92402
v 6.96092 -1.55910 -3.20948
v 6.85524 -1.52889 -4.49911
v 6.72468 -1.48216 -5.79460
v 6.57017 -1.41656 -7.09760
v 6.39210 -1.32995 -8.40978
v 6.19038 -1.22037 -9.73282
v 5.96451 -1.08600 -11.06839
v 5.71362 -0.92511 -12.41816
v 5.43635 -0.73608 -13.78379
v 5.13076 -0.51735 -15.16696
v 4.79417 -0.26743 -16.56933
v 4.42277 0.01512 -17.99259
v 4.01110 0.33168 -19.43839
v 3.55083 0.68359 -20.90841
v 3.02837 1.07215 -22.40432
v 2.41831 1.49861 -23.92779
v 1.65941 1.96422 -25.48049
v 0.28000 2.47015 -27.06408
v -0.28000 2.47015 -27.06408
v -1.65941 1.96422 -25.48049
v -2.41831 1.49861 -23.92779
v -3.02837 1.07215 -22.40432
v -3.55083 0.68359 -20.90841
v -4.01110 0.33168 -19.43839
v -4.42277 0.01512 -17.99259
v -4.79417 -0.26743 -16.56933
v -5.13076 -0.51735 -15.16696
v -5.43635 -0.73608 -13.78379
v -5.71362 -0.92511 -12.41816
v -5.96451 -1.08600 -11.06839
v -6.19038 -1.22037 -9.73282
v -6.39210 -1.32995 -8.40978
v -6.57017 -1.41656 -7.09760
v -6.72468 -1.48216 -5.79460
v -6.85524 -1.52889 -4.49911
v -6.96092 -1.55910 -3.20948
v -7.03980 -1.57550 -1.92402
v -7.08777 -1.58138 -0.64106
v -7.09644 -1.58144 0.64104
v -7.09451 -1.57626 1.92349
v -7.08726 -1.56171 3.20703
v -7.07133 -1.53474 4.49240
v -7.04355 -1.49286 5.78033
v -7.00108 -1.43388 7.07154
v -6.94143 -1.35581 8.36678
v -6.86257 -1.25683 9.66676
v -6.76295 -1.13523 10.97223
v -6.64156 -0.98942 12.28390
v -6.49798 -0.81784 13.60252
v -6.33241 -0.61906 14.92881
v -6.14569 -0.39167 16.26351
v -5.93926 -0.13433 17.60733
v -5.71504 0.15428 18.96103
v -5.47505 0.47539 20.32531
v -5.22050 0.83024 21.70093
v -4.94868 1.22002 23.08860
v -4.64032 1.64587 24.48906
v -4.02909 2.10894 25.90304
v 4.54008 2.02575 24.56692
v 3.90365 2.46324 25.99422
v 4.86116 1.62323 23.15450
v 5.14418 1.25464 21.75617
v 5.40923 0.91890 20.37111
v 5.65911 0.61492 18.99852
v 5.89258 0.34155 17.63759
v 6.10752 0.09764 16.28752
v 6.30194 -0.11803 14.94751
v 6.47433 -0.30671 13.61676
v 6.62383 -0.46970 12.29445
v 6.75023 -0.60835 10.97978
v 6.85396 -0.72409 9.67195
v 6.93607 -0.81841 8.37016
v 6.99817 -0.89291 7.07359
v 7.04240 -0.94929 5.78145
v 7.07132 -0.98941 4.49293
v 7.08791 -1.01531 3.20722
v 7.09546 -1.02934 1.92353
v 7.09747 -1.03436 0.64104
v 7.08844 -1.03430 -0.64106
v 7.03849 -1.02850 -1.92411
v 6.95636 -1.01244 -3.20992
v 6.84633 -0.98297 -4.50032
v 6.71038 -0.93751 -5.79716
v 6.54951 -0.87384 -7.10227
v 6.36409 -0.78994 -8.41750
v 6.15405 -0.68394 -9.74468
v 5.91887 -0.55414 -11.08565
v 5.65764 -0.39890 -12.44225
v 5.36894 -0.21669 -13.81632
v 5.05075 -0.00605 -15.20970
v 4.70028 0.23443 -16.62423
v 4.31357 0.50609 -18.06174
v 3.88492 0.81024 -19.52408
v 3.40568 1.14812 -21.01308
v 2.86168 1.52097 -22.53058
v 2.22646 1.92995 -24.07843
v 1.43628 2.37623 -25.65845
v 0.02000 2.86093 -27.27249
v -0.02000 2.86093 -27.27249
v -1.43628 2.37623 -25.65845
v -2.22646 1.92995 -24.07843
v -2.86168 1.52097 -22.53058
v -3.40568 1.14812 -21.01308
v -3.88492 0.81024 -19.52408
v -4.31357 0.50609 -18.06174
v -4.70028 0.23443 -16.62423
v -5.05075 -0.00605 -15.20970
v -5.36894 -0.21669 -13.81632
v -5.65764 -0.39890 -12.44225
v -5.91887 -0.55414 -11.08565
v -6.15405 -0.68394 -9.74468
v -6.36409 -0.78994 -8.41750
v -6.54951 -0.87384 -7.10227
v -6.71038 -0.93751 -5.79716
v -6.84633 -0.98297 -4.50032
v -6.95636 -1.01244 -3.20992
v -7.03849 -1.02850 -1.92411
v -7.08844 -1.03430 -0.64106
v -7.09747 -1.03436 0.64104
v -7.09546 -1.02934 1.92353
v -7.08791 -1.01531 3.20722
v -7.07132 -0.98941 4.49293
v -7.04240 -0.94929 5.78145
v -6.99817 -0.89291 7.07359
v -6.93607 -0.81841 8.37016
v -6.85396 -0.72409 9.67195
v -6.75023 -0.60835 10.97978
v -6.62383 -0.46970 12.29445
v -6.47433 -0.30671 13.61676
v -6.30194 -0.11803 14.94751
v -6.10752 0.09764 16.28752
v -5.89258 0.34155 17.63759
v -5.65911 0.61492 18.99852
v -5.40923 0.91890 20.37111
v -5.14418 1.25464 21.75617
v -4.86116 1.62323 23.15450
v -4.54008 2.02575 24.56692
v -3.90365 2.46324 25.99422
v 4.82008 2.02575 24.56692
v 4.18365 2.46324 25.99422
v 5.14116 1.62323 23.15450
v 5.42418 1.25464 21.75617
v 5.68923 0.91890 20.37111
v 5.93911 0.61492 18.99852
v 6.17258 0.34155 17.63759
v 6.38752 0.09764 16.28752
v 6.58194 -0.11803 14.94751
v 6.75433 -0.30671 13.61676
v 6.90383 -0.46970 12.29445
v 7.03023 -0.60835 10.97978
v 7.13396 -0.72409 9.67195
v 7.21607 -0.81841 8.37016
v 7.27817 -0.89291 7.07359
v 7.32240 -0.94929 5.78145
v 7.35132 -0.98941 4.49293
v 7.36791 -1.01531 3.20722
v 7.37546 -1.02934 1.92353
v 7.37747 -1.03436 0.64104
v 7.36844 -1.03430 -0.64106
v 7.31849 -1.02850 -1.92411
v 7.23636 -1.01244 -3.20992
v 7.12633 -0.98297 -4.50032
v 6.99038 -0.93751 -5.79716
v 6.82951 -0.87384 -7.10227
v 6.64409 -0.78994 -8.41750
v 6.43405 -0.68394 -9.74468
v 6.19887 -0.55414 -11.08565
v 5.93764 -0.39890 -12.44225
v 5.64894 -0.21669 -13.81632
v 5.33075 -0.00605 -15.20970
v 4.98028 0.23443 -16.62423
v 4.59357 0.50609 -18.06174
v 4.16492 0.81024 -19.52408
v 3.68568 1.14812 -21.01308
v 3.14168 1.52097 -22.53058
v 2.50646 1.92995 -24.07843
v 1.71628 2.37623 -25.65845
v 0.28000 2.86093 -27.27249
v -0.28000 2.86093 -27.27249
v -1.71628 2.37623 -25.65845
v -2.50646 1.92995 -24.07843
v -3.14168 1.52097 -22.53058
v -3.68568 1.14812 -21.01308
v -4.16492 0.81024 -19.52408
v -4.59357 0.50609 -18.06174
v -4.98028 0.23443 -16.62423
v -5.33075 -0.00605 -15.20970
v -5.64894 -0.21669 -13.81632
v -5.93764 -0.39890 -12.44225
v -6.19887 -0.55414 -11.08565
v -6.43405 -0.68394 -9.74468
v -6.64409 -0.78994 -8.41750
v -6.82951 -0.87384 -7.10227
v -6.99038 -0.93751 -5.79716
v -7.12633 -0.98297 -4.50032
v -7.23636 -1.01244 -3.20992
v -7.31849 -1.02850 -1.92411
v -7.36844 -1.03430 -0.64106
v -7.37747 -1.03436 0.64104
v -7.37546 -1.02934 1.92353
v -7.36791 -1.01531 3.20722
v -7.35132 -0.98941 4.49293
v -7.32240 -0.94929 5.78145
v -7.27817 -0.89291 7.07359
v -7.21607 -0.81841 8.37016
v -7.13396 -0.72409 9.67195
v -7.03023 -0.60835 10.97978
v -6.90383 -0.46970 12.29445
v -6.75433 -0.30671 13.61676
v -6.58194 -0.11803 14.94751
v -6.38752 0.09764 16.28752
v -6.17258 0.34155 17.63759
v -5.93911 0.61492 18.99852
v -5.68923 0.91890 20.37111
v -5.42418 1.25464 21.75617
v -5.14116 1.62323 23.15450
v -4.82008 2.02575 24.56692
v -4.18365 2.46324 25.99422
v 4.71231 2.40971 24.64562
v 4.05174 2.82135 26.08638
v 5.04557 2.03078 23.22112
v 5.33932 1.68360 21.81200
v 5.61443 1.36719 20.41739
v 5.87379 1.08052 19.03641
v 6.11612 0.82256 17.66817
v 6.33921 0.59222 16.31180
v 6.54100 0.38840 14.96642
v 6.71993 0.20993 13.63115
v 6.87511 0.05562 12.30510
v 7.00630 -0.07579 10.98741
v 7.11396 -0.18561 9.67719
v 7.19919 -0.27523 8.37357
v 7.26365 -0.34612 7.07566
v 7.30955 -0.39987 5.78258
v 7.33957 -0.43821 4.49346
v 7.35679 -0.46303 3.20742
v 7.36462 -0.47653 1.92357
v 7.36671 -0.48140 0.64104
v 7.35734 -0.48133 -0.64107
v 7.30549 -0.47561 -1.92421
v 7.22025 -0.45989 -3.21036
v 7.10604 -0.43116 -4.50154
v 6.96493 -0.38700 -5.79975
v 6.79796 -0.32528 -7.10700
v 6.60551 -0.24411 -8.42530
v 6.38750 -0.14174 -9.75667
v 6.14341 -0.01655 -11.10310
v 5.87226 0.13298 -12.46661
v 5.57260 0.30829 -13.84921
v 5.24235 0.51076 -15.25291
v 4.87858 0.74169 -16.67972
v 4.47721 1.00235 -18.13164
v 4.03230 1.29395 -19.61069
v 3.53488 1.61766 -21.11887
v 2.97024 1.97462 -22.65820
v 2.31092 2.36594 -24.23069
v 1.49076 2.79269 -25.83833
v 0.02000 3.25591 -27.48315
v -0.02000 3.25591 -27.48315
v -1.49076 2.79269 -25.83833
v -2.31092 2.36594 -24.23069
v -2.97024 1.97462 -22.65820
v -3.53488 1.61766 -21.11887
v -4.03230 1.29395 -19.61069
v -4.47721 1.00235 -18.13164
v -4.87858 0.74169 -16.67972
v -5.24235 0.51076 -15.25291
v -5.57260 0.30829 -13.84921
v -5.87226 0.13298 -12.46661
v -6.14341 -0.01655 -11.10310
v -6.38750 -0.14174 -9.75667
v -6.60551 -0.24411 -8.42530
v -6.79796 -0.32528 -7.10700
v -6.96493 -0.38700 -5.79975
v -7.10604 -0.43116 -4.50154
v -7.22025 -0.45989 -3.21036
v -7.30549 -0.47561 -1.92421
v -7.35734 -0.48133 -0.64107
v -7.36671 -0.48140 0.64104
v -7.36462 -0.47653 1.92357
v -7.35679 -0.46303 3.20742
v -7.33957 -0.43821 4.49346
v -7.30955 -0.39987 5.78258
v -7.26365 -0.34612 7.07566
v -7.19919 -0.27523 8.37357
v -7.11396 -0.18561 9.67719
v -7.00630 -0.07579 10.98741
v -6.87511 0.05562 12.30510
v -6.71993 0.20993 13.63115
v -6.54100 0.38840 14.96642
v -6.33921 0.59222 16.31180
v -6.11612 0.82256 17.66817
v -5.87379 1.08052 19.03641
v -5.61443 1.36719 20.41739
v -5.33932 1.68360 21.81200
v -5.04557 2.03078 23.22112
v -4.71231 2.40971 24.64562
v -4.05174 2.82135 26.08638
v 4.99231 2.40971 24.64562
v 4.33174 2.82135 26.08638
v 5.32557 2.03078 23.22112
v 5.61932 1.68360 21.81200
v 5.89443 1.36719 20.41739
v 6.15379 1.08052 19.03641
v 6.39612 0.82256 17.66817
v 6.61921 0.59222 16.31180
v 6.82100 0.38840 14.96642
v 6.99993 0.20993 13.63115
v 7.15511 0.05562 12.30510
v 7.28630 -0.07579 10.98741
v 7.39396 -0.18561 9.67719
v 7.47919 -0.27523 8.37357
v 7.54365 -0.34612 7.07566
v 7.58955 -0.39987 5.78258
v 7.61957 -0.43821 4.49346
v 7.63679 -0.46303 3.20742
v 7.64462 -0.47653 1.92357
v 7.64671 -0.48140 0.64104
v 7.63734 -0.48133 -0.64107
v 7.58549 -0.47561 -1.92421
v 7.50025 -0.45989 -3.21036
v 7.38604 -0.43116 -4.50154
v 7.24493 -0.38700 -5.79975
v 7.07796 -0.32528 -7.10700
v 6.88551 -0.24411 -8.42530
v 6.66750 -0.14174 -9.75667
v 6.42341 -0.01655 -11.10310
v 6.15226 0.13298 -12.46661
v 5.85260 0.30829 -13.84921
v 5.52235 0.51076 -15.25291
v 5.15858 0.74169 -16.67972
v 4.75721 1.00235 -18.13164
v 4.31230 1.29395 -19.61069
v 3.81488 1.61766 -21.11887
v 3.25024 1.97462 -22.65820
v 2.59092 2.36594 -24.23069
v 1.77076 2.79269 -25.83833
v 0.28000 3.25591 -27.48315
v -0.28000 3.25591 -27.48315
v -1.77076 2.79269 -25.83833
v -2.59092 2.36594 -24.23069
v -3.25024 1.97462 -22.65820
v -3.81488 1.61766 -21.11887
v -4.31230 1.29395 -19.61069
v -4.75721 1.00235 -18.13164
v -5.15858 0.74169 -16.67972
v -5.52235 0.51076 -15.25291
v -5.85260 0.30829 -13.84921
v -6.15226 0.13298 -12.46661
v -6.42341 -0.01655 -11.10310
v -6.66750 -0.14174 -9.75667
v -6.88551 -0.24411 -8.42530
v -7.07796 -0.32528 -7.10700
v -7.24493 -0.38700 -5.79975
v -7.38604 -0.43116 -4.50154
v -7.50025 -0.45989 -3.21036
v -7.58549 -0.47561 -1.92421
v -7.63734 -0.48133 -0.64107
v -7.64671 -0.48140 0.64104
v -7.64462 -0.47653 1.92357
v -7.63679 -0.46303 3.20742
v -7.61957 -0.43821 4.49346
v -7.58955 -0.39987 5.78258
v -7.54365 -0.34612 7.07566
v -7.47919 -0.27523 8.37357
v -7.39396 -0.18561 9.67719
v -7.28630 -0.07579 10.98741
v -7.15511 0.05562 12.30510
v -6.99993 0.20993 13.63115
v -6.82100 0.38840 14.96642
v -6.61921 0.59222 16.31180
v -6.39612 0.82256 17.66817
v -6.15379 1.08052 19.03641
v -5.89443 1.36719 20.41739
v -5.61932 1.68360 21.81200
v -5.32557 2.03078 23.22112
v -4.99231 2.40971 24.64562
v -4.33174 2.82135 26.08638
v 4.87772 2.79720 24.72504
v 4.19396 3.18275 26.17938
v 5.22268 2.44207 23.28834
v 5.52675 2.11650 21.86835
v 5.81151 1.81959 20.46410
v 6.07997 1.55040 19.07465
v 6.33081 1.30797 17.69903
v 6.56173 1.09134 16.33630
v 6.77061 0.89947 14.98549
v 6.95582 0.73131 13.64567
v 7.11644 0.58576 12.31586
v 7.25224 0.46166 10.99512
v 7.36368 0.35781 9.68249
v 7.45189 0.27294 8.37701
v 7.51862 0.20568 7.07775
v 7.56613 0.15458 5.78372
v 7.59721 0.11805 4.49400
v 7.61503 0.09431 3.20761
v 7.62314 0.08134 1.92361
v 7.62530 0.07664 0.64105
v 7.61560 0.07671 -0.64107
v 7.56193 0.08234 -1.92430
v 7.47370 0.09772 -3.21081
v 7.35548 0.12569 -4.50277
v 7.20942 0.16856 -5.80236
v 7.03658 0.22830 -7.11177
v 6.83738 0.30672 -8.43318
v 6.61172 0.40543 -9.76876
v 6.35905 0.52596 -11.12071
v 6.07839 0.66973 -12.49119
v 5.76822 0.83809 -13.88240
v 5.42637 1.03230 -15.29652
v 5.04983 1.25360 -16.73572
v 4.63437 1.50315 -18.20218
v 4.17384 1.78209 -19.69810
v 3.65896 2.09150 -21.22564
v 3.07450 2.43244 -22.78699
v 2.39204 2.80592 -24.38434
v 1.54309 3.21296 -26.01986
v 0.02000 3.65451 -27.69574
v -0.02000 3.65451 -27.69574
v -1.54309 3.21296 -26.01986
v -2.39204 2.80592 -24.38434
v -3.07450 2.43244 -22.78699
v -3.65896 2.09150 -21.22564
v -4.17384 1.78209 -19.69810
v -4.63437 1.50315 -18.20218
v -5.04983 1.25360 -16.73572
v -5.42637 1.03230 -15.29652
v -5.76822 0.83809 -13.88240
v -6.07839 0.66973 -12.49119
v -6.35905 0.52596 -11.12071
v -6.61172 0.40543 -9.76876
v -6.83738 0.30672 -8.43318
v -7.03658 0.22830 -7.11177
v -7.20942 0.16856 -5.80236
v -7.35548 0.12569 -4.50277
v -7.47370 0.09772 -3.21081
v -7.56193 0.08234 -1.92430
v -7.61560 0.07671 -0.64107
v -7.62530 0.07664 0.64105
v -7.62314 0.08134 1.92361
v -7.61503 0.09431 3.20761
v -7.59721 0.11805 4.49400
v -7.56613 0.15458 5.78372
v -7.51862 0.20568 7.07775
v -7.45189 0.27294 8.37701
v -7.36368 0.35781 9.68249
v -7.25224 0.46166 10.99512
v -7.11644 0.58576 12.31586
v -6.95582 0.73131 13.64567
v -6.77061 0.89947 14.98549
v -6.56173 1.09134 16.33630
v -6.33081 1.30797 17.69903
v -6.07997 1.55040 19.07465
v -5.81151 1.81959 20.46410
v -5.52675 2.11650 21.86835
v -5.22268 2.44207 23.28834
v -4.87772 2.79720 24.72504
v -4.19396 3.18275 26.17938
v 5.15772 2.79720 24.72504
v 4.47396 3.18275 26.17938
v 5.50268 2.44207 23.28834
v 5.80675 2.11650 21.86835
v 6.09151 1.81959 20.46410
v 6.35997 1.55040 19.07465
v 6.61081 1.30797 17.69903
v 6.84173 1.09134 16.33630
v 7.05061 0.89947 14.98549
v 7.23582 0.73131 13.64567
v 7.39644 0.58576 12.31586
v 7.53224 0.46166 10.99512
v 7.64368 0.35781 9.68249
v 7.73189 0.27294 8.37701
v 7.79862 0.20568 7.07775
v 7.84613 0.15458 5.78372
v 7.87721 0.11805 4.49400
v 7.89503 0.09431 3.20761
v 7.90314 0.08134 1.92361
v 7.90530 0.07664 0.64105
v 7.89560 0.07671 -0.64107
v 7.84193 0.08234 -1.92430
v 7.75370 0.09772 -3.21081
v 7.63548 0.12569 -4.50277
v 7.48942 0.16856 -5.80236
v 7.31658 0.22830 -7.11177
v 7.11738 0.30672 -8.43318
v 6.89172 0.40543 -9.76876
v 6.63905 0.52596 -11.12071
v 6.35839 0.66973 -12.49119
v 6.04822 0.83809 -13.88240
v 5.70637 1.03230 -15.29652
v 5.32983 1.25360 -16.73572
v 4.91437 1.50315 -18.20218
v 4.45384 1.78209 -19.69810
v 3.93896 2.09150 -21.22564
v 3.35450 2.43244 -22.78699
v 2.67204 2.80592 -24.38434
v 1.82309 3.21296 -26.01986
v 0.28000 3.65451 -27.69574
v -0.28000 3.65451 -27.69574
v -1.82309 3.21296 -26.01986
v -2.67204 2.80592 -24.38434
v -3.35450 2.43244 -22.78699
v -3.93896 2.09150 -21.22564
v -4.45384 1.78209 -19.69810
v -4.91437 1.50315 -18.20218
v -5.32983 1.25360 -16.73572
v -5.70637 1.03230 -15.29652
v -6.04822 0.83809 -13.88240
v -6.35839 0.66973 -12.49119
v -6.63905 0.52596 -11.12071
v -6.89172 0.40543 -9.76876
v -7.11738 0.30672 -8.43318
v -7.31658 0.22830 -7.11177
v -7.48942 0.16856 -5.80236
v -7.63548 0.12569 -4.50277
v -7.75370 0.09772 -3.21081
v -7.84193 0.08234 -1.92430
v -7.89560 0.07671 -0.64107
v -7.90530 0.07664 0.64105
v -7.90314 0.08134 1.92361
v -7.89503 0.09431 3.20761
v -7.87721 0.11805 4.49400
v -7.84613 0.15458 5.78372
v -7.79862 0.20568 7.07775
v -7.73189 0.27294 8.37701
v -7.64368 0.35781 9.68249
v -7.53224 0.46166 10.99512
v -7.39644 0.58576 12.31586
v -7.23582 0.73131 13.64567
v -7.05061 0.89947 14.98549
v -6.84173 1.09134 16.33630
v -6.61081 1.30797 17.69903
v -6.35997 1.55040 19.07465
v -6.09151 1.81959 20.46410
v -5.80675 2.11650 21.86835
v -5.50268 2.44207 23.28834
v -5.15772 2.79720 24.72504
v -4.47396 3.18275 26.17938
v 5.03694 3.18772 24.80508
v 4.33086 3.54699 26.27312
v 5.39316 2.85659 23.35609
v 5.70716 2.55280 21.92514
v 6.00121 2.27554 20.51118
v 6.27844 2.02396 19.11319
v 6.53746 1.79720 17.73013
v 6.77593 1.59437 16.36099
v 6.99162 1.41455 15.00472
v 7.18288 1.25678 13.66030
v 7.34874 1.12005 12.32670
v 7.48897 1.00332 11.00288
v 7.60405 0.90550 9.68782
v 7.69514 0.82541 8.38049
v 7.76404 0.76182 7.07985
v 7.81311 0.71339 5.78488
v 7.84520 0.67867 4.49454
v 7.86361 0.65603 3.20781
v 7.87198 0.64360 1.92366
v 7.87421 0.63905 0.64105
v 7.86420 0.63913 -0.64107
v 7.80878 0.64468 -1.92440
v 7.71766 0.65972 -3.21126
v 7.59558 0.68693 -4.50401
v 7.44475 0.72848 -5.80499
v 7.26628 0.78624 -7.11658
v 7.06057 0.86187 -8.44111
v 6.82754 0.95690 -9.78095
v 6.56663 1.07274 -11.13845
v 6.27681 1.21070 -12.51597
v 5.95651 1.37205 -13.91585
v 5.60350 1.55794 -15.34046
v 5.21467 1.76953 -16.79215
v 4.78565 2.00789 -18.27327
v 4.31008 2.27407 -19.78619
v 3.77840 2.56906 -21.33324
v 3.17486 2.89384 -22.91680
v 2.47013 3.24936 -24.53920
v 1.59346 3.63653 -26.20282
v 0.02000 4.05624 -27.90999
v -0.02000 4.05624 -27.90999
v -1.59346 3.63653 -26.20282
v -2.47013 3.24936 -24.53920
v -3.17486 2.89384 -22.91680
v -3.77840 2.56906 -21.33324
v -4.31008 2.27407 -19.78619
v -4.78565 2.00789 -18.27327
v -5.21467 1.76953 -16.79215
v -5.60350 1.55794 -15.34046
v -5.95651 1.37205 -13.91585
v -6.27681 1.21070 -12.51597
v -6.56663 1.07274 -11.13845
v -6.82754 0.95690 -9.78095
v -7.06057 0.86187 -8.44111
v -7.26628 0.78624 -7.11658
v -7.44475 0.72848 -5.80499
v -7.59558 0.68693 -4.50401
v -7.71766 0.65972 -3.21126
v -7.80878 0.64468 -1.92440
v -7.86420 0.63913 -0.64107
v -7.87421 0.63905 0.64105
v -7.87198 0.64360 1.92366
v -7.86361 0.65603 3.20781
v -7.84520 0.67867 4.49454
v -7.81311 0.71339 5.78488
v -7.76404 0.76182 7.07985
v -7.69514 0.82541 8.38049
v -7.60405 0.90550 9.68782
v -7.48897 1.00332 11.00288
v -7.34874 1.12005 12.32670
v -7.18288 1.25678 13.66030
v -6.99162 1.41455 15.00472
v -6.77593 1.59437 16.36099
v -6.53746 1.79720 17.73013
v -6.27844 2.02396 19.11319
v -6.00121 2.27554 20.51118
v -5.70716 2.55280 21.92514
v -5.39316 2.85659 23.35609
v -5.03694 3.18772 24.80508
v -4.33086 3.54699 26.27312
v 5.31694 3.18772 24.80508
v 4.61086 3.54699 26.27312
v 5.67316 2.85659 23.35609
v 5.98716 2.55280 21.92514
v 6.28121 2.27554 20.51118
v 6.55844 2.02396 19.11319
v 6.81746 1.79720 17.73013
v 7.05593 1.59437 16.36099
v 7.27162 1.41455 15.00472
v 7.46288 1.25678 13.66030
v 7.62874 1.12005 12.32670
v 7.76897 1.00332 11.00288
v 7.88405 0.90550 9.68782
v 7.97514 0.82541 8.38049
v 8.04404 0.76182 7.07985
v 8.09311 0.71339 5.78488
v 8.12520 0.67867 4.49454
v 8.14361 0.65603 3.20781
v 8.15198 0.64360 1.92366
v 8.15421 0.63905 0.64105
v 8.14420 0.63913 -0.64107
v 8.08878 0.64468 -1.92440
v 7.99766 0.65972 -3.21126
v 7.87558 0.68693 -4.50401
v 7.72475 0.72848 -5.80499
v 7.54628 0.78624 -7.11658
v 7.34057 0.86187 -8.44111
v 7.10754 0.95690 -9.78095
v 6.84663 1.07274 -11.13845
v 6.55681 1.21070 -12.51597
v 6.23651 1.37205 -13.91585
v 5.88350 1.55794 -15.34046
v 5.49467 1.76953 -16.79215
v 5.06565 2.00789 -18.27327
v 4.59008 2.27407 -19.78619
v 4.05840 2.56906 -21.33324
v 3.45486 2.89384 -22.91680
v 2.75013 3.24936 -24.53920
v 1.87346 3.63653 -26.20282
v 0.28000 4.05624 -27.90999
v -0.28000 4.05624 -27.90999
v -1.87346 3.63653 -26.20282
v -2.75013 3.24936 -24.53920
v -3.45486 2.89384 -22.91680
v -4.05840 2.56906 -21.33324
v -4.59008 2.27407 -19.78619
v -5.06565 2.00789 -18.27327
v -5.49467 1.76953 -16.79215
v -5.88350 1.55794 -15.34046
v -6.23651 1.37205 -13.91585
v -6.55681 1.21070 -12.51597
v -6.84663 1.07274 -11.13845
v -7.10754 0.95690 -9.78095
v -7.34057 0.86187 -8.44111
v -7.54628 0.78624 -7.11658
v -7.72475 0.72848 -5.80499
v -7.87558 0.68693 -4.50401
v -7.99766 0.65972 -3.21126
v -8.08878 0.64468 -1.92440
v -8.14420 0.63913 -0.64107
v -8.15421 0.63905 0.64105
v -8.15198 0.64360 1.92366
v -8.14361 0.65603 3.20781
v -8.12520 0.67867 4.49454
v -8.09311 0.71339 5.78488
v -8.04404 0.76182 7.07985
v -7.97514 0.82541 8.38049
v -7.88405 0.90550 9.68782
v -7.76897 1.00332 11.00288
v -7.62874 1.12005 12.32670
v -7.46288 1.25678 13.66030
v -7.27162 1.41455 15.00472
v -7.05593 1.59437 16.36099
v -6.81746 1.79720 17.73013
v -6.55844 2.02396 19.11319
v -6.28121 2.27554 20.51118
v -5.98716 2.55280 21.92514
v -5.67316 2.85659 23.35609
v -5.31694 3.18772 24.80508
v -4.61086 3.54699 26.27312
v 5.19052 3.58091 24.88567
v 4.46291 3.91370 26.36750
v 5.55760 3.27393 23.42431
v 5.88117 2.99207 21.98231
v 6.18419 2.73459 20.55857
v 6.46987 2.50074 19.15199
v 6.73679 2.28975 17.76145
v 6.98252 2.10083 16.38585
v 7.20479 1.93314 15.02408
v 7.40188 1.78582 13.67503
v 7.57280 1.65798 12.33761
v 7.71730 1.54867 11.01070
v 7.83589 1.45691 9.69319
v 7.92977 1.38164 8.38398
v 8.00077 1.32174 7.08197
v 8.05133 1.27600 5.78604
v 8.08440 1.24311 4.49509
v 8.10337 1.22158 3.20801
v 8.11199 1.20968 1.92370
v 8.11430 1.20530 0.64105
v 8.10397 1.20538 -0.64108
v 8.04686 1.21084 -1.92450
v 7.95297 1.22553 -3.21171
v 7.82717 1.25198 -4.50525
v 7.67174 1.29221 -5.80764
v 7.48782 1.34797 -7.12142
v 7.27585 1.42080 -8.44910
v 7.03571 1.51212 -9.79322
v 6.76685 1.62323 -11.15632
v 6.46819 1.75535 -12.54091
v 6.13812 1.90963 -13.94953
v 5.77435 2.08716 -15.38471
v 5.37367 2.28897 -16.84897
v 4.93156 2.51607 -18.34485
v 4.44150 2.76939 -19.87488
v 3.89360 3.04987 -21.44158
v 3.27166 3.35839 -23.04748
v 2.54544 3.69582 -24.69512
v 1.64205 4.06298 -26.38702
v 0.02000 4.46070 -28.12571
v -0.02000 4.46070 -28.12571
v -1.64205 4.06298 -26.38702
v -2.54544 3.69582 -24.69512
v -3.27166 3.35839 -23.04748
v -3.89360 3.04987 -21.44158
v -4.44150 2.76939 -19.87488
v -4.93156 2.51607 -18.34485
v -5.37367 2.28897 -16.84897
v -5.77435 2.08716 -15.38471
v -6.13812 1.90963 -13.94953
v -6.46819 1.75535 -12.54091
v -6.76685 1.62323 -11.15632
v -7.03571 1.51212 -9.79322
v -7.27585 1.42080 -8.44910
v -7.48782 1.34797 -7.12142
v -7.67174 1.29221 -5.80764
v -7.82717 1.25198 -4.50525
v -7.95297 1.22553 -3.21171
v -8.04686 1.21084 -1.92450
v -8.10397 1.20538 -0.64108
v -8.11430 1.20530 0.64105
v -8.11199 1.20968 1.92370
v -8.10337 1.22158 3.20801
v -8.08440 1.24311 4.49509
v -8.05133 1.27600 5.78604
v -8.00077 1.32174 7.08197
v -7.92977 1.38164 8.38398
v -7.83589 1.45691 9.69319
v -7.71730 1.54867 11.01070
v -7.57280 1.65798 12.33761
v -7.40188 1.78582 13.67503
v -7.20479 1.93314 15.02408
v -6.98252 2.10083 16.38585
v -6.73679 2.28975 17.76145
v -6.46987 2.50074 19.15199
v -6.18419 2.73459 20.55857
v -5.88117 2.99207 21.98231
v -5.55760 3.27393 23.42431
v -5.19052 3.58091 24.88567
v -4.46291 3.91370 26.36750
v 5.47052 3.58091 24.88567
v 4.74291 3.91370 26.36750
v 5.83760 3.27393 23.42431
v 6.16117 2.99207 21.98231
v 6.46419 2.73459 20.55857
v 6.74987 2.50074 19.15199
v 7.01679 2.28975 17.76145
v 7.26252 2.10083 16.38585
v 7.48479 1.93314 15.02408
v 7.68188 1.78582 13.67503
v 7.85280 1.65798 12.33761
v 7.99730 1.54867 11.01070
v 8.11589 1.45691 9.69319
v 8.20977 1.38164 8.38398
v 8.28077 1.32174 7.08197
v 8.33133 1.27600 5.78604
v 8.36440 1.24311 4.49509
v 8.38337 1.22158 3.20801
v 8.39199 1.20968 1.92370
v 8.39430 1.20530 0.64105
v 8.38397 1.20538 -0.64108
v 8.32686 1.21084 -1.92450
v 8.23297 1.22553 -3.21171
v 8.10717 1.25198 -4.50525
v 7.95174 1.29221 -5.80764
v 7.76782 1.34797 -7.12142
v 7.55585 1.42080 -8.44910
v 7.31571 1.51212 -9.79322
v 7.04685 1.62323 -11.15632
v 6.74819 1.75535 -12.54091
v 6.41812 1.90963 -13.94953
v 6.05435 2.08716 -15.38471
v 5.65367 2.28897 -16.84897
v 5.21156 2.51607 -18.34485
v 4.72150 2.76939 -19.87488
v 4.17360 3.04987 -21.44158
v 3.55166 3.35839 -23.04748
v 2.82544 3.69582 -24.69512
v 1.92205 4.06298 -26.38702
v 0.28000 4.46070 -28.12571
v -0.28000 4.46070 -28.12571
v -1.92205 4.06298 -26.38702
v -2.82544 3.69582 -24.69512
v -3.55166 3.35839 -23.04748
v -4.17360 3.04987 -21.44158
v -4.72150 2.76939 -19.87488
v -5.21156 2.51607 -18.34485
v -5.65367 2.28897 -16.84897
v -6.05435 2.08716 -15.38471
v -6.41812 1.90963 -13.94953
v -6.74819 1.75535 -12.54091
v -7.04685 1.62323 -11.15632
v -7.31571 1.51212 -9.79322
v -7.55585 1.42080 -8.44910
v -7.76782 1.34797 -7.12142
v -7.95174 1.29221 -5.80764
v -8.10717 1.25198 -4.50525
v -8.23297 1.22553 -3.21171
v -8.32686 1.21084 -1.92450
v -8.38397 1.20538 -0.64108
v -8.39430 1.20530 0.64105
v -8.39199 1.20968 1.92370
v -8.38337 1.22158 3.20801
v -8.36440 1.24311 4.49509
v -8.33133 1.27600 5.78604
v -8.28077 1.32174 7.08197
v -8.20977 1.38164 8.38398
v -8.11589 1.45691 9.69319
v -7.99730 1.54867 11.01070
v -7.85280 1.65798 12.33761
v -7.68188 1.78582 13.67503
v -7.48479 1.93314 15.02408
v -7.26252 2.10083 16.38585
v -7.01679 2.28975 17.76145
v -6.74987 2.50074 19.15199
v -6.46419 2.73459 20.55857
v -6.16117 2.99207 21.98231
v -5.83760 3.27393 23.42431
v -5.47052 3.58091 24.88567
v -4.74291 3.91370 26.36750
v 5.33892 3.97643 24.96673
v 4.59051 4.28259 26.46243
v 5.71650 3.69375 23.49292
v 6.04931 3.43394 22.03983
v 6.36100 3.19637 20.60625
v 6.65485 2.98036 19.19102
v 6.92940 2.78523 17.79295
v 7.18216 2.61030 16.41085
v 7.41078 2.45481 15.04355
v 7.61351 2.31801 13.68986
v 7.78931 2.19911 12.34859
v 7.93795 2.09726 11.01856
v 8.05993 2.01159 9.69859
v 8.15649 1.94117 8.38750
v 8.22952 1.88498 7.08410
v 8.28152 1.84196 5.78720
v 8.31554 1.81090 4.49564
v 8.33505 1.79048 3.20821
v 8.34392 1.77913 1.92374
v 8.34629 1.77490 0.64105
v 8.33567 1.77499 -0.64108
v 8.27693 1.78037 -1.92460
v 8.18035 1.79471 -3.21217
v 8.05096 1.82038 -4.50651
v 7.89109 1.85929 -5.81031
v 7.70191 1.91303 -7.12629
v 7.48387 1.98305 -8.45714
v 7.23687 2.07064 -9.80557
v 6.96032 2.17700 -11.17429
v 6.65312 2.30324 -12.56600
v 6.31361 2.45042 -13.98341
v 5.93944 2.61952 -15.42922
v 5.52731 2.81150 -16.90613
v 5.07256 3.02726 -18.41685
v 4.56848 3.26766 -19.96410
v 4.00492 3.53353 -21.55056
v 3.36520 3.82570 -23.17894
v 2.61822 4.14492 -24.85196
v 1.68899 4.49197 -26.57231
v 0.02000 4.86757 -28.34270
v -0.02000 4.86757 -28.34270
v -1.68899 4.49197 -26.57231
v -2.61822 4.14492 -24.85196
v -3.36520 3.82570 -23.17894
v -4.00492 3.53353 -21.55056
v -4.56848 3.26766 -19.96410
v -5.07256 3.02726 -18.41685
v -5.52731 2.81150 -16.90613
v -5.93944 2.61952 -15.42922
v -6.31361 2.45042 -13.98341
v -6.65312 2.30324 -12.56600
v -6.96032 2.17700 -11.17429
v -7.23687 2.07064 -9.80557
v -7.48387 1.98305 -8.45714
v -7.70191 1.91303 -7.12629
v -7.89109 1.85929 -5.81031
v -8.05096 1.82038 -4.50651
v -8.18035 1.79471 -3.21217
v -8.27693 1.78037 -1.92460
v -8.33567 1.77499 -0.64108
v -8.34629 1.77490 0.64105
v -8.34392 1.77913 1.92374
v -8.33505 1.79048 3.20821
v -8.31554 1.81090 4.49564
v -8.28152 1.84196 5.78720
v -8.22952 1.88498 7.08410
v -8.15649 1.94117 8.38750
v -8.05993 2.01159 9.69859
v -7.93795 2.09726 11.01856
v -7.78931 2.19911 12.34859
v -7.61351 2.31801 13.68986
v -7.41078 2.45481 15.04355
v -7.18216 2.61030 16.41085
v -6.92940 2.78523 17.79295
v -6.65485 2.98036 19.19102
v -6.36100 3.19637 20.60625
v -6.04931 3.43394 22.03983
v -5.71650 3.69375 23.49292
v -5.33892 3.97643 24.96673
v -4.59051 4.28259 26.46243
v 5.61892 3.97643 24.96673
v 4.87051 4.28259 26.46243
v 5.99650 3.69375 23.49292
v 6.32931 3.43394 22.03983
v 6.64100 3.19637 20.60625
v 6.93485 2.98036 19.19102
v 7.20940 2.78523 17.79295
v 7.46216 2.61030 16.41085
v 7.69078 2.45481 15.04355
v 7.89351 2.31801 13.68986
v 8.06931 2.19911 12.34859
v 8.21795 2.09726 11.01856
v 8.33993 2.01159 9.69859
v 8.43649 1.94117 8.38750
v 8.50952 1.88498 7.08410
v 8.56152 1.84196 5.78720
v 8.59554 1.81090 4.49564
v 8.61505 1.79048 3.20821
v 8.62392 1.77913 1.92374
v 8.62629 1.77490 0.64105
v 8.61567 1.77499 -0.64108
v 8.55693 1.78037 -1.92460
v 8.46035 1.79471 -3.21217
v 8.33096 1.82038 -4.50651
v 8.17109 1.85929 -5.81031
v 7.98191 1.91303 -7.12629
v 7.76387 1.98305 -8.45714
v 7.51687 2.07064 -9.80557
v 7.24032 2.17700 -11.17429
v 6.93312 2.30324 -12.56600
v 6.59361 2.45042 -13.98341
v 6.21944 2.61952 -15.42922
v 5.80731 2.81150 -16.90613
v 5.35256 3.02726 -18.41685
v 4.84848 3.26766 -19.96410
v 4.28492 3.53353 -21.55056
v 3.64520 3.82570 -23.17894
v 2.89822 4.14492 -24.85196
v 1.96899 4.49197 -26.57231
v 0.28000 4.86757 -28.34270
v -0.28000 4.86757 -28.34270
v -1.96899 4.49197 -26.57231
v -2.89822 4.14492 -24.85196
v -3.64520 3.82570 -23.17894
v -4.28492 3.53353 -21.55056
v -4.84848 3.26766 -19.96410
v -5.35256 3.02726 -18.41685
v -5.80731 2.81150 -16.90613
v -6.21944 2.61952 -15.42922
v -6.59361 2.45042 -13.98341
v -6.93312 2.30324 -12.56600
v -7.24032 2.17700 -11.17429
v -7.51687 2.07064 -9.80557
v -7.76387 1.98305 -8.45714
v -7.98191 1.91303 -7.12629
v -8.17109 1.85929 -5.81031
v -8.33096 1.82038 -4.50651
v -8.46035 1.79471 -3.21217
v -8.55693 1.78037 -1.92460
v -8.61567 1.77499 -0.64108
v -8.62629 1.77490 0.64105
v -8.62392 1.77913 1.92374
v -8.61505 1.79048 3.20821
v -8.59554 1.81090 4.49564
v -8.56152 1.84196 5.78720
v -8.50952 1.88498 7.08410
v -8.43649 1.94117 8.38750
v -8.33993 2.01159 9.69859
v -8.21795 2.09726 11.01856
v -8.06931 2.19911 12.34859
v -7.89351 2.31801 13.68986
v -7.69078 2.45481 15.04355
v -7.46216 2.61030 16.41085
v -7.20940 2.78523 17.79295
v -6.93485 2.98036 19.19102
v -6.64100 3.19637 20.60625
v -6.32931 3.43394 22.03983
v -5.99650 3.69375 23.49292
v -5.61892 3.97643 24.96673
v -4.87051 4.28259 26.46243
v 5.48257 4.37401 25.04822
v 4.71402 4.65341 26.55786
v 5.87030 4.11576 23.56190
v 6.21207 3.87813 22.09764
v 6.53215 3.66055 20.65418
v 6.83390 3.46247 19.23026
v 7.11584 3.28330 17.82462
v 7.37540 3.12242 16.43599
v 7.61017 2.97920 15.06313
v 7.81835 2.85298 13.70476
v 7.99889 2.74306 12.35962
v 8.15152 2.64871 11.02646
v 8.27679 2.56917 9.70402
v 8.37594 2.50362 8.39103
v 8.45094 2.45117 7.08624
v 8.50434 2.41087 5.78838
v 8.53927 2.38166 4.49619
v 8.55931 2.36235 3.20841
v 8.56842 2.35155 1.92379
v 8.57085 2.34748 0.64105
v 8.55995 2.34757 -0.64109
v 8.49963 2.35287 -1.92470
v 8.40045 2.36685 -3.21263
v 8.26757 2.39175 -4.50777
v 8.10340 2.42932 -5.81299
v 7.90913 2.48105 -7.13118
v 7.68523 2.54824 -8.46522
v 7.43158 2.63207 -9.81798
v 7.14759 2.73365 -11.19236
v 6.83212 2.85399 -12.59122
v 6.48349 2.99402 -14.01746
v 6.09925 3.15466 -15.47396
v 5.67602 3.33675 -16.96359
v 5.20904 3.54112 -18.48923
v 4.69140 3.76852 -20.05378
v 4.11267 4.01972 -21.66010
v 3.45574 4.29544 -23.31109
v 2.68866 4.59638 -25.00962
v 1.73444 4.92319 -26.75857
v 0.02000 5.27656 -28.56083
v -0.02000 5.27656 -28.56083
v -1.73444 4.92319 -26.75857
v -2.68866 4.59638 -25.00962
v -3.45574 4.29544 -23.31109
v -4.11267 4.01972 -21.66010
v -4.69140 3.76852 -20.05378
v -5.20904 3.54112 -18.48923
v -5.67602 3.33675 -16.96359
v -6.09925 3.15466 -15.47396
v -6.48349 2.99402 -14.01746
v -6.83212 2.85399 -12.59122
v -7.14759 2.73365 -11.19236
v -7.43158 2.63207 -9.81798
v -7.68523 2.54824 -8.46522
v -7.90913 2.48105 -7.13118
v -8.10340 2.42932 -5.81299
v -8.26757 2.39175 -4.50777
v -8.40045 2.36685 -3.21263
v -8.49963 2.35287 -1.92470
v -8.55995 2.34757 -0.64109
v -8.57085 2.34748 0.64105
v -8.56842 2.35155 1.92379
v -8.55931 2.36235 3.20841
v -8.53927 2.38166 4.49619
v -8.50434 2.41087 5.78838
v -8.45094 2.45117 7.08624
v -8.37594 2.50362 8.39103
v -8.27679 2.56917 9.70402
v -8.15152 2.64871 11.02646
v -7.99889 2.74306 12.35962
v -7.81835 2.85298 13.70476
v -7.61017 2.97920 15.06313
v -7.37540 3.12242 16.43599
v -7.11584 3.28330 17.82462
v -6.83390 3.46247 19.23026
v -6.53215 3.66055 20.65418
v -6.21207 3.87813 22.09764
v -5.87030 4.11576 23.56190
v -5.48257 4.37401 25.04822
v -4.71402 4.65341 26.55786
v 5.76257 4.37401 25.04822
v 4.99402 4.65341 26.55786
v 6.15030 4.11576 23.56190
v 6.49207 3.87813 22.09764
v 6.81215 3.66055 20.65418
v 7.11390 3.46247 19.23026
v 7.39584 3.28330 17.82462
v 7.65540 3.12242 16.43599
v 7.89017 2.97920 15.06313
v 8.09835 2.85298 13.70476
v 8.27889 2.74306 12.35962
v 8.43152 2.64871 11.02646
v 8.55679 2.56917 9.70402
v 8.65594 2.50362 8.39103
v 8.73094 2.45117 7.08624
v 8.78434 2.41087 5.78838
v 8.81927 2.38166 4.49619
v 8.83931 2.36235 3.20841
v 8.84842 2.35155 1.92379
v 8.85085 2.34748 0.64105
v 8.83995 2.34757 -0.64109
v 8.77963 2.35287 -1.92470
v 8.68045 2.36685 -3.21263
v 8.54757 2.39175 -4.50777
v 8.38340 2.42932 -5.81299
v 8.18913 2.48105 -7.13118
v 7.96523 2.54824 -8.46522
v 7.71158 2.63207 -9.81798
v 7.42759 2.73365 -11.19236
v 7.11212 2.85399 -12.59122
v 6.76349 2.99402 -14.01746
v 6.37925 3.15466 -15.47396
v 5.95602 3.33675 -16.96359
v 5.48904 3.54112 -18.48923
v 4.97140 3.76852 -20.05378
v 4.39267 4.01972 -21.66010
v 3.73574 4.29544 -23.31109
v 2.96866 4.59638 -25.00962
v 2.01444 4.92319 -26.75857
v 0.28000 5.27656 -28.56083
v -0.28000 5.27656 -28.56083
v -2.01444 4.92319 -26.75857
v -2.96866 4.59638 -25.00962
v -3.73574 4.29544 -23.31109
v -4.39267 4.01972 -21.66010
v -4.97140 3.76852 -20.05378
v -5.48904 3.54112 -18.48923
v -5.95602 3.33675 -16.96359
v -6.37925 3.15466 -15.47396
v -6.76349 2.99402 -14.01746
v -7.11212 2.85399 -12.59122
v -7.42759 2.73365 -11.19236
v -7.71158 2.63207 -9.81798
v -7.96523 2.54824 -8.46522
v -8.18913 2.48105 -7.13118
v -8.38340 2.42932 -5.81299
v -8.54757 2.39175 -4.50777
v -8.68045 2.36685 -3.21263
v -8.77963 2.35287 -1.92470
v -8.83995 2.34757 -0.64109
v -8.85085 2.34748 0.64105
v -8.84842 2.35155 1.92379
v -8.83931 2.36235 3.20841
v -8.81927 2.38166 4.49619
v -8.78434 2.41087 5.78838
v -8.73094 2.45117 7.08624
v -8.65594 2.50362 8.39103
v -8.55679 2.56917 9.70402
v -8.43152 2.64871 11.02646
v -8.27889 2.74306 12.35962
v -8.09835 2.85298 13.70476
v -7.89017 2.97920 15.06313
v -7.65540 3.12242 16.43599
v -7.39584 3.28330 17.82462
v -7.11390 3.46247 19.23026
v -6.81215 3.66055 20.65418
v -6.49207 3.87813 22.09764
v -6.15030 4.11576 23.56190
v -5.76257 4.37401 25.04822
v -4.99402 4.65341 26.55786
v 5.62183 4.77343 25.13009
v 4.83376 5.02594 26.65373
v 6.01941 4.53972 23.63120
v 6.36986 4.32436 22.15572
v 6.69806 4.12688 20.70233
v 7.00748 3.94682 19.26968
v 7.29658 3.78367 17.85643
v 7.56273 3.63691 16.46125
v 7.80347 3.50601 15.08279
v 8.01694 3.39041 13.71972
v 8.20206 3.28952 12.37071
v 8.35857 3.20271 11.03440
v 8.48702 3.12933 9.70948
v 8.58869 3.06867 8.39458
v 8.66559 3.01997 7.08839
v 8.72035 2.98240 5.78955
v 8.75617 2.95505 4.49674
v 8.77672 2.93686 3.20861
v 8.78606 2.92661 1.92383
v 8.78855 2.92270 0.64105
v 8.77737 2.92280 -0.64109
v 8.71552 2.92801 -1.92480
v 8.61382 2.94164 -3.21309
v 8.47757 2.96577 -4.50904
v 8.30923 3.00200 -5.81568
v 8.11002 3.05169 -7.13610
v 7.88043 3.11603 -8.47333
v 7.62035 3.19610 -9.83045
v 7.32914 3.29288 -11.21051
v 7.00566 3.40727 -12.61656
v 6.64817 3.54014 -14.05167
v 6.25417 3.69227 -15.51890
v 5.82019 3.86443 -17.02131
v 5.34135 4.05735 -18.56195
v 4.81056 4.27170 -20.14388
v 4.21714 4.50816 -21.77016
v 3.54352 4.76736 -23.44385
v 2.75695 5.04991 -25.16801
v 1.77849 5.35641 -26.94569
v 0.02000 5.68743 -28.77996
v -0.02000 5.68743 -28.77996
v -1.77849 5.35641 -26.94569
v -2.75695 5.04991 -25.16801
v -3.54352 4.76736 -23.44385
v -4.21714 4.50816 -21.77016
v -4.81056 4.27170 -20.14388
v -5.34135 4.05735 -18.56195
v -5.82019 3.86443 -17.02131
v -6.25417 3.69227 -15.51890
v -6.64817 3.54014 -14.05167
v -7.00566 3.40727 -12.61656
v -7.32914 3.29288 -11.21051
v -7.62035 3.19610 -9.83045
v -7.88043 3.11603 -8.47333
v -8.11002 3.05169 -7.13610
v -8.30923 3.00200 -5.81568
v -8.47757 2.96577 -4.50904
v -8.61382 2.94164 -3.21309
v -8.71552 2.92801 -1.92480
v -8.77737 2.92280 -0.64109
v -8.78855 2.92270 0.64105
v -8.78606 2.92661 1.92383
v -8.77672 2.93686 3.20861
v -8.75617 2.95505 4.49674
v -8.72035 2.98240 5.78955
v -8.66559 3.01997 7.08839
v -8.58869 3.06867 8.39458
v -8.48702 3.12933 9.70948
v -8.35857 3.20271 11.03440
v -8.20206 3.28952 12.37071
v -8.01694 3.39041 13.71972
v -7.80347 3.50601 15.08279
v -7.56273 3.63691 16.46125
v -7.29658 3.78367 17.85643
v -7.00748 3.94682 19.26968
v -6.69806 4.12688 20.70233
v -6.36986 4.32436 22.15572
v -6.01941 4.53972 23.63120
v -5.62183 4.77343 25.13009
v -4.83376 5.02594 26.65373
v 5.90183 4.77343 25.13009
v 5.11376 5.02594 26.65373
v 6.29941 4.53972 23.63120
v 6.64986 4.32436 22.15572
v 6.97806 4.12688 20.70233
v 7.28748 3.94682 19.26968
v 7.57658 3.78367 17.85643
v 7.84273 3.63691 16.46125
v 8.08347 3.50601 15.08279
v 8.29694 3.39041 13.71972
v 8.48206 3.28952 12.37071
v 8.63857 3.20271 11.03440
v 8.76702 3.12933 9.70948
v 8.86869 3.06867 8.39458
v 8.94559 3.01997 7.08839
v 9.00035 2.98240 5.78955
v 9.03617 2.95505 4.49674
v 9.05672 2.93686 3.20861
v 9.06606 2.92661 1.92383
v 9.06855 2.92270 0.64105
v 9.05737 2.92280 -0.64109
v 8.99552 2.92801 -1.92480
v 8.89382 2.94164 -3.21309
v 8.75757 2.96577 -4.50904
v 8.58923 3.00200 -5.81568
v 8.39002 3.05169 -7.13610
v 8.16043 3.11603 -8.47333
v 7.90035 3.19610 -9.83045
v 7.60914 3.29288 -11.21051
v 7.28566 3.40727 -12.61656
v 6.92817 3.54014 -14.05167
v 6.53417 3.69227 -15.51890
v 6.10019 3.86443 -17.02131
v 5.62135 4.05735 -18.56195
v 5.09056 4.27170 -20.14388
v 4.49714 4.50816 -21.77016
v 3.82352 4.76736 -23.44385
v 3.03695 5.04991 -25.16801
v 2.05849 5.35641 -26.94569
v 0.28000 5.68743 -28.77996
v -0.28000 5.68743 -28.77996
v -2.05849 5.35641 -26.94569
v -3.03695 5.04991 -25.16801
v -3.82352 4.76736 -23.44385
v -4.49714 4.50816 -21.77016
v -5.09056 4.27170 -20.14388
v -5.62135 4.05735 -18.56195
v -6.10019 3.86443 -17.02131
v -6.53417 3.69227 -15.51890
v -6.92817 3.54014 -14.05167
v -7.28566 3.40727 -12.61656
v -7.60914 3.29288 -11.21051
v -7.90035 3.19610 -9.83045
v -8.16043 3.11603 -8.47333
v -8.39002 3.05169 -7.13610
v -8.58923 3.00200 -5.81568
v -8.75757 2.96577 -4.50904
v -8.89382 2.94164 -3.21309
v -8.99552 2.92801 -1.92480
v -9.05737 2.92280 -0.64109
v -9.06855 2.92270 0.64105
v -9.06606 2.92661 1.92383
v -9.05672 2.93686 3.20861
v -9.03617 2.95505 4.49674
v -9.00035 2.98240 5.78955
v -8.94559 3.01997 7.08839
v -8.86869 3.06867 8.39458
v -8.76702 3.12933 9.70948
v -8.63857 3.20271 11.03440
v -8.48206 3.28952 12.37071
v -8.29694 3.39041 13.71972
v -8.08347 3.50601 15.08279
v -7.84273 3.63691 16.46125
v -7.57658 3.78367 17.85643
v -7.28748 3.94682 19.26968
v -6.97806 4.12688 20.70233
v -6.64986 4.32436 22.15572
v -6.29941 4.53972 23.63120
v -5.90183 4.77343 25.13009
v -5.11376 5.02594 26.65373
v 5.75702 5.17449 25.21229
v 4.95000 5.40000 26.75000
v 6.16416 4.96542 23.70077
v 6.52304 4.77242 22.21404
v 6.85914 4.59513 20.75067
v 7.17600 4.43315 19.30926
v 7.47205 4.28609 17.88837
v 7.74460 4.15351 16.48660
v 7.99113 4.03499 15.10253
v 8.20973 3.93006 13.73475
v 8.39930 3.83823 12.38184
v 8.55958 3.75899 11.04238
v 8.69111 3.69179 9.71495
v 8.79523 3.63604 8.39815
v 8.87398 3.59110 7.09055
v 8.93006 3.55628 5.79074
v 8.96674 3.53079 4.49730
v 8.98778 3.51373 3.20882
v 8.99735 3.50403 1.92387
v 8.99990 3.50029 0.64106
v 8.98845 3.50039 -0.64109
v 8.92511 3.50551 -1.92490
v 8.82097 3.51879 -3.21356
v 8.68144 3.54214 -4.51031
v 8.50905 3.57702 -5.81839
v 8.30506 3.62467 -7.14103
v 8.06994 3.68616 -8.48148
v 7.80360 3.76244 -9.84297
v 7.50539 3.85440 -11.22873
v 7.17413 3.96284 -12.64200
v 6.80804 4.08850 -14.08603
v 6.40457 4.23209 -15.56404
v 5.96016 4.39428 -17.07927
v 5.46980 4.57570 -18.63496
v 4.92625 4.77695 -20.23434
v 4.31855 4.99860 -21.88066
v 3.62873 5.24121 -23.57715
v 2.82325 5.50531 -25.32705
v 1.82126 5.79141 -27.13358
v 0.02000 6.10000 -29.00000
v -0.02000 6.10000 -29.00000
v -1.82126 5.79141 -27.13358
v -2.82325 5.50531 -25.32705
v -3.62873 5.24121 -23.57715
v -4.31855 4.99860 -21.88066
v -4.92625 4.77695 -20.23434
v -5.46980 4.57570 -18.63496
v -5.96016 4.39428 -17.07927
v -6.40457 4.23209 -15.56404
v -6.80804 4.08850 -14.08603
v -7.17413 3.96284 -12.64200
v -7.50539 3.85440 -11.22873
v -7.80360 3.76244 -9.84297
v -8.06994 3.68616 -8.48148
v -8.30506 3.62467 -7.14103
v -8.50905 3.57702 -5.81839
v -8.68144 3.54214 -4.51031
v -8.82097 3.51879 -3.21356
v -8.92511 3.50551 -1.92490
v -8.98845 3.50039 -0.64109
v -8.99990 3.50029 0.64106
v -8.99735 3.50403 1.92387
v -8.98778 3.51373 3.20882
v -8.96674 3.53079 4.49730
v -8.93006 3.55628 5.79074
v -8.87398 3.59110 7.09055
v -8.79523 3.63604 8.39815
v -8.69111 3.69179 9.71495
v -8.55958 3.75899 11.04238
v -8.39930 3.83823 12.38184
v -8.20973 3.93006 13.73475
v -7.99113 4.03499 15.10253
v -7.74460 4.15351 16.48660
v -7.47205 4.28609 17.88837
v -7.17600 4.43315 19.30926
v -6.85914 4.59513 20.75067
v -6.52304 4.77242 22.21404
v -6.16416 4.96542 23.70077
v -5.75702 5.17449 25.21229
v -4.95000 5.40000 26.75000
v 5.43702 5.17449 25.21229
v 4.63000 5.40000 26.75000
v 5.84416 4.96542 23.70077
v 6.20304 4.77242 22.21404
v 6.53914 4.59513 20.75067
v 6.85600 4.43315 19.30926
v 7.15205 4.28609 17.88837
v 7.42460 4.15351 16.48660
v 7.67113 4.03499 15.10253
v 7.88973 3.93006 13.73475
v 8.07930 3.83823 12.38184
v 8.23958 3.75899 11.04238
v 8.37111 3.69179 9.71495
v 8.47523 3.63604 8.39815
v 8.55398 3.59110 7.09055
v 8.61006 3.55628 5.79074
v 8.64674 3.53079 4.49730
v 8.66778 3.51373 3.20882
v 8.67735 3.50403 1.92387
v 8.67990 3.50029 0.64106
v 8.66845 3.50039 -0.64109
v 8.60511 3.50551 -1.92490
v 8.50097 3.51879 -3.21356
v 8.36144 3.54214 -4.51031
v 8.18905 3.57702 -5.81839
v 7.98506 3.62467 -7.14103
v 7.74994 3.68616 -8.48148
v 7.48360 3.76244 -9.84297
v 7.18539 3.85440 -11.22873
v 6.85413 3.96284 -12.64200
v 6.48804 4.08850 -14.08603
v 6.08457 4.23209 -15.56404
v 5.64016 4.39428 -17.07927
v 5.14980 4.57570 -18.63496
v 4.60625 4.77695 -20.23434
v 3.99855 4.99860 -21.88066
v 3.30873 5.24121 -23.57715
v 2.50325 5.50531 -25.32705
v 1.50126 5.79141 -27.13358
v -1.50126 5.79141 -27.13358
v -2.50325 5.50531 -25.32705
v -3.30873 5.24121 -23.57715
v -3.99855 4.99860 -21.88066
v -4.60625 4.77695 -20.23434
v -5.14980 4.57570 -18.63496
v -5.64016 4.39428 -17.07927
v -6.08457 4.23209 -15.56404
v -6.48804 4.08850 -14.08603
v -6.85413 3.96284 -12.64200
v -7.18539 3.85440 -11.22873
v -7.48360 3.76244 -9.84297
v -7.74994 3.68616 -8.48148
v -7.98506 3.62467 -7.14103
v -8.18905 3.57702 -5.81839
v -8.36144 3.54214 -4.51031
v -8.50097 3.51879 -3.21356
v -8.60511 3.50551 -1.92490
v -8.66845 3.50039 -0.64109
v -8.67990 3.50029 0.64106
v -8.67735 3.50403 1.92387
v -8.66778 3.51373 3.20882
v -8.64674 3.53079 4.49730
v -8.61006 3.55628 5.79074
v -8.55398 3.59110 7.09055
v -8.47523 3.63604 8.39815
v -8.37111 3.69179 9.71495
v -8.23958 3.75899 11.04238
v -8.07930 3.83823 12.38184
v -7.88973 3.93006 13.73475
v -7.67113 4.03499 15.10253
v -7.42460 4.15351 16.48660
v -7.15205 4.28609 17.88837
v -6.85600 4.43315 19.30926
v -6.53914 4.59513 20.75067
v -6.20304 4.77242 22.21404
v -5.84416 4.96542 23.70077
v -5.43702 5.17449 25.21229
v -4.63000 5.40000 26.75000
v 3.68240 2.70000 26.05515
v 4.51696 2.70000 24.70511
v 5.00965 2.70000 23.33050
v 5.44628 2.70000 21.94430
v 5.85066 2.70000 20.55500
v 6.22760 2.70000 19.16821
v 6.57679 2.70000 17.78753
v 6.89652 2.70000 16.41526
v 7.18492 2.70000 15.05270
v 7.44054 2.70000 13.70049
v 7.66258 2.70000 12.35875
v 7.85100 2.70000 11.02720
v 8.00654 2.70000 9.70529
v 8.13072 2.70000 8.39227
v 8.22576 2.70000 7.08718
v 8.29456 2.70000 5.78897
v 8.34062 2.70000 4.49650
v 8.36799 2.70000 3.20853
v 8.38119 2.70000 1.92381
v 8.38516 2.70000 0.64105
v 8.37405 2.70000 -0.64109
v 8.31082 2.70000 -1.92476
v 8.20502 2.70000 -3.21290
v 8.06124 2.70000 -4.50845
v 7.88157 2.70000 -5.81426
v 7.66704 2.70000 -7.13307
v 7.41807 2.70000 -8.46739
v 7.13467 2.70000 -9.81948
v 6.81646 2.70000 -11.19126
v 6.46273 2.70000 -12.58417
v 6.07238 2.70000 -13.99904
v 5.64386 2.70000 -15.43594
v 5.17502 2.70000 -16.89393
v 4.66293 2.70000 -18.37076
v 4.10341 2.70000 -19.86245
v 3.49025 2.70000 -21.36275
v 2.81324 2.70000 -22.86226
v 2.05286 2.70000 -24.34735
v 1.15887 2.70000 -25.79830
v 0.02000 2.70000 -27.18667
v -0.02000 2.70000 -27.18667
v -1.15887 2.70000 -25.79830
v -2.05286 2.70000 -24.34735
v -2.81324 2.70000 -22.86226
v -3.49025 2.70000 -21.36275
v -4.10341 2.70000 -19.86245
v -4.66293 2.70000 -18.37076
v -5.17502 2.70000 -16.89393
v -5.64386 2.70000 -15.43594
v -6.07238 2.70000 -13.99904
v -6.46273 2.70000 -12.58417
v -6.81646 2.70000 -11.19126
v -7.13467 2.70000 -9.81948
v -7.41807 2.70000 -8.46739
v -7.66704 2.70000 -7.13307
v -7.88157 2.70000 -5.81426
v -8.06124 2.70000 -4.50845
v -8.20502 2.70000 -3.21290
v -8.31082 2.70000 -1.92476
v -8.37405 2.70000 -0.64109
v -8.38516 2.70000 0.64105
v -8.38119 2.70000 1.92381
v -8.36799 2.70000 3.20853
v -8.34062 2.70000 4.49650
v -8.29456 2.70000 5.78897
v -8.22576 2.70000 7.08718
v -8.13072 2.70000 8.39227
v -8.00654 2.70000 9.70529
v -7.85100 2.70000 11.02720
v -7.66258 2.70000 12.35875
v -7.44054 2.70000 13.70049
v -7.18492 2.70000 15.05270
v -6.89652 2.70000 16.41526
v -6.57679 2.70000 17.78753
v -6.22760 2.70000 19.16821
v -5.85066 2.70000 20.55500
v -5.44628 2.70000 21.94430
v -5.00965 2.70000 23.33050
v -4.51696 2.70000 24.70511
v -3.68240 2.70000 26.05515
v 5.54766 5.26606 25.84718
v 5.54766 6.60000 25.84718
v 4.95000 6.60000 26.75000
v 4.63000 6.60000 26.75000
v 5.22766 6.60000 25.84718
v 5.22766 5.26606 25.84718
v -4.95000 6.60000 26.75000
v -5.54766 6.60000 25.84718
v -5.54766 5.26606 25.84718
v -5.22766 5.26606 25.84718
v -5.22766 6.60000 25.84718
v -4.63000 6.60000 26.75000
v 5.83278 5.13780 24.95352
v 5.83278 6.60000 24.95352
v 5.51278 6.60000 24.95352
v 5.51278 5.13780 24.95352
v -5.83278 6.60000 24.95352
v -5.83278 5.13780 24.95352
v -5.51278 5.13780 24.95352
v -5.51278 6.60000 24.95352
v 6.07095 5.01514 24.06875
v 6.07095 6.60000 24.06875
v 5.75095 6.60000 24.06875
v 5.75095 5.01514 24.06875
v -6.07095 6.60000 24.06875
v -6.07095 5.01514 24.06875
v -5.75095 5.01514 24.06875
v -5.75095 6.60000 24.06875
v 6.28946 4.89802 23.19258
v 6.28946 6.60000 23.19258
v 5.96946 6.60000 23.19258
v 5.96946 4.89802 23.19258
v -6.28946 6.60000 23.19258
v -6.28946 4.89802 23.19258
v -5.96946 4.89802 23.19258
v -5.96946 6.60000 23.19258
v 6.49703 4.78635 22.32472
v 6.49703 6.60000 22.32472
v 6.17703 6.60000 22.32472
v 6.17703 4.78635 22.32472
v -6.49703 6.60000 22.32472
v -6.49703 4.78635 22.32472
v -6.17703 4.78635 22.32472
v -6.17703 6.60000 22.32472
v 6.69687 4.68007 21.46489
v 6.69687 6.60000 21.46489
v 6.37687 6.60000 21.46489
v 6.37687 4.68007 21.46489
v -6.69687 6.60000 21.46489
v -6.69687 4.68007 21.46489
v -6.37687 4.68007 21.46489
v -6.37687 6.60000 21.46489
v 6.89008 4.57909 20.61282
v 6.89008 6.60000 20.61282
v 6.57008 6.60000 20.61282
v 6.57008 4.57909 20.61282
v -6.89008 6.60000 20.61282
v -6.89008 4.57909 20.61282
v -6.57008 4.57909 20.61282
v -6.57008 6.60000 20.61282
v 7.07675 4.48335 19.76821
v 7.07675 6.60000 19.76821
v 6.75675 6.60000 19.76821
v 6.75675 4.48335 19.76821
v -7.07675 6.60000 19.76821
v -7.07675 4.48335 19.76821
v -6.75675 4.48335 19.76821
v -6.75675 6.60000 19.76821
v 7.25658 4.39275 18.93078
v 7.25658 6.60000 18.93078
v 6.93658 6.60000 18.93078
v 6.93658 4.39275 18.93078
v -7.25658 6.60000 18.93078
v -7.25658 4.39275 18.93078
v -6.93658 4.39275 18.93078
v -6.93658 6.60000 18.93078
v 7.42907 4.30721 18.10025
v 7.42907 6.60000 18.10025
v 7.10907 6.60000 18.10025
v 7.10907 4.30721 18.10025
v -7.42907 6.60000 18.10025
v -7.42907 4.30721 18.10025
v -7.10907 4.30721 18.10025
v -7.10907 6.60000 18.10025
v 7.59366 4.22666 17.27634
v 7.59366 6.60000 17.27634
v 7.27366 6.60000 17.27634
v 7.27366 4.22666 17.27634
v -7.59366 6.60000 17.27634
v -7.59366 4.22666 17.27634
v -7.27366 4.22666 17.27634
v -7.27366 6.60000 17.27634
v 7.74980 4.15101 16.45875
v 7.74980 6.60000 16.45875
v 7.42980 6.60000 16.45875
v 7.42980 4.15101 16.45875
v -7.74980 6.60000 16.45875
v -7.74980 4.15101 16.45875
v -7.42980 4.15101 16.45875
v -7.42980 6.60000 16.45875
v -4.95000 6.60000 26.43000
v 4.95000 6.60000 26.43000
v -4.95000 5.40000 26.43000
v 4.95000 5.40000 26.43000
v 7.42980 6.60000 16.77875
v 7.74980 6.60000 16.77875
v 7.74980 4.15101 16.77875
v 7.42980 4.15101 16.77875
v -7.74980 6.60000 16.77875
v -7.42980 6.60000 16.77875
v -7.42980 4.15101 16.77875
v -7.74980 4.15101 16.77875
v -6.90260 5.60000 16.45875
v -6.90260 5.60000 16.77875
v -0.50000 5.60000 16.77875
v -0.50000 5.60000 16.45875
v -6.90260 2.70000 16.45875
v -0.50000 2.70000 16.45875
v -0.50000 2.70000 16.77875
v -6.90260 2.70000 16.77875
v 0.50000 5.60000 16.45875
v 0.50000 5.60000 16.77875
v 6.90260 5.60000 16.77875
v 6.90260 5.60000 16.45875
v 0.50000 2.70000 16.45875
v 6.90260 2.70000 16.45875
v 6.90260 2.70000 16.77875
v 0.50000 2.70000 16.77875
v -0.50000 4.20000 16.45875
v 0.50000 4.20000 16.45875
v 0.50000 4.20000 16.77875
v -0.50000 4.20000 16.77875
v -6.90260 5.80000 16.45875
v -6.90260 5.80000 16.77875
v 6.90260 5.80000 16.77875
v 6.90260 5.80000 16.45875
v -7.42980 6.50000 16.45875
v -7.42980 6.50000 16.55875
v -6.40000 6.50000 16.55875
v -6.40000 6.50000 16.45875
v -7.42980 6.40000 16.45875
v -6.40000 6.40000 16.45875
v -6.40000 6.40000 16.55875
v -7.42980 6.40000 16.55875
v -5.20000 6.50000 16.45875
v -5.20000 6.50000 16.55875
v 5.20000 6.50000 16.55875
v 5.20000 6.50000 16.45875
v -5.20000 6.40000 16.45875
v 5.20000 6.40000 16.45875
v 5.20000 6.40000 16.55875
v -5.20000 6.40000 16.55875
v 6.40000 6.50000 16.45875
v 6.40000 6.50000 16.55875
v 7.42980 6.50000 16.55875
v 7.42980 6.50000 16.45875
v 6.40000 6.40000 16.45875
v 7.42980 6.40000 16.45875
v 7.42980 6.40000 16.55875
v 6.40000 6.40000 16.55875
v -7.42980 6.40000 16.54875
v -7.33980 6.40000 16.54875
v -7.33980 6.40000 16.45875
v -7.42980 5.80000 16.45875
v -7.33980 5.80000 16.45875
v -7.33980 5.80000 16.54875
v -7.42980 5.80000 16.54875
v -6.49000 6.40000 16.45875
v -6.49000 6.40000 16.54875
v -6.40000 6.40000 16.54875
v -6.49000 5.80000 16.45875
v -6.40000 5.80000 16.45875
v -6.40000 5.80000 16.54875
v -6.49000 5.80000 16.54875
v -5.20000 6.40000 16.54875
v -5.11000 6.40000 16.54875
v -5.11000 6.40000 16.45875
v -5.20000 5.80000 16.45875
v -5.11000 5.80000 16.45875
v -5.11000 5.80000 16.54875
v -5.20000 5.80000 16.54875
v -3.48167 6.40000 16.45875
v -3.48167 6.40000 16.54875
v -3.39167 6.40000 16.54875
v -3.39167 6.40000 16.45875
v -3.48167 5.80000 16.45875
v -3.39167 5.80000 16.45875
v -3.39167 5.80000 16.54875
v -3.48167 5.80000 16.54875
v -1.76333 6.40000 16.45875
v -1.76333 6.40000 16.54875
v -1.67333 6.40000 16.54875
v -1.67333 6.40000 16.45875
v -1.76333 5.80000 16.45875
v -1.67333 5.80000 16.45875
v -1.67333 5.80000 16.54875
v -1.76333 5.80000 16.54875
v -0.04500 6.40000 16.45875
v -0.04500 6.40000 16.54875
v 0.04500 6.40000 16.54875
v 0.04500 6.40000 16.45875
v -0.04500 5.80000 16.45875
v 0.04500 5.80000 16.45875
v 0.04500 5.80000 16.54875
v -0.04500 5.80000 16.54875
v 1.67333 6.40000 16.45875
v 1.67333 6.40000 16.54875
v 1.76333 6.40000 16.54875
v 1.76333 6.40000 16.45875
v 1.67333 5.80000 16.45875
v 1.76333 5.80000 16.45875
v 1.76333 5.80000 16.54875
v 1.67333 5.80000 16.54875
v 3.39167 6.40000 16.45875
v 3.39167 6.40000 16.54875
v 3.48167 6.40000 16.54875
v 3.48167 6.40000 16.45875
v 3.39167 5.80000 16.45875
v 3.48167 5.80000 16.45875
v 3.48167 5.80000 16.54875
v 3.39167 5.80000 16.54875
v 5.11000 6.40000 16.45875
v 5.11000 6.40000 16.54875
v 5.20000 6.40000 16.54875
v 5.11000 5.80000 16.45875
v 5.20000 5.80000 16.45875
v 5.20000 5.80000 16.54875
v 5.11000 5.80000 16.54875
v 6.40000 6.40000 16.54875
v 6.49000 6.40000 16.54875
v 6.49000 6.40000 16.45875
v 6.40000 5.80000 16.45875
v 6.49000 5.80000 16.45875
v 6.49000 5.80000 16.54875
v 6.40000 5.80000 16.54875
v 7.33980 6.40000 16.45875
v 7.33980 6.40000 16.54875
v 7.42980 6.40000 16.54875
v 7.33980 5.80000 16.45875
v 7.42980 5.80000 16.45875
v 7.42980 5.80000 16.54875
v 7.33980 5.80000 16.54875
v 5.35637 6.60000 26.29743
v 5.35637 9.80000 26.29743
v 4.95000 9.80000 26.75000
v 4.63000 9.80000 26.75000
v 5.03637 9.80000 26.29743
v 5.03637 6.60000 26.29743
v -4.95000 9.80000 26.75000
v -5.35637 9.80000 26.29743
v -5.35637 6.60000 26.29743
v -5.03637 6.60000 26.29743
v -5.03637 9.80000 26.29743
v -4.63000 9.80000 26.75000
v 5.54766 9.80000 25.84718
v 5.22766 9.80000 25.84718
v -5.54766 9.80000 25.84718
v -5.22766 9.80000 25.84718
v 5.69955 6.60000 25.39922
v 5.69955 9.80000 25.39922
v 5.37955 9.80000 25.39922
v 5.37955 6.60000 25.39922
v -5.69955 9.80000 25.39922
v -5.69955 6.60000 25.39922
v -5.37955 6.60000 25.39922
v -5.37955 9.80000 25.39922
v 5.83278 9.80000 24.95352
v 5.51278 9.80000 24.95352
v -5.83278 9.80000 24.95352
v -5.51278 9.80000 24.95352
v 5.95529 6.60000 24.51004
v 5.95529 9.80000 24.51004
v 5.63529 9.80000 24.51004
v 5.63529 6.60000 24.51004
v -5.95529 9.80000 24.51004
v -5.95529 6.60000 24.51004
v -5.63529 6.60000 24.51004
v -5.63529 9.80000 24.51004
v 6.07095 9.80000 24.06875
v 5.75095 9.80000 24.06875
v -6.07095 9.80000 24.06875
v -5.75095 9.80000 24.06875
v 6.18193 6.60000 23.62961
v 6.18193 9.80000 23.62961
v 5.86193 9.80000 23.62961
v 5.86193 6.60000 23.62961
v -6.18193 9.80000 23.62961
v -6.18193 6.60000 23.62961
v -5.86193 6.60000 23.62961
v -5.86193 9.80000 23.62961
v 6.28946 9.80000 23.19258
v 5.96946 9.80000 23.19258
v -6.28946 9.80000 23.19258
v -5.96946 9.80000 23.19258
v 6.39434 6.60000 22.75763
v 6.39434 9.80000 22.75763
v 6.07434 9.80000 22.75763
v 6.07434 6.60000 22.75763
v -6.39434 9.80000 22.75763
v -6.39434 6.60000 22.75763
v -6.07434 6.60000 22.75763
v -6.07434 9.80000 22.75763
v 6.49703 9.80000 22.32472
v 6.17703 9.80000 22.32472
v -6.49703 9.80000 22.32472
v -6.17703 9.80000 22.32472
v 6.59782 6.60000 21.89382
v 6.59782 9.80000 21.89382
v 6.27782 9.80000 21.89382
v 6.27782 6.60000 21.89382
v -6.59782 9.80000 21.89382
v -6.59782 6.60000 21.89382
v -6.27782 6.60000 21.89382
v -6.27782 9.80000 21.89382
v 6.69687 9.80000 21.46489
v 6.37687 9.80000 21.46489
v -6.69687 9.80000 21.46489
v -6.37687 9.80000 21.46489
v -4.95000 9.80000 26.43000
v 4.95000 9.80000 26.43000
v 6.37687 9.80000 21.78489
v 6.69687 9.80000 21.78489
v 6.69687 6.60000 21.78489
v 6.37687 6.60000 21.78489
v -6.69687 9.80000 21.78489
v -6.37687 9.80000 21.78489
v -6.37687 6.60000 21.78489
v -6.69687 6.60000 21.78489
v -6.37687 8.80000 21.46489
v -6.37687 8.80000 21.78489
v -0.50000 8.80000 21.78489
v -0.50000 8.80000 21.46489
v -6.37687 5.80000 21.46489
v -0.50000 5.80000 21.46489
v -0.50000 5.80000 21.78489
v -6.37687 5.80000 21.78489
v 0.50000 8.80000 21.46489
v 0.50000 8.80000 21.78489
v 6.37687 8.80000 21.78489
v 6.37687 8.80000 21.46489
v 0.50000 5.80000 21.46489
v 6.37687 5.80000 21.46489
v 6.37687 5.80000 21.78489
v 0.50000 5.80000 21.78489
v -0.50000 7.30000 21.46489
v 0.50000 7.30000 21.46489
v 0.50000 7.30000 21.78489
v -0.50000 7.30000 21.78489
v -6.37687 9.00000 21.46489
v -6.37687 9.00000 21.78489
v 6.37687 9.00000 21.78489
v 6.37687 9.00000 21.46489
v -6.37687 9.70000 21.46489
v -6.37687 9.70000 21.56489
v -4.60000 9.70000 21.56489
v -4.60000 9.70000 21.46489
v -6.37687 9.60000 21.46489
v -4.60000 9.60000 21.46489
v -4.60000 9.60000 21.56489
v -6.37687 9.60000 21.56489
v -3.40000 9.70000 21.46489
v -3.40000 9.70000 21.56489
v 3.40000 9.70000 21.56489
v 3.40000 9.70000 21.46489
v -3.40000 9.60000 21.46489
v 3.40000 9.60000 21.46489
v 3.40000 9.60000 21.56489
v -3.40000 9.60000 21.56489
v 4.60000 9.70000 21.46489
v 4.60000 9.70000 21.56489
v 6.37687 9.70000 21.56489
v 6.37687 9.70000 21.46489
v 4.60000 9.60000 21.46489
v 6.37687 9.60000 21.46489
v 6.37687 9.60000 21.56489
v 4.60000 9.60000 21.56489
v -6.37687 9.60000 21.55489
v -6.28687 9.60000 21.55489
v -6.28687 9.60000 21.46489
v -6.28687 9.00000 21.46489
v -6.28687 9.00000 21.55489
v -6.37687 9.00000 21.55489
v -4.69000 9.60000 21.46489
v -4.69000 9.60000 21.55489
v -4.60000 9.60000 21.55489
v -4.69000 9.00000 21.46489
v -4.60000 9.00000 21.46489
v -4.60000 9.00000 21.55489
v -4.69000 9.00000 21.55489
v -3.40000 9.60000 21.55489
v -3.31000 9.60000 21.55489
v -3.31000 9.60000 21.46489
v -3.40000 9.00000 21.46489
v -3.31000 9.00000 21.46489
v -3.31000 9.00000 21.55489
v -3.40000 9.00000 21.55489
v -1.72250 9.60000 21.46489
v -1.72250 9.60000 21.55489
v -1.63250 9.60000 21.55489
v -1.63250 9.60000 21.46489
v -1.72250 9.00000 21.46489
v -1.63250 9.00000 21.46489
v -1.63250 9.00000 21.55489
v -1.72250 9.00000 21.55489
v -0.04500 9.60000 21.46489
v -0.04500 9.60000 21.55489
v 0.04500 9.60000 21.55489
v 0.04500 9.60000 21.46489
v -0.04500 9.00000 21.46489
v 0.04500 9.00000 21.46489
v 0.04500 9.00000 21.55489
v -0.04500 9.00000 21.55489
v 1.63250 9.60000 21.46489
v 1.63250 9.60000 21.55489
v 1.72250 9.60000 21.55489
v 1.72250 9.60000 21.46489
v 1.63250 9.00000 21.46489
v 1.72250 9.00000 21.46489
v 1.72250 9.00000 21.55489
v 1.63250 9.00000 21.55489
v 3.31000 9.60000 21.46489
v 3.31000 9.60000 21.55489
v 3.40000 9.60000 21.55489
v 3.31000 9.00000 21.46489
v 3.40000 9.00000 21.46489
v 3.40000 9.00000 21.55489
v 3.31000 9.00000 21.55489
v 4.60000 9.60000 21.55489
v 4.69000 9.60000 21.55489
v 4.69000 9.60000 21.46489
v 4.60000 9.00000 21.46489
v 4.69000 9.00000 21.46489
v 4.69000 9.00000 21.55489
v 4.60000 9.00000 21.55489
v 6.28687 9.60000 21.46489
v 6.28687 9.60000 21.55489
v 6.37687 9.60000 21.55489
v 6.28687 9.00000 21.46489
v 6.37687 9.00000 21.55489
v 6.28687 9.00000 21.55489
v 5.59201 4.53037 -18.25773
v 5.32335 4.63003 -19.07824
v 5.32335 6.10000 -19.07824
v 5.59201 6.10000 -18.25773
v 5.27201 6.10000 -18.25773
v 5.00335 6.10000 -19.07824
v 5.00335 4.63003 -19.07824
v 5.27201 4.53037 -18.25773
v -5.59201 6.10000 -18.25773
v -5.32335 6.10000 -19.07824
v -5.32335 4.63003 -19.07824
v -5.59201 4.53037 -18.25773
v -5.27201 4.53037 -18.25773
v -5.00335 4.63003 -19.07824
v -5.00335 6.10000 -19.07824
v -5.27201 6.10000 -18.25773
v 5.03967 4.73508 -19.91081
v 5.03967 6.10000 -19.91081
v 4.71967 6.10000 -19.91081
v 4.71967 4.73508 -19.91081
v -5.03967 6.10000 -19.91081
v -5.03967 4.73508 -19.91081
v -4.71967 4.73508 -19.91081
v -4.71967 6.10000 -19.91081
v 4.73944 4.84563 -20.75590
v 4.73944 6.10000 -20.75590
v 4.41944 6.10000 -20.75590
v 4.41944 4.84563 -20.75590
v -4.73944 6.10000 -20.75590
v -4.73944 4.84563 -20.75590
v -4.41944 4.84563 -20.75590
v -4.41944 6.10000 -20.75590
v 4.42071 4.96174 -21.61396
v 4.42071 6.10000 -21.61396
v 4.10071 6.10000 -21.61396
v 4.10071 4.96174 -21.61396
v -4.42071 6.10000 -21.61396
v -4.42071 4.96174 -21.61396
v -4.10071 4.96174 -21.61396
v -4.10071 6.10000 -21.61396
v 4.08095 5.08350 -22.48545
v 4.08095 6.10000 -22.48545
v 3.76095 6.10000 -22.48545
v 3.76095 5.08350 -22.48545
v -4.08095 6.10000 -22.48545
v -4.08095 5.08350 -22.48545
v -3.76095 5.08350 -22.48545
v -3.76095 6.10000 -22.48545
v 3.71673 5.21097 -23.37082
v 3.71673 6.10000 -23.37082
v 3.39673 6.10000 -23.37082
v 3.39673 5.21097 -23.37082
v -3.71673 6.10000 -23.37082
v -3.71673 5.21097 -23.37082
v -3.39673 5.21097 -23.37082
v -3.39673 6.10000 -23.37082
v 3.32323 5.34424 -24.27052
v 3.32323 6.10000 -24.27052
v 3.00323 6.10000 -24.27052
v 3.00323 5.34424 -24.27052
v -3.32323 6.10000 -24.27052
v -3.32323 5.34424 -24.27052
v -3.00323 5.34424 -24.27052
v -3.00323 6.10000 -24.27052
v 2.89329 5.48338 -25.18501
v 2.89329 6.10000 -25.18501
v 2.57329 6.10000 -25.18501
v 2.57329 5.48338 -25.18501
v -2.89329 6.10000 -25.18501
v -2.89329 5.48338 -25.18501
v -2.57329 5.48338 -25.18501
v -2.57329 6.10000 -25.18501
v 2.41523 5.62845 -26.11475
v 2.41523 6.10000 -26.11475
v 2.09523 6.10000 -26.11475
v 2.09523 5.62845 -26.11475
v -2.41523 6.10000 -26.11475
v -2.41523 5.62845 -26.11475
v -2.09523 5.62845 -26.11475
v -2.09523 6.10000 -26.11475
v 1.86739 5.77954 -27.06019
v 1.86739 6.10000 -27.06019
v 1.54739 6.10000 -27.06019
v 1.54739 5.77954 -27.06019
v -1.86739 6.10000 -27.06019
v -1.86739 5.77954 -27.06019
v -1.54739 5.77954 -27.06019
v -1.54739 6.10000 -27.06019
v 1.19746 5.93670 -28.02179
v 1.19746 6.10000 -28.02179
v 0.87746 6.10000 -28.02179
v 0.87746 5.93670 -28.02179
v -1.19746 6.10000 -28.02179
v -1.19746 5.93670 -28.02179
v -0.87746 5.93670 -28.02179
v -0.87746 6.10000 -28.02179
v 0.00700 6.10000 -29.00000
v -0.00700 6.10000 -29.00000
v 5.27201 6.10000 -18.57773
v 5.59201 6.10000 -18.57773
v 5.27201 4.53037 -18.57773
v 5.59201 4.53037 -18.57773
v -5.59201 6.10000 -18.57773
v -5.27201 6.10000 -18.57773
v -5.59201 4.53037 -18.57773
v -5.27201 4.53037 -18.57773
v -4.78997 5.10000 -18.57773
v -4.78997 5.10000 -18.25773
v -0.50000 5.10000 -18.25773
v -0.50000 5.10000 -18.57773
v -4.78997 2.70000 -18.57773
v -0.50000 2.70000 -18.57773
v -0.50000 2.70000 -18.25773
v -4.78997 2.70000 -18.25773
v 0.50000 5.10000 -18.57773
v 0.50000 5.10000 -18.25773
v 4.78997 5.10000 -18.25773
v 4.78997 5.10000 -18.57773
v 0.50000 2.70000 -18.57773
v 4.78997 2.70000 -18.57773
v 4.78997 2.70000 -18.25773
v 0.50000 2.70000 -18.25773
v -0.50000 4.20000 -18.57773
v 0.50000 4.20000 -18.57773
v 0.50000 4.20000 -18.25773
v -0.50000 4.20000 -18.25773
v -4.78997 5.30000 -18.57773
v -4.78997 5.30000 -18.25773
v 4.78997 5.30000 -18.25773
v 4.78997 5.30000 -18.57773
v -5.27201 6.00000 -18.35773
v -5.27201 6.00000 -18.25773
v -4.46997 6.00000 -18.25773
v -4.46997 6.00000 -18.35773
v -5.27201 5.90000 -18.35773
v -4.46997 5.90000 -18.35773
v -4.46997 5.90000 -18.25773
v -5.27201 5.90000 -18.25773
v -3.26997 6.00000 -18.35773
v -3.26997 6.00000 -18.25773
v 3.26997 6.00000 -18.25773
v 3.26997 6.00000 -18.35773
v -3.26997 5.90000 -18.35773
v 3.26997 5.90000 -18.35773
v 3.26997 5.90000 -18.25773
v -3.26997 5.90000 -18.25773
v 4.46997 6.00000 -18.35773
v 4.46997 6.00000 -18.25773
v 5.27201 6.00000 -18.25773
v 5.27201 6.00000 -18.35773
v 4.46997 5.90000 -18.35773
v 5.27201 5.90000 -18.35773
v 5.27201 5.90000 -18.25773
v 4.46997 5.90000 -18.25773
v -5.27201 5.90000 -18.34773
v -5.18201 5.90000 -18.25773
v -5.18201 5.90000 -18.34773
v -5.27201 5.30000 -18.34773
v -5.18201 5.30000 -18.34773
v -5.18201 5.30000 -18.25773
v -5.27201 5.30000 -18.25773
v -4.55997 5.90000 -18.34773
v -4.55997 5.90000 -18.25773
v -4.46997 5.90000 -18.34773
v -4.55997 5.30000 -18.34773
v -4.46997 5.30000 -18.34773
v -4.46997 5.30000 -18.25773
v -4.55997 5.30000 -18.25773
v -3.26997 5.90000 -18.34773
v -3.17997 5.90000 -18.25773
v -3.17997 5.90000 -18.34773
v -3.26997 5.30000 -18.34773
v -3.17997 5.30000 -18.34773
v -3.17997 5.30000 -18.25773
v -3.26997 5.30000 -18.25773
v -1.11999 5.90000 -18.34773
v -1.11999 5.90000 -18.25773
v -1.02999 5.90000 -18.25773
v -1.02999 5.90000 -18.34773
v -1.11999 5.30000 -18.34773
v -1.02999 5.30000 -18.34773
v -1.02999 5.30000 -18.25773
v -1.11999 5.30000 -18.25773
v 1.02999 5.90000 -18.34773
v 1.02999 5.90000 -18.25773
v 1.11999 5.90000 -18.25773
v 1.11999 5.90000 -18.34773
v 1.02999 5.30000 -18.34773
v 1.11999 5.30000 -18.34773
v 1.11999 5.30000 -18.25773
v 1.02999 5.30000 -18.25773
v 3.17997 5.90000 -18.34773
v 3.17997 5.90000 -18.25773
v 3.26997 5.90000 -18.34773
v 3.17997 5.30000 -18.34773
v 3.26997 5.30000 -18.34773
v 3.26997 5.30000 -18.25773
v 3.17997 5.30000 -18.25773
v 4.46997 5.90000 -18.34773
v 4.55997 5.90000 -18.25773
v 4.55997 5.90000 -18.34773
v 4.46997 5.30000 -18.34773
v 4.55997 5.30000 -18.34773
v 4.55997 5.30000 -18.25773
v 4.46997 5.30000 -18.25773
v 5.18201 5.90000 -18.34773
v 5.18201 5.90000 -18.25773
v 5.27201 5.90000 -18.34773
v 5.18201 5.30000 -18.34773
v 5.27201 5.30000 -18.34773
v 5.27201 5.30000 -18.25773
v 5.18201 5.30000 -18.25773
v -5.22766 5.80000 25.84718
v -4.63000 5.80000 26.75000
v 4.63000 5.80000 26.75000
v 5.22766 5.80000 25.84718
v -4.63000 5.60000 26.75000
v -5.22766 5.60000 25.84718
v 5.22766 5.60000 25.84718
v 4.63000 5.60000 26.75000
v -5.51278 5.80000 24.95352
v 5.51278 5.80000 24.95352
v -5.51278 5.60000 24.95352
v 5.51278 5.60000 24.95352
v -5.75095 5.80000 24.06875
v 5.75095 5.80000 24.06875
v -5.75095 5.60000 24.06875
v 5.75095 5.60000 24.06875
v -5.96946 5.80000 23.19258
v 5.96946 5.80000 23.19258
v -5.96946 5.60000 23.19258
v 5.96946 5.60000 23.19258
v -6.17703 5.80000 22.32472
v 6.17703 5.80000 22.32472
v -6.17703 5.60000 22.32472
v 6.17703 5.60000 22.32472
v -6.37687 5.60000 21.46489
v 6.37687 5.60000 21.46489
v -6.57008 5.80000 20.61282
v 6.57008 5.80000 20.61282
v -6.57008 5.60000 20.61282
v 6.57008 5.60000 20.61282
v -6.75675 5.80000 19.76821
v 6.75675 5.80000 19.76821
v -6.75675 5.60000 19.76821
v 6.75675 5.60000 19.76821
v -6.93658 5.80000 18.93078
v 6.93658 5.80000 18.93078
v -6.93658 5.60000 18.93078
v 6.93658 5.60000 18.93078
v -7.10907 5.80000 18.10025
v 7.10907 5.80000 18.10025
v -7.10907 5.60000 18.10025
v 7.10907 5.60000 18.10025
v -7.27366 5.80000 17.27634
v 7.27366 5.80000 17.27634
v -7.27366 5.60000 17.27634
v 7.27366 5.60000 17.27634
v -7.42980 5.60000 16.45875
v 7.42980 5.60000 16.45875
v -5.03637 9.00000 26.29743
v -4.63000 9.00000 26.75000
v 4.63000 9.00000 26.75000
v 5.03637 9.00000 26.29743
v -4.63000 8.80000 26.75000
v -5.03637 8.80000 26.29743
v 5.03637 8.80000 26.29743
v 4.63000 8.80000 26.75000
v -5.22766 9.00000 25.84718
v 5.22766 9.00000 25.84718
v -5.22766 8.80000 25.84718
v 5.22766 8.80000 25.84718
v -5.37955 9.00000 25.39922
v 5.37955 9.00000 25.39922
v -5.37955 8.80000 25.39922
v 5.37955 8.80000 25.39922
v -5.51278 9.00000 24.95352
v 5.51278 9.00000 24.95352
v -5.51278 8.80000 24.95352
v 5.51278 8.80000 24.95352
v -5.63529 9.00000 24.51004
v 5.63529 9.00000 24.51004
v -5.63529 8.80000 24.51004
v 5.63529 8.80000 24.51004
v -5.75095 9.00000 24.06875
v 5.75095 9.00000 24.06875
v -5.75095 8.80000 24.06875
v 5.75095 8.80000 24.06875
v -5.86193 9.00000 23.62961
v 5.86193 9.00000 23.62961
v -5.86193 8.80000 23.62961
v 5.86193 8.80000 23.62961
v -5.96946 9.00000 23.19258
v 5.96946 9.00000 23.19258
v -5.96946 8.80000 23.19258
v 5.96946 8.80000 23.19258
v -6.07434 9.00000 22.75763
v 6.07434 9.00000 22.75763
v -6.07434 8.80000 22.75763
v 6.07434 8.80000 22.75763
v -6.17703 9.00000 22.32472
v 6.17703 9.00000 22.32472
v -6.17703 8.80000 22.32472
v 6.17703 8.80000 22.32472
v -6.27782 9.00000 21.89382
v 6.27782 9.00000 21.89382
v -6.27782 8.80000 21.89382
v 6.27782 8.80000 21.89382
v -5.00335 5.30000 -19.07824
v 5.00335 5.30000 -19.07824
v -5.27201 5.10000 -18.25773
v -5.00335 5.10000 -19.07824
v 5.00335 5.10000 -19.07824
v 5.27201 5.10000 -18.25773
v -4.71967 5.30000 -19.91081
v 4.71967 5.30000 -19.91081
v -4.71967 5.10000 -19.91081
v 4.71967 5.10000 -19.91081
v -4.41944 5.30000 -20.75590
v 4.41944 5.30000 -20.75590
v -4.41944 5.10000 -20.75590
v 4.41944 5.10000 -20.75590
v -4.10071 5.30000 -21.61396
v 4.10071 5.30000 -21.61396
v -4.10071 5.10000 -21.61396
v 4.10071 5.10000 -21.61396
v -3.76095 5.30000 -22.48545
v 3.76095 5.30000 -22.48545
v -3.76095 5.10000 -22.48545
v 3.76095 5.10000 -22.48545
v -3.39673 5.30000 -23.37082
v 3.39673 5.30000 -23.37082
v -3.39673 5.10000 -23.37082
v 3.39673 5.10000 -23.37082
v -3.00323 5.30000 -24.27052
v 3.00323 5.30000 -24.27052
v -3.00323 5.10000 -24.27052
v 3.00323 5.10000 -24.27052
v -2.57329 5.30000 -25.18501
v 2.57329 5.30000 -25.18501
v -2.57329 5.10000 -25.18501
v 2.57329 5.10000 -25.18501
v -2.09523 5.30000 -26.11475
v 2.09523 5.30000 -26.11475
v -2.09523 5.10000 -26.11475
v 2.09523 5.10000 -26.11475
v -1.54739 5.30000 -27.06019
v 1.54739 5.30000 -27.06019
v -1.54739 5.10000 -27.06019
v 1.54739 5.10000 -27.06019
v -0.87746 5.30000 -28.02179
v 0.87746 5.30000 -28.02179
v -0.87746 5.10000 -28.02179
v 0.87746 5.10000 -28.02179
v -0.00700 5.30000 -29.00000
v 0.00700 5.30000 -29.00000
v -0.00700 5.10000 -29.00000
v 0.00700 5.10000 -29.00000
v -6.40000 3.01000 12.85875
v -6.40000 3.01000 13.21875
v -5.20000 3.01000 13.21875
v -5.20000 3.01000 12.85875
v -6.40000 2.70000 12.85875
v -5.20000 2.70000 12.85875
v -5.20000 2.70000 13.21875
v -6.40000 2.70000 13.21875
v -6.40000 3.32000 13.21875
v -6.40000 3.32000 13.57875
v -5.20000 3.32000 13.57875
v -5.20000 3.32000 13.21875
v -5.20000 2.70000 13.57875
v -6.40000 2.70000 13.57875
v -6.40000 3.63000 13.57875
v -6.40000 3.63000 13.93875
v -5.20000 3.63000 13.93875
v -5.20000 3.63000 13.57875
v -5.20000 2.70000 13.93875
v -6.40000 2.70000 13.93875
v -6.40000 3.94000 13.93875
v -6.40000 3.94000 14.29875
v -5.20000 3.94000 14.29875
v -5.20000 3.94000 13.93875
v -5.20000 2.70000 14.29875
v -6.40000 2.70000 14.29875
v -6.40000 4.25000 14.29875
v -6.40000 4.25000 14.65875
v -5.20000 4.25000 14.65875
v -5.20000 4.25000 14.29875
v -5.20000 2.70000 14.65875
v -6.40000 2.70000 14.65875
v -6.40000 4.56000 14.65875
v -6.40000 4.56000 15.01875
v -5.20000 4.56000 15.01875
v -5.20000 4.56000 14.65875
v -5.20000 2.70000 15.01875
v -6.40000 2.70000 15.01875
v -6.40000 4.87000 15.01875
v -6.40000 4.87000 15.37875
v -5.20000 4.87000 15.37875
v -5.20000 4.87000 15.01875
v -5.20000 2.70000 15.37875
v -6.40000 2.70000 15.37875
v -6.40000 5.18000 15.37875
v -6.40000 5.18000 15.73875
v -5.20000 5.18000 15.73875
v -5.20000 5.18000 15.37875
v -5.20000 2.70000 15.73875
v -6.40000 2.70000 15.73875
v -6.40000 5.49000 15.73875
v -6.40000 5.49000 16.09875
v -5.20000 5.49000 16.09875
v -5.20000 5.49000 15.73875
v -5.20000 2.70000 16.09875
v -6.40000 2.70000 16.09875
v -6.40000 5.80000 16.09875
v -5.20000 5.80000 16.09875
v -5.20000 2.70000 16.45875
v -6.40000 2.70000 16.45875
v 5.20000 3.01000 12.85875
v 5.20000 3.01000 13.21875
v 6.40000 3.01000 13.21875
v 6.40000 3.01000 12.85875
v 5.20000 2.70000 12.85875
v 6.40000 2.70000 12.85875
v 6.40000 2.70000 13.21875
v 5.20000 2.70000 13.21875
v 5.20000 3.32000 13.21875
v 5.20000 3.32000 13.57875
v 6.40000 3.32000 13.57875
v 6.40000 3.32000 13.21875
v 6.40000 2.70000 13.57875
v 5.20000 2.70000 13.57875
v 5.20000 3.63000 13.57875
v 5.20000 3.63000 13.93875
v 6.40000 3.63000 13.93875
v 6.40000 3.63000 13.57875
v 6.40000 2.70000 13.93875
v 5.20000 2.70000 13.93875
v 5.20000 3.94000 13.93875
v 5.20000 3.94000 14.29875
v 6.40000 3.94000 14.29875
v 6.40000 3.94000 13.93875
v 6.40000 2.70000 14.29875
v 5.20000 2.70000 14.29875
v 5.20000 4.25000 14.29875
v 5.20000 4.25000 14.65875
v 6.40000 4.25000 14.65875
v 6.40000 4.25000 14.29875
v 6.40000 2.70000 14.65875
v 5.20000 2.70000 14.65875
v 5.20000 4.56000 14.65875
v 5.20000 4.56000 15.01875
v 6.40000 4.56000 15.01875
v 6.40000 4.56000 14.65875
v 6.40000 2.70000 15.01875
v 5.20000 2.70000 15.01875
v 5.20000 4.87000 15.01875
v 5.20000 4.87000 15.37875
v 6.40000 4.87000 15.37875
v 6.40000 4.87000 15.01875
v 6.40000 2.70000 15.37875
v 5.20000 2.70000 15.37875
v 5.20000 5.18000 15.37875
v 5.20000 5.18000 15.73875
v 6.40000 5.18000 15.73875
v 6.40000 5.18000 15.37875
v 6.40000 2.70000 15.73875
v 5.20000 2.70000 15.73875
v 5.20000 5.49000 15.73875
v 5.20000 5.49000 16.09875
v 6.40000 5.49000 16.09875
v 6.40000 5.49000 15.73875
v 6.40000 2.70000 16.09875
v 5.20000 2.70000 16.09875
v 5.20000 5.80000 16.09875
v 6.40000 5.80000 16.09875
v 6.40000 2.70000 16.45875
v 5.20000 2.70000 16.45875
v -4.60000 6.09091 17.50489
v -4.60000 6.09091 17.86489
v -3.40000 6.09091 17.86489
v -3.40000 6.09091 17.50489
v -4.60000 5.80000 17.50489
v -3.40000 5.80000 17.50489
v -3.40000 5.80000 17.86489
v -4.60000 5.80000 17.86489
v -4.60000 6.38182 17.86489
v -4.60000 6.38182 18.22489
v -3.40000 6.38182 18.22489
v -3.40000 6.38182 17.86489
v -3.40000 5.80000 18.22489
v -4.60000 5.80000 18.22489
v -4.60000 6.67273 18.22489
v -4.60000 6.67273 18.58489
v -3.40000 6.67273 18.58489
v -3.40000 6.67273 18.22489
v -3.40000 5.80000 18.58489
v -4.60000 5.80000 18.58489
v -4.60000 6.96364 18.58489
v -4.60000 6.96364 18.94489
v -3.40000 6.96364 18.94489
v -3.40000 6.96364 18.58489
v -3.40000 5.80000 18.94489
v -4.60000 5.80000 18.94489
v -4.60000 7.25455 18.94489
v -4.60000 7.25455 19.30489
v -3.40000 7.25455 19.30489
v -3.40000 7.25455 18.94489
v -3.40000 5.80000 19.30489
v -4.60000 5.80000 19.30489
v -4.60000 7.54545 19.30489
v -4.60000 7.54545 19.66489
v -3.40000 7.54545 19.66489
v -3.40000 7.54545 19.30489
v -3.40000 5.80000 19.66489
v -4.60000 5.80000 19.66489
v -4.60000 7.83636 19.66489
v -4.60000 7.83636 20.02489
v -3.40000 7.83636 20.02489
v -3.40000 7.83636 19.66489
v -3.40000 5.80000 20.02489
v -4.60000 5.80000 20.02489
v -4.60000 8.12727 20.02489
v -4.60000 8.12727 20.38489
v -3.40000 8.12727 20.38489
v -3.40000 8.12727 20.02489
v -3.40000 5.80000 20.38489
v -4.60000 5.80000 20.38489
v -4.60000 8.41818 20.38489
v -4.60000 8.41818 20.74489
v -3.40000 8.41818 20.74489
v -3.40000 8.41818 20.38489
v -3.40000 5.80000 20.74489
v -4.60000 5.80000 20.74489
v -4.60000 8.70909 20.74489
v -4.60000 8.70909 21.10489
v -3.40000 8.70909 21.10489
v -3.40000 8.70909 20.74489
v -3.40000 5.80000 21.10489
v -4.60000 5.80000 21.10489
v -4.60000 9.00000 21.10489
v -3.40000 9.00000 21.10489
v -3.40000 5.80000 21.46489
v -4.60000 5.80000 21.46489
v 3.40000 6.09091 17.50489
v 3.40000 6.09091 17.86489
v 4.60000 6.09091 17.86489
v 4.60000 6.09091 17.50489
v 3.40000 5.80000 17.50489
v 4.60000 5.80000 17.50489
v 4.60000 5.80000 17.86489
v 3.40000 5.80000 17.86489
v 3.40000 6.38182 17.86489
v 3.40000 6.38182 18.22489
v 4.60000 6.38182 18.22489
v 4.60000 6.38182 17.86489
v 4.60000 5.80000 18.22489
v 3.40000 5.80000 18.22489
v 3.40000 6.67273 18.22489
v 3.40000 6.67273 18.58489
v 4.60000 6.67273 18.58489
v 4.60000 6.67273 18.22489
v 4.60000 5.80000 18.58489
v 3.40000 5.80000 18.58489
v 3.40000 6.96364 18.58489
v 3.40000 6.96364 18.94489
v 4.60000 6.96364 18.94489
v 4.60000 6.96364 18.58489
v 4.60000 5.80000 18.94489
v 3.40000 5.80000 18.94489
v 3.40000 7.25455 18.94489
v 3.40000 7.25455 19.30489
v 4.60000 7.25455 19.30489
v 4.60000 7.25455 18.94489
v 4.60000 5.80000 19.30489
v 3.40000 5.80000 19.30489
v 3.40000 7.54545 19.30489
v 3.40000 7.54545 19.66489
v 4.60000 7.54545 19.66489
v 4.60000 7.54545 19.30489
v 4.60000 5.80000 19.66489
v 3.40000 5.80000 19.66489
v 3.40000 7.83636 19.66489
v 3.40000 7.83636 20.02489
v 4.60000 7.83636 20.02489
v 4.60000 7.83636 19.66489
v 4.60000 5.80000 20.02489
v 3.40000 5.80000 20.02489
v 3.40000 8.12727 20.02489
v 3.40000 8.12727 20.38489
v 4.60000 8.12727 20.38489
v 4.60000 8.12727 20.02489
v 4.60000 5.80000 20.38489
v 3.40000 5.80000 20.38489
v 3.40000 8.41818 20.38489
v 3.40000 8.41818 20.74489
v 4.60000 8.41818 20.74489
v 4.60000 8.41818 20.38489
v 4.60000 5.80000 20.74489
v 3.40000 5.80000 20.74489
v 3.40000 8.70909 20.74489
v 3.40000 8.70909 21.10489
v 4.60000 8.70909 21.10489
v 4.60000 8.70909 20.74489
v 4.60000 5.80000 21.10489
v 3.40000 5.80000 21.10489
v 3.40000 9.00000 21.10489
v 4.60000 9.00000 21.10489
v 4.60000 5.80000 21.46489
v 3.40000 5.80000 21.46489
v -4.46997 2.98889 -15.37773
v -4.46997 2.98889 -15.01773
v -3.26997 2.98889 -15.01773
v -3.26997 2.98889 -15.37773
v -4.46997 2.70000 -15.37773
v -3.26997 2.70000 -15.37773
v -3.26997 2.70000 -15.01773
v -4.46997 2.70000 -15.01773
v -4.46997 3.27778 -15.73773
v -4.46997 3.27778 -15.37773
v -3.26997 3.27778 -15.37773
v -3.26997 3.27778 -15.73773
v -4.46997 2.70000 -15.73773
v -3.26997 2.70000 -15.73773
v -4.46997 3.56667 -16.09773
v -4.46997 3.56667 -15.73773
v -3.26997 3.56667 -15.73773
v -3.26997 3.56667 -16.09773
v -4.46997 2.70000 -16.09773
v -3.26997 2.70000 -16.09773
v -4.46997 3.85556 -16.45773
v -4.46997 3.85556 -16.09773
v -3.26997 3.85556 -16.09773
v -3.26997 3.85556 -16.45773
v -4.46997 2.70000 -16.45773
v -3.26997 2.70000 -16.45773
v -4.46997 4.14444 -16.81773
v -4.46997 4.14444 -16.45773
v -3.26997 4.14444 -16.45773
v -3.26997 4.14444 -16.81773
v -4.46997 2.70000 -16.81773
v -3.26997 2.70000 -16.81773
v -4.46997 4.43333 -17.17773
v -4.46997 4.43333 -16.81773
v -3.26997 4.43333 -16.81773
v -3.26997 4.43333 -17.17773
v -4.46997 2.70000 -17.17773
v -3.26997 2.70000 -17.17773
v -4.46997 4.72222 -17.53773
v -4.46997 4.72222 -17.17773
v -3.26997 4.72222 -17.17773
v -3.26997 4.72222 -17.53773
v -4.46997 2.70000 -17.53773
v -3.26997 2.70000 -17.53773
v -4.46997 5.01111 -17.89773
v -4.46997 5.01111 -17.53773
v -3.26997 5.01111 -17.53773
v -3.26997 5.01111 -17.89773
v -4.46997 2.70000 -17.89773
v -3.26997 2.70000 -17.89773
v -4.46997 5.30000 -17.89773
v -3.26997 5.30000 -17.89773
v -4.46997 2.70000 -18.25773
v -3.26997 2.70000 -18.25773
v 3.26997 2.98889 -15.37773
v 3.26997 2.98889 -15.01773
v 4.46997 2.98889 -15.01773
v 4.46997 2.98889 -15.37773
v 3.26997 2.70000 -15.37773
v 4.46997 2.70000 -15.37773
v 4.46997 2.70000 -15.01773
v 3.26997 2.70000 -15.01773
v 3.26997 3.27778 -15.73773
v 3.26997 3.27778 -15.37773
v 4.46997 3.27778 -15.37773
v 4.46997 3.27778 -15.73773
v 3.26997 2.70000 -15.73773
v 4.46997 2.70000 -15.73773
v 3.26997 3.56667 -16.09773
v 3.26997 3.56667 -15.73773
v 4.46997 3.56667 -15.73773
v 4.46997 3.56667 -16.09773
v 3.26997 2.70000 -16.09773
v 4.46997 2.70000 -16.09773
v 3.26997 3.85556 -16.45773
v 3.26997 3.85556 -16.09773
v 4.46997 3.85556 -16.09773
v 4.46997 3.85556 -16.45773
v 3.26997 2.70000 -16.45773
v 4.46997 2.70000 -16.45773
v 3.26997 4.14444 -16.81773
v 3.26997 4.14444 -16.45773
v 4.46997 4.14444 -16.45773
v 4.46997 4.14444 -16.81773
v 3.26997 2.70000 -16.81773
v 4.46997 2.70000 -16.81773
v 3.26997 4.43333 -17.17773
v 3.26997 4.43333 -16.81773
v 4.46997 4.43333 -16.81773
v 4.46997 4.43333 -17.17773
v 3.26997 2.70000 -17.17773
v 4.46997 2.70000 -17.17773
v 3.26997 4.72222 -17.53773
v 3.26997 4.72222 -17.17773
v 4.46997 4.72222 -17.17773
v 4.46997 4.72222 -17.53773
v 3.26997 2.70000 -17.53773
v 4.46997 2.70000 -17.53773
v 3.26997 5.01111 -17.89773
v 3.26997 5.01111 -17.53773
v 4.46997 5.01111 -17.53773
v 4.46997 5.01111 -17.89773
v 3.26997 2.70000 -17.89773
v 4.46997 2.70000 -17.89773
v 3.26997 5.30000 -17.89773
v 4.46997 5.30000 -17.89773
v 3.26997 2.70000 -18.25773
v 4.46997 2.70000 -18.25773
v 0.55000 2.70000 0.00000
v 0.28000 34.70000 0.00000
v 0.24249 34.70000 0.14000
v 0.47631 2.70000 0.27500
v 0.14000 34.70000 0.24249
v 0.27500 2.70000 0.47631
v 0.00000 34.70000 0.28000
v 0.00000 2.70000 0.55000
v -0.14000 34.70000 0.24249
v -0.27500 2.70000 0.47631
v -0.24249 34.70000 0.14000
v -0.47631 2.70000 0.27500
v -0.28000 34.70000 0.00000
v -0.55000 2.70000 0.00000
v -0.24249 34.70000 -0.14000
v -0.47631 2.70000 -0.27500
v -0.14000 34.70000 -0.24249
v -0.27500 2.70000 -0.47631
v -0.00000 34.70000 -0.28000
v -0.00000 2.70000 -0.55000
v 0.14000 34.70000 -0.24249
v 0.27500 2.70000 -0.47631
v 0.24249 34.70000 -0.14000
v 0.47631 2.70000 -0.27500
v 0.35000 9.00000 24.50000
v 0.18000 25.00000 24.50000
v 0.15588 25.00000 24.59000
v 0.30311 9.00000 24.67500
v 0.09000 25.00000 24.65588
v 0.17500 9.00000 24.80311
v 0.00000 25.00000 24.68000
v 0.00000 9.00000 24.85000
v -0.09000 25.00000 24.65588
v -0.17500 9.00000 24.80311
v -0.15588 25.00000 24.59000
v -0.30311 9.00000 24.67500
v -0.18000 25.00000 24.50000
v -0.35000 9.00000 24.50000
v -0.15588 25.00000 24.41000
v -0.30311 9.00000 24.32500
v -0.09000 25.00000 24.34412
v -0.17500 9.00000 24.19689
v -0.00000 25.00000 24.32000
v -0.00000 9.00000 24.15000
v 0.09000 25.00000 24.34412
v 0.17500 9.00000 24.19689
v 0.15588 25.00000 24.41000
v 0.30311 9.00000 24.32500
vn 0.00000 -0.87297 0.48777
vn 0.00000 -0.88995 0.45606
vn 0.00000 -0.90583 0.42364
vn 0.00000 -0.92052 0.39071
vn 0.00000 -0.93391 0.35752
vn 0.00000 -0.94596 0.32429
vn 0.00000 -0.95664 0.29129
vn 0.00000 -0.96594 0.25878
vn 0.00000 -0.97389 0.22701
vn 0.00000 -0.98055 0.19625
vn 0.00000 -0.98600 0.16674
vn 0.00000 -0.99033 0.13872
vn 0.00000 -0.99366 0.11244
vn 0.00000 -0.99611 0.08810
vn 0.00000 -0.99782 0.06596
vn 0.00000 -0.99893 0.04624
vn 0.00000 -0.99957 0.02926
vn 0.00000 -0.99988 0.01539
vn 0.00000 -0.99999 0.00523
vn -0.00000 -1.00000 0.00000
vn -0.00000 -0.99999 -0.00523
vn -0.00000 -0.99988 -0.01539
vn -0.00000 -0.99957 -0.02926
vn -0.00000 -0.99893 -0.04624
vn -0.00000 -0.99782 -0.06596
vn -0.00000 -0.99611 -0.08810
vn -0.00000 -0.99366 -0.11244
vn -0.00000 -0.99033 -0.13872
vn -0.00000 -0.98600 -0.16674
vn -0.00000 -0.98055 -0.19625
vn -0.00000 -0.97389 -0.22701
vn -0.00000 -0.96594 -0.25878
vn -0.00000 -0.95664 -0.29129
vn -0.00000 -0.94596 -0.32429
vn -0.00000 -0.93391 -0.35752
vn -0.00000 -0.92052 -0.39071
vn -0.00000 -0.90583 -0.42364
vn -0.00000 -0.88995 -0.45606
vn -0.00000 -0.87297 -0.48777
vn 0.07580 -0.87046 0.48637
vn 0.10200 -0.86662 0.48844
vn 0.07264 -0.88760 0.45485
vn 0.07804 -0.88683 0.45547
vn 0.07082 -0.90356 0.42258
vn 0.07449 -0.90302 0.42310
vn 0.06925 -0.91831 0.38977
vn 0.07236 -0.91784 0.39030
vn 0.06784 -0.93176 0.35669
vn 0.07054 -0.93135 0.35722
vn 0.06658 -0.94386 0.32357
vn 0.06893 -0.94351 0.32410
vn 0.06539 -0.95459 0.29066
vn 0.06748 -0.95429 0.29118
vn 0.06437 -0.96393 0.25824
vn 0.06614 -0.96369 0.25872
vn 0.06346 -0.97193 0.22655
vn 0.06497 -0.97173 0.22699
vn 0.06269 -0.97863 0.19586
vn 0.06394 -0.97847 0.19625
vn 0.06203 -0.98410 0.16642
vn 0.06307 -0.98398 0.16676
vn 0.06152 -0.98846 0.13846
vn 0.06233 -0.98837 0.13873
vn 0.06113 -0.99180 0.11223
vn 0.06174 -0.99174 0.11245
vn 0.06084 -0.99427 0.08794
vn 0.06129 -0.99422 0.08810
vn 0.06064 -0.99599 0.06584
vn 0.06095 -0.99596 0.06595
vn 0.06049 -0.99710 0.04616
vn 0.06071 -0.99708 0.04624
vn 0.06043 -0.99774 0.02921
vn 0.06053 -0.99774 0.02924
vn 0.06041 -0.99806 0.01536
vn 0.06045 -0.99805 0.01537
vn 0.06041 -0.99816 0.00522
vn 0.06042 -0.99816 0.00522
vn 0.06054 -0.99817 0.00000
vn 0.06041 -0.99817 -0.00005
vn 0.06120 -0.99811 -0.00522
vn 0.06054 -0.99815 -0.00546
vn 0.06231 -0.99794 -0.01536
vn 0.06119 -0.99800 -0.01576
vn 0.06384 -0.99753 -0.02920
vn 0.06228 -0.99761 -0.02975
vn 0.06574 -0.99677 -0.04614
vn 0.06379 -0.99686 -0.04681
vn 0.06809 -0.99551 -0.06581
vn 0.06566 -0.99562 -0.06661
vn 0.07094 -0.99360 -0.08788
vn 0.06796 -0.99373 -0.08882
vn 0.07434 -0.99091 -0.11213
vn 0.07073 -0.99105 -0.11321
vn 0.07857 -0.98727 -0.13830
vn 0.07404 -0.98744 -0.13956
vn 0.08376 -0.98254 -0.16616
vn 0.07813 -0.98275 -0.16761
vn 0.09039 -0.97654 -0.19545
vn 0.08315 -0.97684 -0.19715
vn 0.09923 -0.96909 -0.22589
vn 0.08954 -0.96955 -0.22795
vn 0.11168 -0.95989 -0.25716
vn 0.09806 -0.96069 -0.25972
vn 0.13092 -0.94840 -0.28878
vn 0.11003 -0.95001 -0.29220
vn 0.16524 -0.93295 -0.31983
vn 0.12852 -0.93692 -0.32507
vn 0.24539 -0.90535 -0.34658
vn 0.16147 -0.91977 -0.35771
vn 0.61657 -0.72472 -0.30760
vn 0.23822 -0.89044 -0.38778
vn 0.36974 0.84164 0.39362
vn 0.59337 -0.71704 -0.36574
vn 0.11713 0.88382 0.45292
vn 0.36594 0.83817 0.40442
vn 0.04833 0.87195 0.48720
vn 0.11367 0.87284 0.47458
vn -0.00000 -0.47061 -0.88234
vn -0.11201 0.86748 0.48471
vn -0.04875 0.87465 0.48230
vn -0.35820 0.83090 0.42580
vn -0.11825 0.88731 0.44575
vn -0.60510 -0.72118 -0.33728
vn -0.37599 0.84718 0.37540
vn -0.23974 -0.89367 -0.37931
vn -0.60681 -0.72174 -0.33297
vn -0.16198 -0.92157 -0.35279
vn -0.24407 -0.90266 -0.35446
vn -0.12876 -0.93808 -0.32159
vn -0.16479 -0.93143 -0.32448
vn -0.11016 -0.95081 -0.28951
vn -0.13071 -0.94742 -0.29208
vn -0.09814 -0.96127 -0.25753
vn -0.11156 -0.95922 -0.25972
vn -0.08960 -0.96998 -0.22610
vn -0.09917 -0.96860 -0.22798
vn -0.08318 -0.97716 -0.19557
vn -0.09035 -0.97619 -0.19720
vn -0.07815 -0.98298 -0.16623
vn -0.08373 -0.98228 -0.16765
vn -0.07405 -0.98761 -0.13834
vn -0.07855 -0.98709 -0.13960
vn -0.07074 -0.99117 -0.11216
vn -0.07433 -0.99078 -0.11324
vn -0.06796 -0.99381 -0.08790
vn -0.07093 -0.99352 -0.08884
vn -0.06566 -0.99567 -0.06582
vn -0.06809 -0.99545 -0.06663
vn -0.06379 -0.99690 -0.04615
vn -0.06574 -0.99674 -0.04683
vn -0.06229 -0.99763 -0.02920
vn -0.06384 -0.99752 -0.02976
vn -0.06119 -0.99801 -0.01536
vn -0.06231 -0.99793 -0.01577
vn -0.06054 -0.99815 -0.00522
vn -0.06120 -0.99811 -0.00546
vn -0.06041 -0.99817 0.00000
vn -0.06054 -0.99817 -0.00005
vn -0.06042 -0.99816 0.00522
vn -0.06041 -0.99816 0.00522
vn -0.06045 -0.99805 0.01536
vn -0.06041 -0.99805 0.01537
vn -0.06053 -0.99774 0.02921
vn -0.06043 -0.99774 0.02924
vn -0.06071 -0.99709 0.04616
vn -0.06049 -0.99710 0.04624
vn -0.06095 -0.99597 0.06584
vn -0.06064 -0.99598 0.06595
vn -0.06129 -0.99424 0.08793
vn -0.06084 -0.99425 0.08810
vn -0.06174 -0.99176 0.11223
vn -0.06113 -0.99178 0.11245
vn -0.06233 -0.98841 0.13846
vn -0.06152 -0.98842 0.13874
vn -0.06307 -0.98404 0.16641
vn -0.06203 -0.98404 0.16676
vn -0.06395 -0.97855 0.19585
vn -0.06268 -0.97855 0.19625
vn -0.06498 -0.97183 0.22653
vn -0.06345 -0.97183 0.22699
vn -0.06615 -0.96382 0.25821
vn -0.06436 -0.96380 0.25873
vn -0.06749 -0.95445 0.29062
vn -0.06538 -0.95443 0.29118
vn -0.06895 -0.94371 0.32352
vn -0.06656 -0.94368 0.32411
vn -0.07057 -0.93158 0.35662
vn -0.06783 -0.93155 0.35724
vn -0.07239 -0.91810 0.38968
vn -0.06922 -0.91807 0.39033
vn -0.07452 -0.90331 0.42246
vn -0.07079 -0.90329 0.42314
vn -0.07809 -0.88723 0.45466
vn -0.07260 -0.88725 0.45554
vn -0.10236 -0.86838 0.48521
vn -0.07564 -0.86927 0.48852
vn 0.00000 -0.24914 0.96847
vn 0.00000 -0.87347 0.48688
vn 0.00000 -0.89038 0.45521
vn 0.00000 -0.90621 0.42284
vn 0.00000 -0.92083 0.38997
vn 0.00000 -0.93417 0.35684
vn 0.00000 -0.94617 0.32367
vn 0.00000 -0.95680 0.29074
vn 0.00000 -0.96607 0.25829
vn 0.00000 -0.97399 0.22659
vn 0.00000 -0.98063 0.19589
vn 0.00000 -0.98605 0.16645
vn 0.00000 -0.99037 0.13848
vn 0.00000 -0.99368 0.11224
vn 0.00000 -0.99612 0.08795
vn 0.00000 -0.99783 0.06585
vn 0.00000 -0.99893 0.04618
vn 0.00000 -0.99957 0.02921
vn 0.00000 -0.99988 0.01536
vn 0.00000 -0.99999 0.00522
vn 0.00000 -0.99999 -0.00522
vn 0.00000 -0.99988 -0.01537
vn 0.00000 -0.99957 -0.02924
vn 0.00000 -0.99893 -0.04619
vn 0.00000 -0.99783 -0.06588
vn 0.00000 -0.99612 -0.08798
vn 0.00000 -0.99368 -0.11227
vn 0.00000 -0.99036 -0.13852
vn 0.00000 -0.98605 -0.16647
vn 0.00000 -0.98062 -0.19592
vn 0.00000 -0.97398 -0.22662
vn 0.00000 -0.96606 -0.25831
vn 0.00000 -0.95680 -0.29074
vn 0.00000 -0.94617 -0.32367
vn 0.00000 -0.93418 -0.35680
vn 0.00000 -0.92085 -0.38992
vn 0.00000 -0.90624 -0.42275
vn 0.00000 -0.89044 -0.45510
vn 0.00000 -0.87355 -0.48673
vn 0.80032 -0.50476 0.32359
vn 0.88002 0.44338 -0.17023
vn 0.63524 -0.68067 0.36491
vn 0.81232 -0.50486 0.29198
vn 0.53987 -0.75787 0.36630
vn 0.64322 -0.68481 0.34250
vn 0.47861 -0.80468 0.35131
vn 0.54710 -0.76418 0.34163
vn 0.43593 -0.83768 0.32902
vn 0.48483 -0.81197 0.32503
vn 0.40459 -0.86284 0.30300
vn 0.44116 -0.84519 0.30170
vn 0.38083 -0.88279 0.27504
vn 0.40893 -0.87012 0.27507
vn 0.36256 -0.89886 0.24617
vn 0.38440 -0.88955 0.24687
vn 0.34824 -0.91191 0.21713
vn 0.36545 -0.90491 0.21813
vn 0.33708 -0.92242 0.18844
vn 0.35056 -0.91716 0.18952
vn 0.32848 -0.93076 0.16056
vn 0.33890 -0.92684 0.16159
vn 0.32180 -0.93730 0.13383
vn 0.32988 -0.93436 0.13475
vn 0.31682 -0.94225 0.10859
vn 0.32284 -0.94011 0.10937
vn 0.31315 -0.94588 0.08513
vn 0.31757 -0.94435 0.08574
vn 0.31072 -0.94836 0.06373
vn 0.31366 -0.94736 0.06416
vn 0.30919 -0.94995 0.04466
vn 0.31105 -0.94933 0.04494
vn 0.30831 -0.95087 0.02821
vn 0.30938 -0.95051 0.02839
vn 0.30795 -0.95129 0.01481
vn 0.30840 -0.95114 0.01488
vn 0.30784 -0.95143 0.00502
vn 0.30798 -0.95138 0.00504
vn 0.30870 -0.95116 -0.00023
vn 0.30784 -0.95144 -0.00037
vn 0.31356 -0.94955 -0.00626
vn 0.30869 -0.95114 -0.00705
vn 0.32168 -0.94670 -0.01674
vn 0.31351 -0.94941 -0.01805
vn 0.33294 -0.94245 -0.03061
vn 0.32155 -0.94634 -0.03239
vn 0.34776 -0.93639 -0.04722
vn 0.33267 -0.94174 -0.04955
vn 0.36658 -0.92803 -0.06616
vn 0.34729 -0.93521 -0.06911
vn 0.39051 -0.91648 -0.08696
vn 0.36579 -0.92626 -0.09073
vn 0.42116 -0.90040 -0.10907
vn 0.38930 -0.91403 -0.11399
vn 0.46096 -0.87759 -0.13174
vn 0.41936 -0.89721 -0.13838
vn 0.51426 -0.84377 -0.15360
vn 0.45835 -0.87367 -0.16314
vn 0.58800 -0.79037 -0.17199
vn 0.51056 -0.83927 -0.18695
vn 0.69272 -0.69819 -0.18073
vn 0.58285 -0.78574 -0.20712
vn 0.83803 -0.52053 -0.16354
vn 0.68588 -0.69450 -0.21735
vn 0.98287 -0.16520 -0.08171
vn 0.83030 -0.51995 -0.20062
vn 0.93265 0.35023 0.08666
vn 0.97895 -0.16916 -0.11421
vn 0.66949 0.70240 0.24168
vn 0.93461 0.34831 0.07196
vn 0.43523 0.83594 0.33433
vn 0.66799 0.70208 0.24672
vn 0.28092 0.87533 0.39354
vn 0.43061 0.83224 0.34922
vn 0.17899 0.88076 0.43843
vn 0.27587 0.86847 0.41189
vn 0.10781 0.87386 0.47407
vn 0.17566 0.87413 0.45281
vn -0.00000 -0.47067 -0.88231
vn -0.17312 0.86898 0.46358
vn -0.10917 0.87770 0.46661
vn -0.27255 0.86385 0.42366
vn -0.18087 0.88446 0.43013
vn -0.42588 0.82834 0.36398
vn -0.28363 0.87893 0.38346
vn -0.66178 0.70061 0.26681
vn -0.43921 0.83901 0.32117
vn -0.93109 0.35157 0.09729
vn -0.67469 0.70338 0.22370
vn -0.98176 -0.16645 -0.09184
vn -0.93558 0.34725 0.06411
vn -0.83375 -0.52029 -0.18483
vn -0.98056 -0.16768 -0.10190
vn -0.68810 -0.69575 -0.20603
vn -0.83516 -0.52039 -0.17806
vn -0.58418 -0.78697 -0.19852
vn -0.69086 -0.69723 -0.19125
vn -0.51137 -0.84027 -0.18012
vn -0.58689 -0.78940 -0.18000
vn -0.45885 -0.87443 -0.15757
vn -0.51361 -0.84299 -0.15993
vn -0.41967 -0.89777 -0.13376
vn -0.46057 -0.87701 -0.13687
vn -0.38949 -0.91442 -0.11010
vn -0.42093 -0.89999 -0.11331
vn -0.36591 -0.92653 -0.08747
vn -0.39037 -0.91620 -0.09046
vn -0.34735 -0.93538 -0.06639
vn -0.36650 -0.92785 -0.06905
vn -0.33271 -0.94184 -0.04730
vn -0.34772 -0.93629 -0.04957
vn -0.32157 -0.94639 -0.03062
vn -0.33292 -0.94240 -0.03245
vn -0.31352 -0.94944 -0.01673
vn -0.32167 -0.94668 -0.01810
vn -0.30869 -0.95114 -0.00624
vn -0.31355 -0.94954 -0.00707
vn -0.30784 -0.95144 -0.00023
vn -0.30870 -0.95116 -0.00038
vn -0.30798 -0.95138 0.00502
vn -0.30784 -0.95143 0.00504
vn -0.30840 -0.95114 0.01481
vn -0.30795 -0.95129 0.01488
vn -0.30938 -0.95052 0.02820
vn -0.30831 -0.95086 0.02839
vn -0.31105 -0.94934 0.04464
vn -0.30919 -0.94994 0.04497
vn -0.31367 -0.94739 0.06367
vn -0.31071 -0.94833 0.06421
vn -0.31759 -0.94441 0.08502
vn -0.31313 -0.94582 0.08583
vn -0.32288 -0.94021 0.10841
vn -0.31678 -0.94215 0.10953
vn -0.32994 -0.93451 0.13351
vn -0.32174 -0.93715 0.13503
vn -0.33900 -0.92707 0.16005
vn -0.32839 -0.93054 0.16204
vn -0.35071 -0.91750 0.18763
vn -0.33695 -0.92210 0.19023
vn -0.36567 -0.90537 0.21586
vn -0.34805 -0.91148 0.21925
vn -0.38472 -0.89015 0.24420
vn -0.36229 -0.89829 0.24862
vn -0.40940 -0.87089 0.27193
vn -0.38045 -0.88207 0.27786
vn -0.44184 -0.84615 0.29801
vn -0.40406 -0.86195 0.30623
vn -0.48583 -0.81311 0.32066
vn -0.43519 -0.83660 0.33272
vn -0.54862 -0.76548 0.33624
vn -0.47753 -0.80341 0.35567
vn -0.64570 -0.68605 0.33527
vn -0.53821 -0.75640 0.37173
vn -0.81667 -0.50474 0.27980
vn -0.63232 -0.67911 0.37280
vn -0.87068 0.44773 -0.20362
vn -0.79053 -0.50429 0.34750
vn 0.00000 -0.24921 0.96845
vn 0.00000 -0.87457 0.48489
vn 0.00000 -0.89134 0.45333
vn 0.00000 -0.90702 0.42108
vn 0.00000 -0.92151 0.38835
vn 0.00000 -0.93474 0.35534
vn 0.00000 -0.94663 0.32232
vn 0.00000 -0.95717 0.28953
vn 0.00000 -0.96635 0.25722
vn 0.00000 -0.97420 0.22567
vn 0.00000 -0.98078 0.19510
vn 0.00000 -0.98616 0.16578
vn 0.00000 -0.99044 0.13794
vn 0.00000 -0.99373 0.11181
vn 0.00000 -0.99615 0.08763
vn 0.00000 -0.99785 0.06560
vn 0.00000 -0.99894 0.04601
vn 0.00000 -0.99958 0.02912
vn 0.00000 -0.99988 0.01532
vn 0.00000 -0.99999 0.00521
vn 0.00000 -0.99988 -0.01534
vn 0.00000 -0.99957 -0.02916
vn 0.00000 -0.99894 -0.04607
vn 0.00000 -0.99784 -0.06569
vn 0.00000 -0.99615 -0.08772
vn 0.00000 -0.99372 -0.11192
vn 0.00000 -0.99043 -0.13805
vn 0.00000 -0.98614 -0.16589
vn 0.00000 -0.98076 -0.19520
vn 0.00000 -0.97419 -0.22574
vn 0.00000 -0.96634 -0.25728
vn 0.00000 -0.95716 -0.28955
vn 0.00000 -0.94664 -0.32228
vn 0.00000 -0.93478 -0.35524
vn 0.00000 -0.92159 -0.38817
vn 0.00000 -0.90714 -0.42083
vn 0.00000 -0.89152 -0.45298
vn 0.00000 -0.87482 -0.48444
vn 0.59041 -0.68330 0.42956
vn 0.78716 -0.49329 0.37020
vn 0.55391 -0.73217 0.39639
vn 0.60840 -0.69276 0.38721
vn 0.52617 -0.76345 0.37454
vn 0.56281 -0.73872 0.37085
vn 0.50480 -0.78887 0.35052
vn 0.53360 -0.77025 0.34925
vn 0.48730 -0.81066 0.32462
vn 0.51120 -0.79574 0.32477
vn 0.47267 -0.82955 0.29736
vn 0.49280 -0.81738 0.29839
vn 0.46040 -0.84590 0.26924
vn 0.47738 -0.83593 0.27078
vn 0.45008 -0.85993 0.24072
vn 0.46438 -0.85179 0.24252
vn 0.44153 -0.87179 0.21223
vn 0.45340 -0.86521 0.21410
vn 0.43442 -0.88168 0.18416
vn 0.44425 -0.87639 0.18598
vn 0.42867 -0.88974 0.15689
vn 0.43660 -0.88558 0.15854
vn 0.42411 -0.89612 0.13075
vn 0.43038 -0.89292 0.13218
vn 0.42062 -0.90102 0.10605
vn 0.42541 -0.89863 0.10722
vn 0.41805 -0.90462 0.08309
vn 0.42157 -0.90290 0.08399
vn 0.41625 -0.90712 0.06213
vn 0.41870 -0.90595 0.06279
vn 0.41513 -0.90872 0.04348
vn 0.41667 -0.90800 0.04391
vn 0.41452 -0.90962 0.02743
vn 0.41537 -0.90923 0.02767
vn 0.41428 -0.91004 0.01436
vn 0.41464 -0.90987 0.01447
vn 0.41424 -0.91016 0.00486
vn 0.41432 -0.91012 0.00488
vn 0.41507 -0.90979 -0.00051
vn 0.41424 -0.91017 -0.00075
vn 0.41964 -0.90766 -0.00757
vn 0.41506 -0.90975 -0.00889
vn 0.42716 -0.90398 -0.01861
vn 0.41956 -0.90749 -0.02077
vn 0.43739 -0.89867 -0.03273
vn 0.42696 -0.90357 -0.03564
vn 0.45028 -0.89152 -0.04939
vn 0.43699 -0.89790 -0.05307
vn 0.46606 -0.88212 -0.06820
vn 0.44959 -0.89027 -0.07272
vn 0.48504 -0.86998 -0.08876
vn 0.46498 -0.88029 -0.09425
vn 0.50784 -0.85432 -0.11063
vn 0.48342 -0.86749 -0.11732
vn 0.53527 -0.83410 -0.13327
vn 0.50553 -0.85113 -0.14151
vn 0.56861 -0.80769 -0.15593
vn 0.53207 -0.83021 -0.16631
vn 0.60981 -0.77242 -0.17751
vn 0.56427 -0.80318 -0.19104
vn 0.66168 -0.72368 -0.19613
vn 0.60402 -0.76752 -0.21463
vn 0.72822 -0.65292 -0.20829
vn 0.65411 -0.71886 -0.23532
vn 0.81353 -0.54348 -0.20686
vn 0.71854 -0.64908 -0.24980
vn 0.91507 -0.36268 -0.17640
vn 0.80177 -0.54229 -0.25117
vn 0.99423 -0.06177 -0.08773
vn 0.90292 -0.36681 -0.22404
vn 0.93596 0.34377 0.07615
vn 0.98787 -0.07265 -0.13721
vn 0.70022 0.66863 0.25024
vn 0.94197 0.33398 0.03398
vn 0.44379 0.81712 0.36793
vn 0.71031 0.66756 0.22319
vn 0.25012 0.86671 0.43157
vn 0.46133 0.82510 0.32617
vn -0.00000 -0.47055 -0.88237
vn -0.44433 0.81738 0.36669
vn -0.25842 0.87547 0.40838
vn -0.69402 0.66900 0.26603
vn -0.45529 0.82249 0.34091
vn -0.93536 0.34459 0.07978
vn -0.71305 0.66716 0.21553
vn -0.99290 -0.06447 -0.09998
vn -0.94155 0.33479 0.03737
vn -0.91000 -0.36460 -0.19738
vn -0.99032 -0.06898 -0.12048
vn -0.80721 -0.54296 -0.23154
vn -0.90919 -0.36488 -0.20060
vn -0.72227 -0.65064 -0.23451
vn -0.80893 -0.54313 -0.22505
vn -0.65663 -0.72052 -0.22290
vn -0.72505 -0.65174 -0.22259
vn -0.60574 -0.76901 -0.20423
vn -0.65955 -0.72237 -0.20779
vn -0.56544 -0.80442 -0.18215
vn -0.60837 -0.77124 -0.18728
vn -0.53287 -0.83120 -0.15863
vn -0.56765 -0.80672 -0.16425
vn -0.50607 -0.85189 -0.13482
vn -0.53463 -0.83334 -0.14042
vn -0.48378 -0.86806 -0.11150
vn -0.50742 -0.85375 -0.11680
vn -0.46521 -0.88069 -0.08921
vn -0.48477 -0.86957 -0.09405
vn -0.44974 -0.89054 -0.06840
vn -0.46590 -0.88185 -0.07270
vn -0.43708 -0.89806 -0.04945
vn -0.45018 -0.89135 -0.05313
vn -0.42700 -0.90366 -0.03272
vn -0.43735 -0.89858 -0.03573
vn -0.41958 -0.90753 -0.01858
vn -0.42714 -0.90395 -0.02084
vn -0.41506 -0.90976 -0.00755
vn -0.41963 -0.90765 -0.00892
vn -0.41424 -0.91017 -0.00050
vn -0.41507 -0.90979 -0.00075
vn -0.41432 -0.91012 0.00486
vn -0.41424 -0.91016 0.00488
vn -0.41464 -0.90987 0.01436
vn -0.41428 -0.91004 0.01447
vn -0.41537 -0.90924 0.02742
vn -0.41452 -0.90962 0.02768
vn -0.41668 -0.90802 0.04345
vn -0.41512 -0.90871 0.04393
vn -0.41872 -0.90599 0.06207
vn -0.41623 -0.90708 0.06284
vn -0.42161 -0.90298 0.08297
vn -0.41802 -0.90454 0.08409
vn -0.42548 -0.89876 0.10585
vn -0.42056 -0.90089 0.10739
vn -0.43049 -0.89312 0.13042
vn -0.42401 -0.89592 0.13246
vn -0.43677 -0.88588 0.15638
vn -0.42851 -0.88944 0.15898
vn -0.44450 -0.87681 0.18339
vn -0.43419 -0.88128 0.18664
vn -0.45375 -0.86576 0.21112
vn -0.44122 -0.87125 0.21506
vn -0.46486 -0.85248 0.23912
vn -0.44966 -0.85925 0.24392
vn -0.47801 -0.83679 0.26700
vn -0.45984 -0.84507 0.27276
vn -0.49364 -0.81839 0.29422
vn -0.47196 -0.82858 0.30119
vn -0.51228 -0.79688 0.32023
vn -0.48640 -0.80954 0.32872
vn -0.53501 -0.77151 0.34429
vn -0.50367 -0.78763 0.35491
vn -0.56472 -0.74009 0.36517
vn -0.52469 -0.76207 0.37941
vn -0.61145 -0.69428 0.37961
vn -0.55168 -0.73049 0.40254
vn -0.80028 -0.49263 0.34187
vn -0.58293 -0.67914 0.44605
vn 0.00000 -0.24927 0.96843
vn 0.00000 -0.87705 0.48040
vn 0.00000 -0.89349 0.44909
vn 0.00000 -0.90886 0.41711
vn 0.00000 -0.92306 0.38466
vn 0.00000 -0.93601 0.35197
vn 0.00000 -0.94767 0.31926
vn 0.00000 -0.95799 0.28679
vn 0.00000 -0.96699 0.25481
vn 0.00000 -0.97469 0.22356
vn 0.00000 -0.98114 0.19331
vn 0.00000 -0.98641 0.16428
vn 0.00000 -0.99061 0.13672
vn 0.00000 -0.99384 0.11084
vn 0.00000 -0.99622 0.08688
vn 0.00000 -0.99788 0.06507
vn 0.00000 -0.99896 0.04565
vn 0.00000 -0.99958 0.02890
vn 0.00000 -0.99988 0.01521
vn 0.00000 -0.99999 0.00518
vn 0.00000 -0.99999 -0.00520
vn 0.00000 -0.99988 -0.01527
vn 0.00000 -0.99958 -0.02901
vn 0.00000 -0.99895 -0.04580
vn 0.00000 -0.99787 -0.06527
vn 0.00000 -0.99620 -0.08712
vn 0.00000 -0.99381 -0.11111
vn 0.00000 -0.99057 -0.13700
vn 0.00000 -0.98637 -0.16456
vn 0.00000 -0.98109 -0.19357
vn 0.00000 -0.97464 -0.22378
vn 0.00000 -0.96695 -0.25495
vn 0.00000 -0.95798 -0.28684
vn 0.00000 -0.94770 -0.31917
vn 0.00000 -0.93610 -0.35172
vn 0.00000 -0.92324 -0.38423
vn 0.00000 -0.90915 -0.41647
vn 0.00000 -0.89393 -0.44821
vn 0.00000 -0.87767 -0.47927
vn 0.76197 -0.52230 0.38289
vn 0.89628 -0.31090 0.31627
vn 0.73895 -0.58180 0.33981
vn 0.78664 -0.52485 0.32518
vn 0.71230 -0.62177 0.32563
vn 0.74671 -0.58386 0.31864
vn 0.69045 -0.65400 0.30912
vn 0.71876 -0.62443 0.30574
vn 0.67211 -0.68138 0.28980
vn 0.69630 -0.65715 0.28866
vn 0.65649 -0.70505 0.26819
vn 0.67741 -0.68484 0.26851
vn 0.64317 -0.72552 0.24486
vn 0.66125 -0.70864 0.24614
vn 0.63186 -0.74309 0.22040
vn 0.64737 -0.72906 0.22225
vn 0.62232 -0.75800 0.19534
vn 0.63548 -0.74644 0.19746
vn 0.61443 -0.77040 0.17019
vn 0.62538 -0.76105 0.17236
vn 0.60796 -0.78054 0.14538
vn 0.61694 -0.77308 0.14744
vn 0.60278 -0.78862 0.12136
vn 0.60997 -0.78279 0.12320
vn 0.59880 -0.79482 0.09850
vn 0.60433 -0.79043 0.10004
vn 0.59583 -0.79939 0.07714
vn 0.59994 -0.79620 0.07835
vn 0.59378 -0.80256 0.05760
vn 0.59663 -0.80038 0.05849
vn 0.59247 -0.80459 0.04020
vn 0.59429 -0.80321 0.04079
vn 0.59177 -0.80571 0.02526
vn 0.59277 -0.80497 0.02560
vn 0.59149 -0.80621 0.01316
vn 0.59191 -0.80590 0.01330
vn 0.59142 -0.80635 0.00441
vn 0.59153 -0.80627 0.00445
vn 0.59239 -0.80565 -0.00107
vn 0.59142 -0.80636 -0.00141
vn 0.59762 -0.80171 -0.01016
vn 0.59235 -0.80559 -0.01196
vn 0.60619 -0.79501 -0.02212
vn 0.59746 -0.80150 -0.02509
vn 0.61760 -0.78565 -0.03643
vn 0.60583 -0.79456 -0.04044
vn 0.63178 -0.77336 -0.05267
vn 0.61696 -0.78487 -0.05775
vn 0.64868 -0.75779 -0.07048
vn 0.63074 -0.77219 -0.07673
vn 0.66848 -0.73834 -0.08939
vn 0.64712 -0.75619 -0.09701
vn 0.69132 -0.71428 -0.10894
vn 0.66626 -0.73630 -0.11819
vn 0.71767 -0.68444 -0.12844
vn 0.68829 -0.71184 -0.13981
vn 0.74801 -0.64719 -0.14706
vn 0.71365 -0.68169 -0.16124
vn 0.78296 -0.60017 -0.16361
vn 0.74284 -0.64434 -0.18168
vn 0.82322 -0.53968 -0.17625
vn 0.77647 -0.59757 -0.20000
vn 0.86901 -0.46005 -0.18212
vn 0.81531 -0.53783 -0.21447
vn 0.91917 -0.35217 -0.17638
vn 0.85975 -0.45976 -0.22239
vn 0.96753 -0.20272 -0.15097
vn 0.90900 -0.35456 -0.21911
vn 0.99558 0.00326 -0.09384
vn 0.95787 -0.20918 -0.19680
vn 0.96396 0.26596 0.00630
vn 0.98965 -0.00802 -0.14326
vn 0.83135 0.53752 0.14119
vn 0.96664 0.25194 -0.04615
vn 0.61565 0.73892 0.27382
vn 0.84579 0.52660 0.08564
vn 0.39231 0.84974 0.35218
vn 0.66074 0.73398 0.15715
vn -0.00000 -0.47060 -0.88235
vn -0.63733 0.73811 0.22137
vn -0.40925 0.85721 0.31258
vn -0.83208 0.53705 0.13863
vn -0.63255 0.73851 0.23343
vn -0.96450 0.26409 -0.00088
vn -0.84259 0.52938 0.09899
vn -0.99419 0.00012 -0.10761
vn -0.96621 0.25576 -0.03214
vn -0.96395 -0.20534 -0.16920
vn -0.99212 -0.00390 -0.12526
vn -0.91445 -0.35342 -0.19719
vn -0.96254 -0.20629 -0.17597
vn -0.86408 -0.45999 -0.20441
vn -0.91459 -0.35338 -0.19657
vn -0.81860 -0.53867 -0.19932
vn -0.86535 -0.46002 -0.19884
vn -0.77893 -0.59860 -0.18696
vn -0.82044 -0.53909 -0.19043
vn -0.74464 -0.64537 -0.17032
vn -0.78091 -0.59939 -0.17581
vn -0.71496 -0.68261 -0.15124
vn -0.74653 -0.64640 -0.15768
vn -0.68922 -0.71261 -0.13100
vn -0.71661 -0.68374 -0.13772
vn -0.66691 -0.73691 -0.11044
vn -0.69059 -0.71371 -0.11704
vn -0.64756 -0.75665 -0.09022
vn -0.66799 -0.73790 -0.09645
vn -0.63103 -0.77252 -0.07087
vn -0.64837 -0.75747 -0.07652
vn -0.61713 -0.78508 -0.05281
vn -0.63159 -0.77315 -0.05775
vn -0.60593 -0.79469 -0.03643
vn -0.61750 -0.78553 -0.04051
vn -0.59750 -0.80156 -0.02208
vn -0.60614 -0.79496 -0.02518
vn -0.59236 -0.80561 -0.01012
vn -0.59761 -0.80170 -0.01201
vn -0.59142 -0.80636 -0.00107
vn -0.59239 -0.80565 -0.00142
vn -0.59153 -0.80627 0.00441
vn -0.59142 -0.80635 0.00445
vn -0.59191 -0.80590 0.01315
vn -0.59148 -0.80621 0.01331
vn -0.59277 -0.80498 0.02525
vn -0.59176 -0.80571 0.02562
vn -0.59431 -0.80323 0.04015
vn -0.59246 -0.80457 0.04084
vn -0.59666 -0.80043 0.05749
vn -0.59375 -0.80251 0.05859
vn -0.60001 -0.79629 0.07692
vn -0.59577 -0.79931 0.07855
vn -0.60445 -0.79057 0.09812
vn -0.59868 -0.79467 0.10038
vn -0.61017 -0.78301 0.12074
vn -0.60259 -0.78839 0.12377
vn -0.61725 -0.77340 0.14443
vn -0.60768 -0.78021 0.14831
vn -0.62582 -0.76149 0.16877
vn -0.61402 -0.76996 0.17364
vn -0.63610 -0.74701 0.19329
vn -0.62176 -0.75742 0.19932
vn -0.64820 -0.72975 0.21752
vn -0.63111 -0.74239 0.22487
vn -0.66233 -0.70944 0.24087
vn -0.64221 -0.72469 0.24979
vn -0.67880 -0.68572 0.26272
vn -0.65527 -0.70412 0.27355
vn -0.69803 -0.65806 0.28233
vn -0.67061 -0.68039 0.29557
vn -0.72093 -0.62529 0.29877
vn -0.68861 -0.65298 0.31534
vn -0.74952 -0.58456 0.31066
vn -0.70997 -0.62077 0.33256
vn -0.79076 -0.52509 0.31463
vn -0.73562 -0.58085 0.34854
vn -0.90916 -0.30561 0.28290
vn -0.75151 -0.52075 0.40503
vn 0.00000 -0.24923 0.96844
vn 0.00000 -0.88075 0.47359
vn 0.00000 -0.89669 0.44267
vn 0.00000 -0.91159 0.41110
vn 0.00000 -0.92536 0.37910
vn 0.00000 -0.93791 0.34687
vn 0.00000 -0.94921 0.31465
vn 0.00000 -0.95922 0.28266
vn 0.00000 -0.96794 0.25117
vn 0.00000 -0.97541 0.22040
vn 0.00000 -0.98167 0.19060
vn 0.00000 -0.98679 0.16202
vn 0.00000 -0.99086 0.13487
vn 0.00000 -0.99400 0.10937
vn 0.00000 -0.99632 0.08577
vn 0.00000 -0.99793 0.06426
vn 0.00000 -0.99898 0.04511
vn 0.00000 -0.99959 0.02857
vn 0.00000 -0.99989 0.01504
vn 0.00000 -0.99999 0.00513
vn 0.00000 -1.00000 -0.00001
vn 0.00000 -0.99999 -0.00517
vn 0.00000 -0.99988 -0.01517
vn 0.00000 -0.99959 -0.02877
vn 0.00000 -0.99897 -0.04540
vn 0.00000 -0.99791 -0.06463
vn 0.00000 -0.99628 -0.08622
vn 0.00000 -0.99394 -0.10989
vn 0.00000 -0.99079 -0.13541
vn 0.00000 -0.98670 -0.16256
vn 0.00000 -0.98157 -0.19111
vn 0.00000 -0.97531 -0.22082
vn 0.00000 -0.96787 -0.25146
vn 0.00000 -0.95919 -0.28276
vn 0.00000 -0.94926 -0.31450
vn 0.00000 -0.93807 -0.34644
vn 0.00000 -0.92568 -0.37831
vn 0.00000 -0.91213 -0.40991
vn 0.00000 -0.89749 -0.44104
vn 0.00000 -0.88188 -0.47148
vn 0.86203 -0.37252 0.34370
vn 0.94261 -0.17598 0.28377
vn 0.85661 -0.43046 0.28446
vn 0.89064 -0.36710 0.26832
vn 0.83585 -0.47455 0.27595
vn 0.86216 -0.43019 0.26761
vn 0.81768 -0.51055 0.26595
vn 0.84022 -0.47498 0.26157
vn 0.80195 -0.54130 0.25273
vn 0.82186 -0.51147 0.25090
vn 0.78836 -0.56791 0.23655
vn 0.80601 -0.54261 0.23646
vn 0.77664 -0.59103 0.21799
vn 0.79224 -0.56952 0.21908
vn 0.76661 -0.61092 0.19768
vn 0.78024 -0.59281 0.19951
vn 0.75808 -0.62790 0.17623
vn 0.76985 -0.61276 0.17847
vn 0.75096 -0.64209 0.15420
vn 0.76091 -0.62968 0.15657
vn 0.74508 -0.65376 0.13211
vn 0.75335 -0.64373 0.13442
vn 0.74036 -0.66307 0.11047
vn 0.74703 -0.65519 0.11256
vn 0.73666 -0.67029 0.08968
vn 0.74189 -0.66425 0.09147
vn 0.73393 -0.67559 0.07016
vn 0.73780 -0.67121 0.07159
vn 0.73203 -0.67927 0.05227
vn 0.73473 -0.67626 0.05332
vn 0.73080 -0.68162 0.03634
vn 0.73254 -0.67971 0.03705
vn 0.73012 -0.68294 0.02271
vn 0.73110 -0.68188 0.02312
vn 0.72986 -0.68350 0.01173
vn 0.73026 -0.68306 0.01191
vn 0.72979 -0.68366 0.00390
vn 0.72990 -0.68354 0.00394
vn 0.73069 -0.68271 -0.00174
vn 0.72980 -0.68366 -0.00213
vn 0.73554 -0.67735 -0.01319
vn 0.73060 -0.68263 -0.01532
vn 0.74332 -0.66842 -0.02623
vn 0.73528 -0.67712 -0.02971
vn 0.75357 -0.65610 -0.04073
vn 0.74280 -0.66797 -0.04544
vn 0.76604 -0.64030 -0.05652
vn 0.75270 -0.65539 -0.06250
vn 0.78055 -0.62079 -0.07327
vn 0.76472 -0.63930 -0.08059
vn 0.79702 -0.59712 -0.09056
vn 0.77866 -0.61952 -0.09944
vn 0.81545 -0.56868 -0.10790
vn 0.79447 -0.59561 -0.11864
vn 0.83581 -0.53466 -0.12471
vn 0.81211 -0.56702 -0.13773
vn 0.85816 -0.49386 -0.14021
vn 0.83158 -0.53300 -0.15616
vn 0.88247 -0.44466 -0.15337
vn 0.85296 -0.49241 -0.17319
vn 0.90854 -0.38475 -0.16283
vn 0.87623 -0.44375 -0.18788
vn 0.93581 -0.31070 -0.16651
vn 0.90129 -0.38481 -0.19897
vn 0.96255 -0.21780 -0.16144
vn 0.92769 -0.31233 -0.20457
vn 0.98470 -0.09952 -0.14307
vn 0.95396 -0.22176 -0.20195
vn 0.99314 0.05159 -0.10490
vn 0.97654 -0.10678 -0.18702
vn 0.97012 0.23940 -0.03938
vn 0.98727 0.04009 -0.15394
vn 0.88958 0.45322 0.05701
vn 0.96996 0.22328 -0.09656
vn 0.73343 0.65740 0.17292
vn 0.90118 0.43311 -0.01674
vn 0.53432 0.81179 0.23559
vn 0.78748 0.61592 -0.02251
vn -0.00000 -0.47057 -0.88236
vn -0.77046 0.63524 0.05351
vn -0.55707 0.81091 0.17915
vn -0.89319 0.44812 0.03737
vn -0.75000 0.64962 0.12445
vn -0.97041 0.23529 -0.05425
vn -0.89703 0.44175 0.01380
vn -0.99154 0.04791 -0.12067
vn -0.97042 0.22930 -0.07555
vn -0.98174 -0.10239 -0.16034
vn -0.98992 0.04470 -0.13437
vn -0.95883 -0.21966 -0.17998
vn -0.98047 -0.10353 -0.16723
vn -0.93184 -0.31159 -0.18599
vn -0.95848 -0.21982 -0.18165
vn -0.90467 -0.38485 -0.18292
vn -0.93231 -0.31150 -0.18376
vn -0.87891 -0.44419 -0.17381
vn -0.90570 -0.38484 -0.17779
vn -0.85504 -0.49303 -0.16071
vn -0.88023 -0.44438 -0.16652
vn -0.83317 -0.53365 -0.14505
vn -0.85644 -0.49341 -0.15183
vn -0.81330 -0.56763 -0.12782
vn -0.83452 -0.53418 -0.13501
vn -0.79534 -0.59613 -0.10982
vn -0.81451 -0.56823 -0.11701
vn -0.77928 -0.61994 -0.09167
vn -0.79636 -0.59674 -0.09856
vn -0.76514 -0.63962 -0.07383
vn -0.78010 -0.62050 -0.08019
vn -0.75297 -0.65561 -0.05675
vn -0.76576 -0.64009 -0.06238
vn -0.74296 -0.66810 -0.04077
vn -0.75341 -0.65597 -0.04548
vn -0.73535 -0.67718 -0.02619
vn -0.74325 -0.66835 -0.02979
vn -0.73062 -0.68265 -0.01315
vn -0.73552 -0.67733 -0.01537
vn -0.72980 -0.68366 -0.00174
vn -0.73068 -0.68271 -0.00214
vn -0.72990 -0.68354 0.00390
vn -0.72979 -0.68366 0.00394
vn -0.73026 -0.68306 0.01173
vn -0.72986 -0.68350 0.01191
vn -0.73111 -0.68189 0.02269
vn -0.73012 -0.68293 0.02315
vn -0.73256 -0.67973 0.03627
vn -0.73078 -0.68160 0.03712
vn -0.73478 -0.67630 0.05211
vn -0.73198 -0.67922 0.05346
vn -0.73790 -0.67129 0.06986
vn -0.73384 -0.67551 0.07187
vn -0.74206 -0.66438 0.08915
vn -0.73650 -0.67016 0.09197
vn -0.74730 -0.65538 0.10961
vn -0.74011 -0.66287 0.11335
vn -0.75376 -0.64400 0.13080
vn -0.74469 -0.65348 0.13564
vn -0.76149 -0.63004 0.15227
vn -0.75042 -0.64172 0.15835
vn -0.77065 -0.61320 0.17348
vn -0.75734 -0.62743 0.18102
vn -0.78128 -0.59331 0.19386
vn -0.76565 -0.61037 0.20306
vn -0.79358 -0.57006 0.21277
vn -0.77541 -0.59041 0.22394
vn -0.80767 -0.54313 0.22952
vn -0.78686 -0.56727 0.24302
vn -0.82389 -0.51188 0.24329
vn -0.80013 -0.54068 0.25972
vn -0.84268 -0.47517 0.25319
vn -0.81550 -0.51004 0.27352
vn -0.86518 -0.42998 0.25802
vn -0.83319 -0.47425 0.28440
vn -0.89477 -0.36598 0.25583
vn -0.85297 -0.43056 0.29505
vn -0.95374 -0.16828 0.24914
vn -0.85096 -0.37382 0.36895
vn 0.00000 -0.24922 0.96845
vn 0.00000 -0.88552 0.46460
vn 0.00000 -0.90082 0.43420
vn 0.00000 -0.91512 0.40318
vn 0.00000 -0.92832 0.37178
vn 0.00000 -0.94037 0.34017
vn 0.00000 -0.95120 0.30857
vn 0.00000 -0.96080 0.27725
vn 0.00000 -0.96917 0.24638
vn 0.00000 -0.97634 0.21625
vn 0.00000 -0.98235 0.18706
vn 0.00000 -0.98727 0.15905
vn 0.00000 -0.99119 0.13244
vn 0.00000 -0.99421 0.10746
vn 0.00000 -0.99644 0.08430
vn 0.00000 -0.99800 0.06319
vn 0.00000 -0.99901 0.04438
vn 0.00000 -0.99960 0.02814
vn 0.00000 -0.99989 0.01483
vn 0.00000 -0.99999 0.00507
vn 0.00000 -0.99999 -0.00514
vn 0.00000 -0.99989 -0.01502
vn 0.00000 -0.99959 -0.02847
vn 0.00000 -0.99899 -0.04486
vn 0.00000 -0.99796 -0.06381
vn 0.00000 -0.99638 -0.08504
vn 0.00000 -0.99412 -0.10829
vn 0.00000 -0.99107 -0.13334
vn 0.00000 -0.98712 -0.15995
vn 0.00000 -0.98219 -0.18791
vn 0.00000 -0.97618 -0.21696
vn 0.00000 -0.96904 -0.24689
vn 0.00000 -0.96074 -0.27745
vn 0.00000 -0.95125 -0.30841
vn 0.00000 -0.94060 -0.33952
vn 0.00000 -0.92880 -0.37058
vn 0.00000 -0.91592 -0.40136
vn 0.00000 -0.90204 -0.43166
vn 0.00000 -0.88724 -0.46131
vn 0.91594 -0.24753 0.31589
vn 0.96124 -0.07429 0.26552
vn 0.92436 -0.29786 0.23841
vn 0.94617 -0.23453 0.22308
vn 0.90997 -0.34275 0.23342
vn 0.92803 -0.29672 0.22521
vn 0.89640 -0.37995 0.22829
vn 0.91250 -0.34238 0.22390
vn 0.88431 -0.41188 0.21988
vn 0.89897 -0.37991 0.21800
vn 0.87373 -0.43963 0.20812
vn 0.88706 -0.41214 0.20801
vn 0.86457 -0.46374 0.19355
vn 0.87657 -0.44016 0.19465
vn 0.85668 -0.48461 0.17679
vn 0.86737 -0.46448 0.17868
vn 0.84996 -0.50244 0.15848
vn 0.85933 -0.48549 0.16081
vn 0.84430 -0.51747 0.13922
vn 0.85237 -0.50338 0.14172
vn 0.83961 -0.52986 0.11959
vn 0.84639 -0.51840 0.12204
vn 0.83584 -0.53977 0.10011
vn 0.84135 -0.53071 0.10235
vn 0.83288 -0.54745 0.08126
vn 0.83722 -0.54050 0.08318
vn 0.83066 -0.55315 0.06346
vn 0.83393 -0.54803 0.06501
vn 0.82907 -0.55716 0.04712
vn 0.83139 -0.55358 0.04829
vn 0.82807 -0.55967 0.03261
vn 0.82954 -0.55745 0.03338
vn 0.82751 -0.56108 0.02024
vn 0.82834 -0.55984 0.02069
vn 0.82727 -0.56171 0.01034
vn 0.82764 -0.56116 0.01055
vn 0.82723 -0.56186 0.00339
vn 0.82731 -0.56174 0.00344
vn 0.82796 -0.56078 -0.00242
vn 0.82723 -0.56186 -0.00284
vn 0.83187 -0.55473 -0.01630
vn 0.82782 -0.56069 -0.01857
vn 0.83810 -0.54467 -0.03045
vn 0.83149 -0.55448 -0.03417
vn 0.84616 -0.53101 -0.04522
vn 0.83742 -0.54424 -0.05025
vn 0.85577 -0.51378 -0.06066
vn 0.84510 -0.53039 -0.06702
vn 0.86673 -0.49286 -0.07652
vn 0.85425 -0.51298 -0.08431
vn 0.87885 -0.46805 -0.09251
vn 0.86467 -0.49191 -0.10188
vn 0.89201 -0.43887 -0.10817
vn 0.87616 -0.46700 -0.11941
vn 0.90609 -0.40480 -0.12302
vn 0.88863 -0.43784 -0.13651
vn 0.92091 -0.36510 -0.13645
vn 0.90195 -0.40393 -0.15270
vn 0.93628 -0.31869 -0.14767
vn 0.91599 -0.36460 -0.16743
vn 0.95187 -0.26406 -0.15565
vn 0.93056 -0.31883 -0.18000
vn 0.96698 -0.19916 -0.15902
vn 0.94539 -0.26518 -0.18951
vn 0.98035 -0.12101 -0.15581
vn 0.95988 -0.20173 -0.19478
vn 0.98936 -0.02571 -0.14322
vn 0.97289 -0.12566 -0.19415
vn 0.98887 0.09151 -0.11732
vn 0.98210 -0.03326 -0.18538
vn 0.96926 0.23492 -0.07311
vn 0.98295 0.07993 -0.16559
vn 0.91452 0.40450 -0.00603
vn 0.96701 0.21766 -0.13238
vn 0.80460 0.58820 0.08148
vn 0.92134 0.37816 -0.09014
vn 0.65486 0.74976 0.09490
vn 0.84500 0.50584 -0.17348
vn -0.00000 -0.47058 -0.88236
vn -0.83970 0.53362 -0.10073
vn -0.67582 0.73653 0.02814
vn -0.91809 0.39441 -0.03947
vn -0.81739 0.57525 0.03114
vn -0.96889 0.22900 -0.09384
vn -0.91874 0.39206 -0.04703
vn -0.98698 0.08729 -0.13506
vn -0.96845 0.22536 -0.10633
vn -0.98663 -0.02879 -0.16040
vn -0.98584 0.08502 -0.14451
vn -0.97717 -0.12313 -0.17314
vn -0.98569 -0.02978 -0.16590
vn -0.96364 -0.20046 -0.17670
vn -0.97678 -0.12338 -0.17514
vn -0.94857 -0.26469 -0.17366
vn -0.96381 -0.20040 -0.17580
vn -0.93318 -0.31881 -0.16591
vn -0.94918 -0.26458 -0.17043
vn -0.91811 -0.36485 -0.15481
vn -0.93408 -0.31879 -0.16081
vn -0.90363 -0.40431 -0.14135
vn -0.91915 -0.36495 -0.14820
vn -0.88993 -0.43826 -0.12630
vn -0.90472 -0.40453 -0.13354
vn -0.87714 -0.46740 -0.11027
vn -0.89098 -0.43857 -0.11755
vn -0.86539 -0.49225 -0.09377
vn -0.87809 -0.46776 -0.10079
vn -0.85476 -0.51325 -0.07721
vn -0.86620 -0.49262 -0.08375
vn -0.84544 -0.53059 -0.06096
vn -0.85543 -0.51360 -0.06681
vn -0.83762 -0.54437 -0.04530
vn -0.84595 -0.53089 -0.05023
vn -0.83160 -0.55455 -0.03042
vn -0.83799 -0.54460 -0.03422
vn -0.82785 -0.56071 -0.01627
vn -0.83184 -0.55471 -0.01861
vn -0.82723 -0.56186 -0.00242
vn -0.82796 -0.56078 -0.00284
vn -0.82731 -0.56174 0.00339
vn -0.82723 -0.56186 0.00344
vn -0.82764 -0.56116 0.01034
vn -0.82726 -0.56171 0.01056
vn -0.82835 -0.55985 0.02021
vn -0.82751 -0.56107 0.02071
vn -0.82957 -0.55746 0.03253
vn -0.82805 -0.55966 0.03346
vn -0.83145 -0.55361 0.04693
vn -0.82901 -0.55712 0.04847
vn -0.83403 -0.54809 0.06310
vn -0.83056 -0.55309 0.06535
vn -0.83741 -0.54059 0.08064
vn -0.83270 -0.54735 0.08377
vn -0.84165 -0.53085 0.09911
vn -0.83555 -0.53962 0.10328
vn -0.84683 -0.51859 0.11807
vn -0.83918 -0.52965 0.12347
vn -0.85300 -0.50362 0.13700
vn -0.84370 -0.51720 0.14380
vn -0.86018 -0.48576 0.15535
vn -0.84916 -0.50211 0.16374
vn -0.86847 -0.46476 0.17248
vn -0.85564 -0.48425 0.18272
vn -0.87796 -0.44039 0.18774
vn -0.86327 -0.46338 0.20011
vn -0.88875 -0.41227 0.20038
vn -0.87215 -0.43931 0.21529
vn -0.90098 -0.37985 0.20963
vn -0.88244 -0.41168 0.22764
vn -0.91486 -0.34199 0.21465
vn -0.89421 -0.37995 0.23672
vn -0.93084 -0.29578 0.21461
vn -0.90736 -0.34308 0.24288
vn -0.94977 -0.23247 0.20950
vn -0.92094 -0.29882 0.25015
vn -0.97061 -0.06561 0.23155
vn -0.90552 -0.25084 0.34221
vn 0.00000 -0.89114 0.45373
vn 0.00000 -0.90568 0.42395
vn 0.00000 -0.91927 0.39364
vn 0.00000 -0.93181 0.36295
vn 0.00000 -0.94325 0.33209
vn 0.00000 -0.95354 0.30127
vn 0.00000 -0.96266 0.27071
vn 0.00000 -0.97062 0.24063
vn 0.00000 -0.97743 0.21125
vn 0.00000 -0.98315 0.18280
vn 0.00000 -0.98784 0.15549
vn 0.00000 -0.99158 0.12953
vn 0.00000 -0.99446 0.10515
vn 0.00000 -0.99659 0.08252
vn 0.00000 -0.99808 0.06191
vn 0.00000 -0.99905 0.04351
vn 0.00000 -0.99962 0.02762
vn 0.00000 -0.99989 0.01458
vn 0.00000 -0.99999 0.00499
vn 0.00000 -0.99999 -0.00510
vn 0.00000 -0.99989 -0.01487
vn 0.00000 -0.99961 -0.02810
vn 0.00000 -0.99902 -0.04421
vn 0.00000 -0.99803 -0.06280
vn 0.00000 -0.99650 -0.08362
vn 0.00000 -0.99433 -0.10638
vn 0.00000 -0.99140 -0.13086
vn 0.00000 -0.98763 -0.15683
vn 0.00000 -0.98291 -0.18407
vn 0.00000 -0.97719 -0.21234
vn 0.00000 -0.97042 -0.24143
vn 0.00000 -0.96255 -0.27110
vn 0.00000 -0.95358 -0.30112
vn 0.00000 -0.94353 -0.33128
vn 0.00000 -0.93243 -0.36135
vn 0.00000 -0.92033 -0.39115
vn 0.00000 -0.90731 -0.42046
vn 0.00000 -0.89345 -0.44916
vn 0.94231 -0.14968 0.29942
vn 0.96614 0.00115 0.25802
vn 0.96017 -0.19070 0.20424
vn 0.97297 -0.13027 0.19069
vn 0.95115 -0.23436 0.20095
vn 0.96262 -0.18937 0.19365
vn 0.94170 -0.27123 0.19908
vn 0.95246 -0.23390 0.19523
vn 0.93304 -0.30293 0.19409
vn 0.94314 -0.27094 0.19257
vn 0.92537 -0.33052 0.18558
vn 0.93479 -0.30279 0.18571
vn 0.91869 -0.35458 0.17399
vn 0.92737 -0.33055 0.17527
vn 0.91296 -0.37541 0.15993
vn 0.92081 -0.35479 0.16195
vn 0.90807 -0.39326 0.14405
vn 0.91507 -0.37576 0.14649
vn 0.90397 -0.40832 0.12696
vn 0.91006 -0.39371 0.12956
vn 0.90057 -0.42076 0.10927
vn 0.90574 -0.40881 0.11181
vn 0.89779 -0.43081 0.09151
vn 0.90208 -0.42125 0.09385
vn 0.89561 -0.43860 0.07423
vn 0.89901 -0.43125 0.07623
vn 0.89395 -0.44441 0.05784
vn 0.89654 -0.43896 0.05947
vn 0.89279 -0.44843 0.04280
vn 0.89461 -0.44468 0.04399
vn 0.89202 -0.45104 0.02943
vn 0.89321 -0.44862 0.03025
vn 0.89158 -0.45250 0.01812
vn 0.89225 -0.45115 0.01859
vn 0.89139 -0.45314 0.00916
vn 0.89169 -0.45255 0.00937
vn 0.89136 -0.45329 0.00294
vn 0.89143 -0.45315 0.00299
vn 0.89193 -0.45216 -0.00306
vn 0.89136 -0.45329 -0.00348
vn 0.89484 -0.44598 -0.01925
vn 0.89173 -0.45206 -0.02153
vn 0.89941 -0.43574 -0.03452
vn 0.89435 -0.44574 -0.03827
vn 0.90527 -0.42193 -0.04964
vn 0.89859 -0.43536 -0.05473
vn 0.91213 -0.40474 -0.06491
vn 0.90406 -0.42141 -0.07131
vn 0.91980 -0.38410 -0.08019
vn 0.91047 -0.40411 -0.08801
vn 0.92811 -0.35993 -0.09525
vn 0.91764 -0.38340 -0.10462
vn 0.93687 -0.33200 -0.10978
vn 0.92538 -0.35924 -0.12093
vn 0.94594 -0.29995 -0.12339
vn 0.93354 -0.33142 -0.13662
vn 0.95515 -0.26327 -0.13559
vn 0.94198 -0.29962 -0.15134
vn 0.96426 -0.22121 -0.14580
vn 0.95054 -0.26336 -0.16468
vn 0.97296 -0.17276 -0.15331
vn 0.95901 -0.22196 -0.17614
vn 0.98069 -0.11645 -0.15711
vn 0.96711 -0.17446 -0.18511
vn 0.98648 -0.05032 -0.15595
vn 0.97432 -0.11949 -0.19085
vn 0.98858 0.02836 -0.14800
vn 0.97976 -0.05526 -0.19240
vn 0.98375 0.12301 -0.13081
vn 0.98184 0.02072 -0.18858
vn 0.96608 0.23764 -0.10110
vn 0.97767 0.11138 -0.17823
vn 0.92535 0.37498 -0.05583
vn 0.96216 0.21964 -0.16126
vn 0.84614 0.53295 0.00326
vn 0.92742 0.34444 -0.14581
vn 0.74128 0.66934 -0.04983
vn 0.86192 0.41665 -0.28894
vn -0.86583 0.44582 -0.22711
vn -0.75441 0.64591 -0.11686
vn -0.92741 0.36039 -0.10012
vn -0.85456 0.51739 -0.04501
vn -0.96489 0.23015 -0.12658
vn -0.92723 0.36264 -0.09345
vn -0.98152 0.11823 -0.15046
vn -0.96459 0.22874 -0.13130
vn -0.98588 0.02506 -0.16557
vn -0.98086 0.11696 -0.15566
vn -0.98356 -0.05260 -0.17277
vn -0.98532 0.02442 -0.16899
vn -0.97770 -0.11796 -0.17374
vn -0.98332 -0.05278 -0.17405
vn -0.97003 -0.17367 -0.16996
vn -0.97784 -0.11790 -0.17301
vn -0.96148 -0.22165 -0.16256
vn -0.97049 -0.17353 -0.16743
vn -0.95258 -0.26335 -0.15243
vn -0.96219 -0.22155 -0.15847
vn -0.94364 -0.29978 -0.14026
vn -0.95344 -0.26333 -0.14699
vn -0.93487 -0.33166 -0.12659
vn -0.94457 -0.29986 -0.13366
vn -0.92641 -0.35951 -0.11190
vn -0.93580 -0.33183 -0.11900
vn -0.91841 -0.38366 -0.09656
vn -0.92730 -0.35973 -0.10344
vn -0.91103 -0.40433 -0.08093
vn -0.91923 -0.38392 -0.08737
vn -0.90444 -0.42158 -0.06526
vn -0.91173 -0.40459 -0.07103
vn -0.89883 -0.43547 -0.04975
vn -0.90503 -0.42183 -0.05466
vn -0.89447 -0.44580 -0.03451
vn -0.89928 -0.43569 -0.03829
vn -0.89177 -0.45208 -0.01923
vn -0.89479 -0.44596 -0.02157
vn -0.89136 -0.45329 -0.00306
vn -0.89193 -0.45216 -0.00349
vn -0.89143 -0.45315 0.00294
vn -0.89136 -0.45329 0.00300
vn -0.89169 -0.45255 0.00915
vn -0.89139 -0.45314 0.00938
vn -0.89226 -0.45116 0.01809
vn -0.89157 -0.45249 0.01862
vn -0.89324 -0.44863 0.02934
vn -0.89199 -0.45103 0.03034
vn -0.89466 -0.44470 0.04260
vn -0.89274 -0.44841 0.04418
vn -0.89665 -0.43900 0.05746
vn -0.89385 -0.44436 0.05983
vn -0.89920 -0.43131 0.07357
vn -0.89543 -0.43852 0.07685
vn -0.90238 -0.42134 0.09046
vn -0.89750 -0.43070 0.09485
vn -0.90619 -0.40893 0.10767
vn -0.90013 -0.42062 0.11331
vn -0.91069 -0.39384 0.12464
vn -0.90336 -0.40815 0.13174
vn -0.91591 -0.37589 0.14080
vn -0.90727 -0.39307 0.14955
vn -0.92189 -0.35488 0.15550
vn -0.91193 -0.37522 0.16614
vn -0.92871 -0.33055 0.16805
vn -0.91742 -0.35444 0.18087
vn -0.93639 -0.30263 0.17774
vn -0.92385 -0.33047 0.19310
vn -0.94500 -0.27053 0.18380
vn -0.93126 -0.30305 0.20226
vn -0.95459 -0.23310 0.18551
vn -0.93966 -0.27160 0.20801
vn -0.96506 -0.18796 0.18255
vn -0.94879 -0.23515 0.21095
vn -0.97596 -0.12766 0.17662
vn -0.95715 -0.19223 0.21658
vn -0.97416 0.01005 0.22563
vn -0.93290 -0.15414 0.32549
vn 0.00000 -0.24926 0.96844
vn 0.00000 -0.89737 0.44128
vn 0.00000 -0.91107 0.41226
vn 0.00000 -0.92386 0.38273
vn 0.00000 -0.93567 0.35289
vn 0.00000 -0.94643 0.32290
vn 0.00000 -0.95612 0.29297
vn 0.00000 -0.96471 0.26330
vn 0.00000 -0.97221 0.23409
vn 0.00000 -0.97864 0.20558
vn 0.00000 -0.98404 0.17796
vn 0.00000 -0.98847 0.15144
vn 0.00000 -0.99200 0.12623
vn 0.00000 -0.99473 0.10251
vn 0.00000 -0.99675 0.08052
vn 0.00000 -0.99817 0.06045
vn 0.00000 -0.99910 0.04253
vn 0.00000 -0.99963 0.02702
vn 0.00000 -0.99990 0.01429
vn 0.00000 -0.99999 0.00491
vn 0.00000 -1.00000 -0.00002
vn 0.00000 -0.99999 -0.00505
vn 0.00000 -0.99989 -0.01468
vn 0.00000 -0.99962 -0.02767
vn 0.00000 -0.99905 -0.04348
vn 0.00000 -0.99810 -0.06168
vn 0.00000 -0.99663 -0.08201
vn 0.00000 -0.99456 -0.10421
vn 0.00000 -0.99177 -0.12804
vn 0.00000 -0.98818 -0.15329
vn 0.00000 -0.98372 -0.17972
vn 0.00000 -0.97831 -0.20713
vn 0.00000 -0.97193 -0.23527
vn 0.00000 -0.96454 -0.26394
vn 0.00000 -0.95614 -0.29292
vn 0.00000 -0.94674 -0.32200
vn 0.00000 -0.93639 -0.35096
vn 0.00000 -0.92513 -0.37964
vn 0.00000 -0.91305 -0.40785
vn 0.00000 -0.90021 -0.43545
vn 0.95371 -0.07378 0.29154
vn 0.96451 0.05823 0.25754
vn 0.97790 -0.10583 0.18030
vn 0.98445 -0.04906 0.16869
vn 0.97296 -0.14765 0.17760
vn 0.97964 -0.10451 0.17139
vn 0.96684 -0.18335 0.17778
vn 0.97354 -0.14734 0.17465
vn 0.96097 -0.21419 0.17510
vn 0.96756 -0.18309 0.17407
vn 0.95571 -0.24105 0.16887
vn 0.96206 -0.21395 0.16933
vn 0.95114 -0.26442 0.15940
vn 0.95712 -0.24088 0.16090
vn 0.94723 -0.28472 0.14728
vn 0.95277 -0.26437 0.14946
vn 0.94392 -0.30214 0.13316
vn 0.94894 -0.28479 0.13571
vn 0.94114 -0.31688 0.11765
vn 0.94558 -0.30231 0.12034
vn 0.93885 -0.32906 0.10139
vn 0.94267 -0.31711 0.10399
vn 0.93698 -0.33891 0.08493
vn 0.94017 -0.32932 0.08731
vn 0.93549 -0.34658 0.06879
vn 0.93806 -0.33916 0.07084
vn 0.93436 -0.35228 0.05348
vn 0.93632 -0.34680 0.05512
vn 0.93354 -0.35631 0.03938
vn 0.93495 -0.35245 0.04062
vn 0.93299 -0.35889 0.02693
vn 0.93391 -0.35643 0.02776
vn 0.93269 -0.36031 0.01643
vn 0.93320 -0.35896 0.01691
vn 0.93255 -0.36096 0.00820
vn 0.93278 -0.36035 0.00842
vn 0.93251 -0.36113 0.00258
vn 0.93257 -0.36097 0.00264
vn 0.93293 -0.36004 -0.00364
vn 0.93251 -0.36113 -0.00406
vn 0.93499 -0.35400 -0.02197
vn 0.93266 -0.35994 -0.02421
vn 0.93815 -0.34409 -0.03833
vn 0.93438 -0.35378 -0.04200
vn 0.94216 -0.33080 -0.05390
vn 0.93721 -0.34376 -0.05887
vn 0.94679 -0.31433 -0.06915
vn 0.94083 -0.33038 -0.07542
vn 0.95185 -0.29480 -0.08412
vn 0.94503 -0.31385 -0.09173
vn 0.95720 -0.27211 -0.09861
vn 0.94962 -0.29431 -0.10771
vn 0.96269 -0.24614 -0.11244
vn 0.95447 -0.27168 -0.12320
vn 0.96817 -0.21667 -0.12529
vn 0.95943 -0.24588 -0.13797
vn 0.97348 -0.18336 -0.13682
vn 0.96437 -0.21670 -0.15175
vn 0.97842 -0.14565 -0.14659
vn 0.96913 -0.18383 -0.16429
vn 0.98270 -0.10278 -0.15409
vn 0.97353 -0.14676 -0.17522
vn 0.98587 -0.05374 -0.15866
vn 0.97729 -0.10480 -0.18416
vn 0.98721 0.00303 -0.15942
vn 0.97999 -0.05702 -0.19069
vn 0.98544 0.06951 -0.15519
vn 0.98094 -0.00205 -0.19428
vn 0.97832 0.14838 -0.14446
vn 0.97896 0.06184 -0.19443
vn 0.96191 0.24289 -0.12539
vn 0.97202 0.13672 -0.19103
vn 0.92936 0.35630 -0.09661
vn 0.95663 0.22438 -0.18577
vn 0.86965 0.48973 -0.06224
vn 0.92722 0.32283 -0.18986
vn 0.79241 0.58260 -0.18073
vn 0.85914 0.34853 -0.37470
vn -0.00000 -0.47059 -0.88235
vn -0.86803 0.37520 -0.32520
vn -0.79671 0.55456 -0.24022
vn -0.92928 0.33784 -0.14936
vn -0.87438 0.47340 -0.10657
vn -0.95983 0.23403 -0.15474
vn -0.92964 0.34454 -0.13059
vn -0.97571 0.14307 -0.16591
vn -0.96001 0.23466 -0.15269
vn -0.98265 0.06598 -0.17335
vn -0.97555 0.14277 -0.16711
vn -0.98437 0.00060 -0.17611
vn -0.98246 0.06576 -0.17449
vn -0.98306 -0.05539 -0.17473
vn -0.98435 0.00059 -0.17620
vn -0.97997 -0.10386 -0.16992
vn -0.98328 -0.05527 -0.17351
vn -0.97583 -0.14628 -0.16238
vn -0.98042 -0.10369 -0.16739
vn -0.97107 -0.18365 -0.15263
vn -0.97647 -0.14613 -0.15858
vn -0.96598 -0.21671 -0.14115
vn -0.97185 -0.18356 -0.14767
vn -0.96074 -0.24600 -0.12833
vn -0.96684 -0.21670 -0.13512
vn -0.95550 -0.27185 -0.11449
vn -0.96163 -0.24607 -0.12129
vn -0.95042 -0.29449 -0.09992
vn -0.95639 -0.27199 -0.10651
vn -0.94562 -0.31402 -0.08487
vn -0.95125 -0.29467 -0.09104
vn -0.94124 -0.33051 -0.06953
vn -0.94637 -0.31422 -0.07509
vn -0.93747 -0.34385 -0.05404
vn -0.94190 -0.33072 -0.05876
vn -0.93452 -0.35383 -0.03834
vn -0.93801 -0.34404 -0.04200
vn -0.93271 -0.35995 -0.02195
vn -0.93494 -0.35399 -0.02423
vn -0.93251 -0.36113 -0.00364
vn -0.93293 -0.36004 -0.00406
vn -0.93257 -0.36097 0.00258
vn -0.93251 -0.36113 0.00264
vn -0.93278 -0.36035 0.00819
vn -0.93254 -0.36096 0.00843
vn -0.93321 -0.35896 0.01640
vn -0.93268 -0.36031 0.01694
vn -0.93393 -0.35644 0.02684
vn -0.93297 -0.35888 0.02785
vn -0.93500 -0.35247 0.03918
vn -0.93348 -0.35630 0.04082
vn -0.93643 -0.34683 0.05309
vn -0.93426 -0.35225 0.05549
vn -0.93824 -0.33920 0.06813
vn -0.93531 -0.34653 0.07147
vn -0.94047 -0.32937 0.08387
vn -0.93669 -0.33883 0.08831
vn -0.94310 -0.31717 0.09979
vn -0.93843 -0.32897 0.10549
vn -0.94619 -0.30236 0.11535
vn -0.94055 -0.31678 0.12251
vn -0.94974 -0.28481 0.12994
vn -0.94314 -0.30205 0.13875
vn -0.95379 -0.26432 0.14291
vn -0.94624 -0.28466 0.15359
vn -0.95837 -0.24072 0.15359
vn -0.94994 -0.26444 0.16639
vn -0.96353 -0.21360 0.16123
vn -0.95428 -0.24119 0.17654
vn -0.96924 -0.18245 0.16515
vn -0.95933 -0.21453 0.18346
vn -0.97542 -0.14630 0.16477
vn -0.96500 -0.18398 0.18691
vn -0.98173 -0.10283 0.16008
vn -0.97087 -0.14872 0.18787
vn -0.98691 -0.04619 0.15453
vn -0.97530 -0.10768 0.19286
vn -0.97157 0.06697 0.22710
vn -0.94526 -0.07881 0.31666
vn 0.00000 -0.90399 0.42756
vn 0.00000 -0.91679 0.39937
vn 0.00000 -0.92873 0.37075
vn 0.00000 -0.93976 0.34184
vn 0.00000 -0.94981 0.31282
vn 0.00000 -0.95886 0.28386
vn 0.00000 -0.96689 0.25518
vn 0.00000 -0.97391 0.22695
vn 0.00000 -0.97992 0.19937
vn 0.00000 -0.98498 0.17267
vn 0.00000 -0.98914 0.14700
vn 0.00000 -0.99246 0.12261
vn 0.00000 -0.99502 0.09964
vn 0.00000 -0.99693 0.07833
vn 0.00000 -0.99827 0.05885
vn 0.00000 -0.99914 0.04145
vn 0.00000 -0.99965 0.02637
vn 0.00000 -0.99990 0.01397
vn 0.00000 -0.99999 0.00481
vn 0.00000 -0.99999 -0.00500
vn 0.00000 -0.99990 -0.01447
vn 0.00000 -0.99963 -0.02722
vn 0.00000 -0.99909 -0.04267
vn 0.00000 -0.99817 -0.06044
vn 0.00000 -0.99677 -0.08026
vn 0.00000 -0.99480 -0.10183
vn 0.00000 -0.99216 -0.12498
vn 0.00000 -0.98877 -0.14943
vn 0.00000 -0.98457 -0.17501
vn 0.00000 -0.97950 -0.20146
vn 0.00000 -0.97352 -0.22859
vn 0.00000 -0.96663 -0.25618
vn 0.00000 -0.95882 -0.28402
vn 0.00000 -0.95011 -0.31193
vn 0.00000 -0.94054 -0.33970
vn 0.00000 -0.93016 -0.36716
vn 0.00000 -0.91903 -0.39418
vn 0.00000 -0.90725 -0.42059
vn 0.95695 -0.01486 0.28987
vn 0.95973 0.10196 0.26178
vn 0.98562 -0.03889 0.16444
vn 0.98786 0.01430 0.15466
vn 0.98372 -0.07863 0.16159
vn 0.98697 -0.03761 0.15647
vn 0.98014 -0.11299 0.16298
vn 0.98389 -0.07851 0.16059
vn 0.97645 -0.14270 0.16181
vn 0.98043 -0.11284 0.16130
vn 0.97309 -0.16855 0.15711
vn 0.97712 -0.14247 0.15792
vn 0.97018 -0.19109 0.14909
vn 0.97413 -0.16831 0.15083
vn 0.96773 -0.21062 0.13832
vn 0.97148 -0.19092 0.14065
vn 0.96569 -0.22739 0.12541
vn 0.96916 -0.21054 0.12806
vn 0.96401 -0.24158 0.11100
vn 0.96714 -0.22740 0.11374
vn 0.96262 -0.25337 0.09572
vn 0.96536 -0.24166 0.09836
vn 0.96149 -0.26289 0.08016
vn 0.96381 -0.25349 0.08256
vn 0.96058 -0.27034 0.06483
vn 0.96247 -0.26303 0.06689
vn 0.95986 -0.27593 0.05025
vn 0.96133 -0.27047 0.05192
vn 0.95934 -0.27983 0.03686
vn 0.96039 -0.27604 0.03810
vn 0.95898 -0.28235 0.02504
vn 0.95968 -0.27991 0.02588
vn 0.95877 -0.28377 0.01513
vn 0.95917 -0.28240 0.01562
vn 0.95868 -0.28438 0.00746
vn 0.95885 -0.28379 0.00767
vn 0.95866 -0.28454 0.00230
vn 0.95871 -0.28439 0.00236
vn 0.95895 -0.28353 -0.00417
vn 0.95865 -0.28454 -0.00456
vn 0.96033 -0.27780 -0.02446
vn 0.95862 -0.28344 -0.02662
vn 0.96239 -0.26842 -0.04187
vn 0.95962 -0.27760 -0.04541
vn 0.96496 -0.25590 -0.05795
vn 0.96133 -0.26814 -0.06274
vn 0.96788 -0.24049 -0.07334
vn 0.96353 -0.25557 -0.07937
vn 0.97099 -0.22225 -0.08818
vn 0.96603 -0.24014 -0.09550
vn 0.97418 -0.20123 -0.10239
vn 0.96871 -0.22192 -0.11109
vn 0.97731 -0.17737 -0.11582
vn 0.97145 -0.20101 -0.12606
vn 0.98025 -0.15049 -0.12827
vn 0.97410 -0.17734 -0.14026
vn 0.98289 -0.12032 -0.13947
vn 0.97658 -0.15076 -0.15351
vn 0.98503 -0.08647 -0.14914
vn 0.97874 -0.12103 -0.16561
vn 0.98643 -0.04836 -0.15691
vn 0.98040 -0.08781 -0.17638
vn 0.98673 -0.00513 -0.16229
vn 0.98133 -0.05057 -0.18556
vn 0.98533 0.04431 -0.16479
vn 0.98117 -0.00855 -0.19293
vn 0.98128 0.10157 -0.16365
vn 0.97935 0.03917 -0.19834
vn 0.97291 0.16874 -0.15801
vn 0.97493 0.09391 -0.20173
vn 0.95741 0.24849 -0.14705
vn 0.96634 0.15705 -0.20376
vn 0.92993 0.34358 -0.13106
vn 0.95096 0.22959 -0.20728
vn 0.88254 0.45541 -0.11718
vn 0.92415 0.30799 -0.22601
vn 0.81622 0.50001 -0.28946
vn 0.84811 0.29668 -0.43896
vn -0.85885 0.31951 -0.40036
vn -0.81400 0.47217 -0.33831
vn -0.92746 0.32182 -0.19038
vn -0.88450 0.43935 -0.15697
vn -0.95441 0.23843 -0.17958
vn -0.92913 0.33259 -0.16154
vn -0.96989 0.16291 -0.18105
vn -0.95524 0.24090 -0.17170
vn -0.97833 0.09781 -0.18248
vn -0.97023 0.16353 -0.17861
vn -0.98248 0.04174 -0.18161
vn -0.97852 0.09804 -0.18135
vn -0.98398 -0.00689 -0.17812
vn -0.98272 0.04194 -0.18031
vn -0.98381 -0.04955 -0.17225
vn -0.98435 -0.00667 -0.17612
vn -0.98254 -0.08722 -0.16432
vn -0.98432 -0.04932 -0.16934
vn -0.98057 -0.12074 -0.15463
vn -0.98321 -0.08703 -0.16041
vn -0.97812 -0.15067 -0.14347
vn -0.98134 -0.12061 -0.14972
vn -0.97537 -0.17736 -0.13111
vn -0.97898 -0.15060 -0.13757
vn -0.97247 -0.20110 -0.11777
vn -0.97627 -0.17737 -0.12423
vn -0.96951 -0.22204 -0.10365
vn -0.97337 -0.20117 -0.10991
vn -0.96663 -0.24026 -0.08893
vn -0.97039 -0.22217 -0.09481
vn -0.96395 -0.25567 -0.07374
vn -0.96745 -0.24041 -0.07901
vn -0.96161 -0.26822 -0.05810
vn -0.96469 -0.25584 -0.06261
vn -0.95977 -0.27765 -0.04190
vn -0.96224 -0.26838 -0.04539
vn -0.95867 -0.28345 -0.02445
vn -0.96027 -0.27779 -0.02663
vn -0.95865 -0.28454 -0.00417
vn -0.95895 -0.28353 -0.00456
vn -0.95871 -0.28439 0.00230
vn -0.95866 -0.28454 0.00236
vn -0.95886 -0.28379 0.00745
vn -0.95868 -0.28438 0.00768
vn -0.95918 -0.28240 0.01510
vn -0.95876 -0.28377 0.01566
vn -0.95970 -0.27991 0.02495
vn -0.95896 -0.28234 0.02596
vn -0.96044 -0.27605 0.03666
vn -0.95929 -0.27982 0.03829
vn -0.96143 -0.27049 0.04987
vn -0.95976 -0.27591 0.05228
vn -0.96264 -0.26305 0.06418
vn -0.96040 -0.27031 0.06751
vn -0.96409 -0.25352 0.07913
vn -0.96121 -0.26285 0.08354
vn -0.96578 -0.24168 0.09417
vn -0.96222 -0.25332 0.09983
vn -0.96771 -0.22740 0.10878
vn -0.96345 -0.24154 0.11585
vn -0.96992 -0.21049 0.12231
vn -0.96496 -0.22738 0.13099
vn -0.97243 -0.19078 0.13413
vn -0.96680 -0.21066 0.14462
vn -0.97528 -0.16804 0.14352
vn -0.96906 -0.19122 0.15610
vn -0.97846 -0.14199 0.14984
vn -0.97177 -0.16882 0.16479
vn -0.98195 -0.11207 0.15237
vn -0.97495 -0.14318 0.17021
vn -0.98556 -0.07731 0.15067
vn -0.97847 -0.11378 0.17218
vn -0.98876 -0.03578 0.14515
vn -0.98187 -0.07987 0.17194
vn -0.98991 0.01727 0.14062
vn -0.98336 -0.04092 0.17700
vn -0.96611 0.11040 0.23334
vn -0.94929 -0.02011 0.31375
vn 0.00000 -0.91082 0.41279
vn 0.00000 -0.92269 0.38555
vn 0.00000 -0.93376 0.35791
vn 0.00000 -0.94397 0.33002
vn 0.00000 -0.95330 0.30204
vn 0.00000 -0.96169 0.27414
vn 0.00000 -0.96914 0.24650
vn 0.00000 -0.97565 0.21931
vn 0.00000 -0.98125 0.19275
vn 0.00000 -0.98595 0.16701
vn 0.00000 -0.98983 0.14228
vn 0.00000 -0.99292 0.11874
vn 0.00000 -0.99533 0.09658
vn 0.00000 -0.99711 0.07598
vn 0.00000 -0.99837 0.05715
vn 0.00000 -0.99919 0.04029
vn 0.00000 -0.99967 0.02568
vn 0.00000 -0.99991 0.01363
vn 0.00000 -0.99999 0.00471
vn 0.00000 -0.99999 -0.00495
vn 0.00000 -0.99990 -0.01425
vn 0.00000 -0.99964 -0.02673
vn 0.00000 -0.99913 -0.04181
vn 0.00000 -0.99825 -0.05913
vn 0.00000 -0.99692 -0.07838
vn 0.00000 -0.99506 -0.09932
vn 0.00000 -0.99257 -0.12172
vn 0.00000 -0.98938 -0.14534
vn 0.00000 -0.98544 -0.17000
vn 0.00000 -0.98071 -0.19545
vn 0.00000 -0.97516 -0.22151
vn 0.00000 -0.96877 -0.24796
vn 0.00000 -0.96155 -0.27462
vn 0.00000 -0.95353 -0.30130
vn 0.00000 -0.94475 -0.32780
vn 0.00000 -0.93524 -0.35400
vn 0.00000 -0.92509 -0.37974
vn 0.00000 -0.91437 -0.40489
vn 0.95578 0.03166 0.29237
vn 0.95347 0.13614 0.26899
vn 0.98788 0.01455 0.15455
vn 0.98712 0.06459 0.14637
vn 0.98825 -0.02314 0.15111
vn 0.98901 0.01583 0.14700
vn 0.98661 -0.05609 0.15312
vn 0.98820 -0.02318 0.15142
vn 0.98461 -0.08466 0.15290
vn 0.98665 -0.05607 0.15287
vn 0.98273 -0.10950 0.14920
vn 0.98502 -0.08448 0.15034
vn 0.98112 -0.13111 0.14215
vn 0.98351 -0.10925 0.14411
vn 0.97982 -0.14984 0.13226
vn 0.98220 -0.13088 0.13473
vn 0.97879 -0.16594 0.12016
vn 0.98107 -0.14967 0.12289
vn 0.97797 -0.17957 0.10648
vn 0.98008 -0.16585 0.10926
vn 0.97730 -0.19091 0.09185
vn 0.97920 -0.17955 0.09452
vn 0.97676 -0.20007 0.07687
vn 0.97839 -0.19094 0.07928
vn 0.97632 -0.20726 0.06208
vn 0.97767 -0.20013 0.06414
vn 0.97596 -0.21262 0.04799
vn 0.97701 -0.20733 0.04964
vn 0.97567 -0.21642 0.03504
vn 0.97645 -0.21268 0.03629
vn 0.97547 -0.21886 0.02366
vn 0.97598 -0.21646 0.02450
vn 0.97534 -0.22025 0.01417
vn 0.97564 -0.21889 0.01467
vn 0.97528 -0.22088 0.00688
vn 0.97541 -0.22027 0.00711
vn 0.97526 -0.22104 0.00208
vn 0.97530 -0.22088 0.00214
vn 0.97547 -0.22006 -0.00464
vn 0.97525 -0.22104 -0.00502
vn 0.97631 -0.21470 -0.02674
vn 0.97508 -0.21997 -0.02880
vn 0.97753 -0.20591 -0.04516
vn 0.97551 -0.21453 -0.04856
vn 0.97901 -0.19424 -0.06179
vn 0.97637 -0.20568 -0.06637
vn 0.98064 -0.17988 -0.07742
vn 0.97747 -0.19398 -0.08319
vn 0.98230 -0.16301 -0.09230
vn 0.97871 -0.17963 -0.09927
vn 0.98390 -0.14363 -0.10640
vn 0.97997 -0.16282 -0.11467
vn 0.98532 -0.12173 -0.11966
vn 0.98115 -0.14356 -0.12934
vn 0.98648 -0.09717 -0.13193
vn 0.98216 -0.12187 -0.14322
vn 0.98725 -0.06976 -0.14305
vn 0.98289 -0.09762 -0.15619
vn 0.98748 -0.03920 -0.15279
vn 0.98323 -0.07065 -0.16811
vn 0.98695 -0.00502 -0.16094
vn 0.98303 -0.04070 -0.17890
vn 0.98536 0.03344 -0.16719
vn 0.98206 -0.00736 -0.18844
vn 0.98221 0.07711 -0.17121
vn 0.98001 0.02993 -0.19668
vn 0.97674 0.12722 -0.17263
vn 0.97639 0.07194 -0.20367
vn 0.96765 0.18546 -0.17107
vn 0.97042 0.11955 -0.20974
vn 0.95280 0.25383 -0.16656
vn 0.96080 0.17374 -0.21605
vn 0.92857 0.33460 -0.16061
vn 0.94534 0.23463 -0.22643
vn 0.88894 0.42791 -0.16336
vn 0.91970 0.29746 -0.25626
vn 0.82245 0.42727 -0.37552
vn 0.83426 0.25713 -0.48775
vn -0.84502 0.27602 -0.45799
vn -0.81659 0.40235 -0.41388
vn -0.92371 0.31007 -0.22499
vn -0.88895 0.41267 -0.19866
vn -0.94890 0.24272 -0.20168
vn -0.92706 0.32443 -0.18791
vn -0.96420 0.17915 -0.19551
vn -0.95049 0.24684 -0.18880
vn -0.97360 0.12322 -0.19215
vn -0.96505 0.18062 -0.18985
vn -0.97930 0.07440 -0.18827
vn -0.97415 0.12389 -0.18889
vn -0.98262 0.03157 -0.18295
vn -0.97978 0.07484 -0.18556
vn -0.98436 -0.00631 -0.17604
vn -0.98314 0.03192 -0.18003
vn -0.98504 -0.04006 -0.16761
vn -0.98498 -0.00601 -0.17255
vn -0.98497 -0.07029 -0.15778
vn -0.98576 -0.03981 -0.16336
vn -0.98437 -0.09745 -0.14673
vn -0.98578 -0.07011 -0.15269
vn -0.98339 -0.12182 -0.13458
vn -0.98525 -0.09734 -0.14071
vn -0.98215 -0.14359 -0.12150
vn -0.98432 -0.12178 -0.12760
vn -0.98076 -0.16289 -0.10761
vn -0.98310 -0.14361 -0.11353
vn -0.97931 -0.17971 -0.09304
vn -0.98169 -0.16297 -0.09858
vn -0.97790 -0.19405 -0.07782
vn -0.98021 -0.17983 -0.08282
vn -0.97664 -0.20573 -0.06196
vn -0.97873 -0.19419 -0.06621
vn -0.97566 -0.21456 -0.04521
vn -0.97737 -0.20588 -0.04852
vn -0.97514 -0.21999 -0.02674
vn -0.97626 -0.21469 -0.02880
vn -0.97525 -0.22104 -0.00464
vn -0.97547 -0.22006 -0.00502
vn -0.97530 -0.22088 0.00207
vn -0.97526 -0.22104 0.00214
vn -0.97542 -0.22027 0.00687
vn -0.97528 -0.22088 0.00712
vn -0.97565 -0.21889 0.01414
vn -0.97533 -0.22025 0.01470
vn -0.97601 -0.21647 0.02357
vn -0.97545 -0.21886 0.02458
vn -0.97650 -0.21269 0.03485
vn -0.97562 -0.21641 0.03647
vn -0.97711 -0.20734 0.04762
vn -0.97586 -0.21261 0.04999
vn -0.97784 -0.20014 0.06145
vn -0.97615 -0.20724 0.06473
vn -0.97866 -0.19094 0.07588
vn -0.97650 -0.20005 0.08022
vn -0.97959 -0.17954 0.09037
vn -0.97691 -0.19089 0.09593
vn -0.98062 -0.16580 0.10435
vn -0.97743 -0.17957 0.11128
vn -0.98178 -0.14957 0.11721
vn -0.97809 -0.16598 0.12569
vn -0.98309 -0.13067 0.12828
vn -0.97895 -0.14994 0.13850
vn -0.98458 -0.10890 0.13688
vn -0.98007 -0.13131 0.14909
vn -0.98626 -0.08392 0.14233
vn -0.98150 -0.10986 0.15683
vn -0.98803 -0.05521 0.14401
vn -0.98322 -0.08524 0.16126
vn -0.98968 -0.02190 0.14158
vn -0.98510 -0.05698 0.16229
vn -0.99058 0.01773 0.13578
vn -0.98658 -0.02447 0.16141
vn -0.98887 0.06759 0.13255
vn -0.98588 0.01244 0.16699
vn -0.95937 0.14422 0.24251
vn -0.94877 0.02638 0.31488
vn 0.00000 -0.24920 0.96845
vn 0.00000 -0.91773 0.39720
vn 0.00000 -0.92865 0.37097
vn 0.00000 -0.93883 0.34438
vn 0.00000 -0.94823 0.31758
vn 0.00000 -0.95681 0.29071
vn 0.00000 -0.96454 0.26393
vn 0.00000 -0.97141 0.23740
vn 0.00000 -0.97742 0.21130
vn 0.00000 -0.98259 0.18580
vn 0.00000 -0.98694 0.16110
vn 0.00000 -0.99053 0.13732
vn 0.00000 -0.99340 0.11469
vn 0.00000 -0.99563 0.09337
vn 0.00000 -0.99729 0.07351
vn 0.00000 -0.99847 0.05536
vn 0.00000 -0.99924 0.03908
vn 0.00000 -0.99969 0.02495
vn 0.00000 -0.99991 0.01327
vn 0.00000 -0.99999 0.00461
vn 0.00000 -0.99999 -0.00490
vn 0.00000 -0.99990 -0.01401
vn 0.00000 -0.99966 -0.02621
vn 0.00000 -0.99916 -0.04092
vn 0.00000 -0.99833 -0.05775
vn 0.00000 -0.99708 -0.07642
vn 0.00000 -0.99532 -0.09668
vn 0.00000 -0.99298 -0.11831
vn 0.00000 -0.99000 -0.14107
vn 0.00000 -0.98633 -0.16478
vn 0.00000 -0.98194 -0.18921
vn 0.00000 -0.97680 -0.21415
vn 0.00000 -0.97091 -0.23944
vn 0.00000 -0.96428 -0.26487
vn 0.00000 -0.95695 -0.29027
vn 0.00000 -0.94893 -0.31548
vn 0.00000 -0.94030 -0.34036
vn 0.00000 -0.93110 -0.36478
vn 0.00000 -0.92140 -0.38862
vn 0.95217 0.06864 0.29776
vn 0.94658 0.16308 0.27818
vn 0.98713 0.05772 0.14912
vn 0.98425 0.10486 0.14236
vn 0.98922 0.02190 0.14480
vn 0.98816 0.05903 0.14158
vn 0.98908 -0.00974 0.14705
vn 0.98905 0.02174 0.14596
vn 0.98838 -0.03716 0.14736
vn 0.98897 -0.00981 0.14776
vn 0.98766 -0.06100 0.14426
vn 0.98863 -0.03703 0.14570
vn 0.98708 -0.08173 0.13781
vn 0.98829 -0.06076 0.13996
vn 0.98669 -0.09969 0.12848
vn 0.98802 -0.08147 0.13107
vn 0.98645 -0.11512 0.11688
vn 0.98782 -0.09947 0.11968
vn 0.98632 -0.12822 0.10364
vn 0.98765 -0.11496 0.10647
vn 0.98624 -0.13907 0.08941
vn 0.98747 -0.12813 0.09208
vn 0.98617 -0.14789 0.07476
vn 0.98727 -0.13904 0.07717
vn 0.98610 -0.15481 0.06028
vn 0.98704 -0.14790 0.06234
vn 0.98602 -0.16000 0.04647
vn 0.98677 -0.15483 0.04813
vn 0.98594 -0.16366 0.03381
vn 0.98649 -0.16003 0.03504
vn 0.98586 -0.16603 0.02269
vn 0.98623 -0.16369 0.02353
vn 0.98580 -0.16739 0.01348
vn 0.98602 -0.16604 0.01398
vn 0.98577 -0.16797 0.00646
vn 0.98587 -0.16740 0.00669
vn 0.98576 -0.16814 0.00191
vn 0.98579 -0.16798 0.00197
vn 0.98590 -0.16723 -0.00507
vn 0.98575 -0.16814 -0.00543
vn 0.98633 -0.16224 -0.02883
vn 0.98545 -0.16715 -0.03079
vn 0.98689 -0.15405 -0.04824
vn 0.98543 -0.16209 -0.05148
vn 0.98753 -0.14317 -0.06542
vn 0.98562 -0.15387 -0.06980
vn 0.98819 -0.12985 -0.08139
vn 0.98590 -0.14298 -0.08688
vn 0.98877 -0.11422 -0.09640
vn 0.98619 -0.12969 -0.10303
vn 0.98919 -0.09632 -0.11054
vn 0.98639 -0.11413 -0.11838
vn 0.98939 -0.07613 -0.12376
vn 0.98643 -0.09638 -0.13293
vn 0.98925 -0.05364 -0.13602
vn 0.98623 -0.07640 -0.14664
vn 0.98869 -0.02863 -0.14720
vn 0.98571 -0.05422 -0.15949
vn 0.98758 -0.00086 -0.15714
vn 0.98476 -0.02965 -0.17139
vn 0.98571 0.03005 -0.16573
vn 0.98323 -0.00247 -0.18233
vn 0.98283 0.06463 -0.17280
vn 0.98095 0.02762 -0.19229
vn 0.97852 0.10362 -0.17820
vn 0.97761 0.06106 -0.20135
vn 0.97213 0.14803 -0.18179
vn 0.97279 0.09843 -0.20974
vn 0.96261 0.19917 -0.18361
vn 0.96579 0.14036 -0.21805
vn 0.94825 0.25861 -0.18425
vn 0.95549 0.18742 -0.22786
vn 0.92619 0.32776 -0.18642
vn 0.93991 0.23917 -0.24365
vn 0.89144 0.40535 -0.20254
vn 0.91468 0.28946 -0.28210
vn 0.81886 0.36587 -0.44227
vn 0.82007 0.22636 -0.52558
vn -0.82997 0.24171 -0.50273
vn -0.81154 0.34478 -0.47172
vn -0.91903 0.30090 -0.25464
vn -0.89015 0.39117 -0.23371
vn -0.94347 0.24657 -0.22150
vn -0.92421 0.31839 -0.21085
vn -0.95874 0.19242 -0.20925
vn -0.94585 0.25216 -0.20439
vn -0.96878 0.14380 -0.20197
vn -0.96010 0.19468 -0.20075
vn -0.97550 0.10078 -0.19554
vn -0.96969 0.14490 -0.19674
vn -0.98005 0.06266 -0.18862
vn -0.97624 0.10145 -0.19147
vn -0.98311 0.02868 -0.18074
vn -0.98075 0.06315 -0.18475
vn -0.98514 -0.00179 -0.17177
vn -0.98386 0.02906 -0.17658
vn -0.98641 -0.02925 -0.16170
vn -0.98595 -0.00149 -0.16705
vn -0.98712 -0.05400 -0.15058
vn -0.98729 -0.02902 -0.15625
vn -0.98742 -0.07631 -0.13849
vn -0.98807 -0.05384 -0.14429
vn -0.98740 -0.09637 -0.12550
vn -0.98841 -0.07622 -0.13128
vn -0.98716 -0.11417 -0.11169
vn -0.98841 -0.09635 -0.11728
vn -0.98678 -0.12974 -0.09712
vn -0.98817 -0.11420 -0.10235
vn -0.98633 -0.14303 -0.08179
vn -0.98776 -0.12982 -0.08650
vn -0.98591 -0.15391 -0.06560
vn -0.98725 -0.14314 -0.06963
vn -0.98559 -0.16212 -0.04830
vn -0.98673 -0.15402 -0.05143
vn -0.98551 -0.16716 -0.02883
vn -0.98627 -0.16223 -0.03079
vn -0.98575 -0.16814 -0.00507
vn -0.98590 -0.16723 -0.00543
vn -0.98579 -0.16798 0.00190
vn -0.98576 -0.16814 0.00197
vn -0.98587 -0.16740 0.00646
vn -0.98577 -0.16797 0.00669
vn -0.98603 -0.16604 0.01345
vn -0.98579 -0.16739 0.01401
vn -0.98625 -0.16369 0.02260
vn -0.98584 -0.16602 0.02361
vn -0.98654 -0.16003 0.03362
vn -0.98589 -0.16365 0.03522
vn -0.98686 -0.15484 0.04612
vn -0.98593 -0.15999 0.04846
vn -0.98720 -0.14790 0.05968
vn -0.98594 -0.15480 0.06291
vn -0.98753 -0.13903 0.07382
vn -0.98592 -0.14788 0.07807
vn -0.98785 -0.12810 0.08800
vn -0.98587 -0.13908 0.09342
vn -0.98817 -0.11489 0.10162
vn -0.98580 -0.12825 0.10839
vn -0.98849 -0.09933 0.11409
vn -0.98578 -0.11519 0.12233
vn -0.98886 -0.08123 0.12472
vn -0.98585 -0.09984 0.13463
vn -0.98930 -0.06036 0.13285
vn -0.98608 -0.08199 0.14465
vn -0.98979 -0.03642 0.13781
vn -0.98650 -0.06142 0.15180
vn -0.99025 -0.00890 0.13903
vn -0.98709 -0.03780 0.15561
vn -0.99041 0.02307 0.13625
vn -0.98768 -0.01068 0.15613
vn -0.98957 0.06096 0.13053
vn -0.98770 0.02052 0.15499
vn -0.98578 0.10783 0.12886
vn -0.98534 0.05557 0.16132
vn -0.95213 0.17080 0.25353
vn -0.94566 0.06342 0.31891
vn 0.00000 -0.24924 0.96844
vn 0.00000 -0.92461 0.38092
vn 0.00000 -0.93457 0.35577
vn 0.00000 -0.94387 0.33031
vn 0.00000 -0.95247 0.30465
vn 0.00000 -0.96031 0.27894
vn 0.00000 -0.96738 0.25332
vn 0.00000 -0.97367 0.22796
vn 0.00000 -0.97918 0.20300
vn 0.00000 -0.98392 0.17861
vn 0.00000 -0.98792 0.15495
vn 0.00000 -0.99122 0.13219
vn 0.00000 -0.99388 0.11048
vn 0.00000 -0.99594 0.09003
vn 0.00000 -0.99748 0.07097
vn 0.00000 -0.99857 0.05350
vn 0.00000 -0.99928 0.03783
vn 0.00000 -0.99971 0.02419
vn 0.00000 -0.99992 0.01291
vn 0.00000 -0.99999 0.00450
vn 0.00000 -1.00000 -0.00003
vn 0.00000 -0.99999 -0.00483
vn 0.00000 -0.99991 -0.01377
vn 0.00000 -0.99967 -0.02568
vn 0.00000 -0.99920 -0.03999
vn 0.00000 -0.99841 -0.05631
vn 0.00000 -0.99723 -0.07440
vn 0.00000 -0.99558 -0.09396
vn 0.00000 -0.99339 -0.11479
vn 0.00000 -0.99062 -0.13668
vn 0.00000 -0.98721 -0.15941
vn 0.00000 -0.98315 -0.18278
vn 0.00000 -0.97843 -0.20660
vn 0.00000 -0.97303 -0.23069
vn 0.00000 -0.96698 -0.25486
vn 0.00000 -0.96030 -0.27898
vn 0.00000 -0.95304 -0.30286
vn 0.00000 -0.94523 -0.32640
vn 0.00000 -0.93695 -0.34947
vn 0.00000 -0.92825 -0.37197
vn 0.94724 0.09849 0.30503
vn 0.93949 0.18458 0.28858
vn 0.98476 0.09296 0.14698
vn 0.98033 0.13764 0.14145
vn 0.98817 0.05886 0.14165
vn 0.98576 0.09435 0.13922
vn 0.98919 0.02850 0.14383
vn 0.98794 0.05862 0.14330
vn 0.98952 0.00212 0.14437
vn 0.98900 0.02835 0.14515
vn 0.98971 -0.02078 0.14160
vn 0.98968 0.00221 0.14330
vn 0.98995 -0.04067 0.13547
vn 0.99025 -0.02055 0.13780
vn 0.99028 -0.05793 0.12645
vn 0.99080 -0.04039 0.12915
vn 0.99068 -0.07274 0.11513
vn 0.99134 -0.05767 0.11799
vn 0.99111 -0.08528 0.10212
vn 0.99183 -0.07254 0.10496
vn 0.99150 -0.09574 0.08807
vn 0.99223 -0.08514 0.09075
vn 0.99183 -0.10422 0.07359
vn 0.99251 -0.09566 0.07599
vn 0.99207 -0.11086 0.05924
vn 0.99267 -0.10418 0.06128
vn 0.99222 -0.11585 0.04556
vn 0.99272 -0.11086 0.04720
vn 0.99230 -0.11939 0.03302
vn 0.99268 -0.11586 0.03425
vn 0.99232 -0.12171 0.02204
vn 0.99258 -0.11940 0.02289
vn 0.99232 -0.12301 0.01300
vn 0.99247 -0.12172 0.01349
vn 0.99231 -0.12361 0.00615
vn 0.99238 -0.12302 0.00638
vn 0.99231 -0.12375 0.00178
vn 0.99233 -0.12361 0.00184
vn 0.99240 -0.12293 -0.00547
vn 0.99230 -0.12375 -0.00580
vn 0.99251 -0.11823 -0.03077
vn 0.99189 -0.12286 -0.03264
vn 0.99255 -0.11064 -0.05112
vn 0.99152 -0.11812 -0.05419
vn 0.99255 -0.10048 -0.06889
vn 0.99119 -0.11050 -0.07307
vn 0.99246 -0.08810 -0.08522
vn 0.99083 -0.10035 -0.09045
vn 0.99222 -0.07360 -0.10046
vn 0.99038 -0.08801 -0.10676
vn 0.99176 -0.05701 -0.11472
vn 0.98978 -0.07360 -0.12216
vn 0.99103 -0.03838 -0.12804
vn 0.98896 -0.05717 -0.13670
vn 0.98994 -0.01763 -0.14037
vn 0.98787 -0.03876 -0.15037
vn 0.98841 0.00532 -0.15169
vn 0.98642 -0.01833 -0.16320
vn 0.98633 0.03073 -0.16191
vn 0.98452 0.00420 -0.17520
vn 0.98351 0.05888 -0.17097
vn 0.98205 0.02903 -0.18635
vn 0.97973 0.09024 -0.17882
vn 0.97883 0.05638 -0.19677
vn 0.97462 0.12541 -0.18544
vn 0.97458 0.08663 -0.20660
vn 0.96761 0.16516 -0.19090
vn 0.96892 0.12019 -0.21621
vn 0.95783 0.21054 -0.19553
vn 0.96121 0.15748 -0.22642
vn 0.94384 0.26265 -0.20045
vn 0.95043 0.19875 -0.23910
vn 0.92324 0.32230 -0.20916
vn 0.93473 0.24302 -0.25928
vn 0.89156 0.38653 -0.23604
vn 0.90948 0.28312 -0.30445
vn 0.81046 0.31495 -0.49392
vn 0.80663 0.20202 -0.55546
vn -0.81529 0.21434 -0.53793
vn -0.80301 0.29770 -0.51628
vn -0.91395 0.29348 -0.28030
vn -0.88942 0.37349 -0.26351
vn -0.93824 0.24980 -0.23940
vn -0.92098 0.31368 -0.23107
vn -0.95355 0.20339 -0.22220
vn -0.94142 0.25670 -0.21870
vn -0.96404 0.16071 -0.21167
vn -0.95541 0.20636 -0.21122
vn -0.97147 0.12244 -0.20310
vn -0.96529 0.16222 -0.20468
vn -0.97688 0.08818 -0.19476
vn -0.97246 0.12334 -0.19775
vn -0.98087 0.05743 -0.18598
vn -0.97777 0.08881 -0.18996
vn -0.98386 0.02972 -0.17646
vn -0.98175 0.05790 -0.18112
vn -0.98610 0.00463 -0.16608
vn -0.98478 0.03009 -0.17121
vn -0.98778 -0.01807 -0.15482
vn -0.98707 0.00491 -0.16021
vn -0.98902 -0.03863 -0.14266
vn -0.98880 -0.01787 -0.14817
vn -0.98991 -0.05712 -0.12967
vn -0.99008 -0.03850 -0.13514
vn -0.99054 -0.07360 -0.11582
vn -0.99100 -0.05706 -0.12110
vn -0.99097 -0.08804 -0.10115
vn -0.99163 -0.07360 -0.10609
vn -0.99126 -0.10039 -0.08561
vn -0.99203 -0.08808 -0.09007
vn -0.99147 -0.11053 -0.06908
vn -0.99227 -0.10046 -0.07290
vn -0.99168 -0.11814 -0.05118
vn -0.99239 -0.11062 -0.05413
vn -0.99195 -0.12287 -0.03077
vn -0.99245 -0.11823 -0.03264
vn -0.99230 -0.12375 -0.00547
vn -0.99240 -0.12293 -0.00580
vn -0.99233 -0.12361 0.00178
vn -0.99231 -0.12375 0.00184
vn -0.99239 -0.12302 0.00614
vn -0.99231 -0.12361 0.00639
vn -0.99248 -0.12172 0.01297
vn -0.99231 -0.12301 0.01352
vn -0.99260 -0.11940 0.02196
vn -0.99230 -0.12171 0.02297
vn -0.99272 -0.11586 0.03284
vn -0.99225 -0.11939 0.03442
vn -0.99281 -0.11085 0.04523
vn -0.99213 -0.11584 0.04752
vn -0.99283 -0.10417 0.05867
vn -0.99191 -0.11086 0.06182
vn -0.99276 -0.09564 0.07269
vn -0.99158 -0.10422 0.07684
vn -0.99259 -0.08509 0.08673
vn -0.99114 -0.09576 0.09203
vn -0.99232 -0.07244 0.10022
vn -0.99062 -0.08533 0.10677
vn -0.99199 -0.05750 0.11249
vn -0.99004 -0.07285 0.12049
vn -0.99161 -0.04011 0.12291
vn -0.98948 -0.05811 0.13251
vn -0.99120 -0.02011 0.13082
vn -0.98899 -0.04097 0.14220
vn -0.99077 0.00286 0.13555
vn -0.98861 -0.02124 0.14901
vn -0.99020 0.02929 0.13658
vn -0.98830 0.00144 0.15250
vn -0.98920 0.05996 0.13376
vn -0.98788 0.02752 0.15276
vn -0.98704 0.09628 0.12837
vn -0.98676 0.05744 0.15168
vn -0.98172 0.14057 0.12830
vn -0.98311 0.09081 0.15892
vn -0.94477 0.19194 0.26563
vn -0.94114 0.09339 0.32486
vn 0.00000 -0.93136 0.36409
vn 0.00000 -0.94040 0.34008
vn 0.00000 -0.94883 0.31579
vn 0.00000 -0.95662 0.29133
vn 0.00000 -0.96374 0.26684
vn 0.00000 -0.97017 0.24243
vn 0.00000 -0.97589 0.21826
vn 0.00000 -0.98091 0.19447
vn 0.00000 -0.98523 0.17122
vn 0.00000 -0.98889 0.14864
vn 0.00000 -0.99191 0.12691
vn 0.00000 -0.99435 0.10618
vn 0.00000 -0.99624 0.08660
vn 0.00000 -0.99766 0.06834
vn 0.00000 -0.99867 0.05159
vn 0.00000 -0.99933 0.03653
vn 0.00000 -0.99973 0.02341
vn 0.00000 -0.99992 0.01252
vn 0.00000 -0.99999 0.00439
vn 0.00000 -0.99999 -0.00478
vn 0.00000 -0.99991 -0.01352
vn 0.00000 -0.99968 -0.02514
vn 0.00000 -0.99924 -0.03902
vn 0.00000 -0.99849 -0.05485
vn 0.00000 -0.99738 -0.07231
vn 0.00000 -0.99584 -0.09117
vn 0.00000 -0.99380 -0.11119
vn 0.00000 -0.99123 -0.13218
vn 0.00000 -0.98808 -0.15393
vn 0.00000 -0.98435 -0.17623
vn 0.00000 -0.98002 -0.19890
vn 0.00000 -0.97509 -0.22179
vn 0.00000 -0.96960 -0.24470
vn 0.00000 -0.96355 -0.26751
vn 0.00000 -0.95701 -0.29007
vn 0.00000 -0.95000 -0.31225
vn 0.00000 -0.94259 -0.33396
vn 0.00000 -0.93483 -0.35511
vn 0.94160 0.12282 0.31353
vn 0.93243 0.20190 0.29968
vn 0.98153 0.12210 0.14730
vn 0.97596 0.16463 0.14285
vn 0.98597 0.08962 0.14083
vn 0.98253 0.12359 0.13912
vn 0.98791 0.06043 0.14275
vn 0.98572 0.08935 0.14271
vn 0.98906 0.03505 0.14331
vn 0.98768 0.06023 0.14443
vn 0.98997 0.01299 0.14065
vn 0.98916 0.03511 0.14259
vn 0.99087 -0.00616 0.13467
vn 0.99046 0.01322 0.13715
vn 0.99180 -0.02272 0.12577
vn 0.99168 -0.00586 0.12856
vn 0.99273 -0.03696 0.11454
vn 0.99282 -0.02243 0.11745
vn 0.99362 -0.04902 0.10160
vn 0.99385 -0.03671 0.10446
vn 0.99440 -0.05907 0.08759
vn 0.99472 -0.04885 0.09028
vn 0.99505 -0.06722 0.07312
vn 0.99540 -0.05895 0.07552
vn 0.99555 -0.07364 0.05878
vn 0.99589 -0.06716 0.06082
vn 0.99589 -0.07848 0.04511
vn 0.99619 -0.07361 0.04675
vn 0.99611 -0.08192 0.03260
vn 0.99634 -0.07847 0.03382
vn 0.99622 -0.08414 0.02167
vn 0.99639 -0.08192 0.02249
vn 0.99626 -0.08542 0.01268
vn 0.99637 -0.08415 0.01317
vn 0.99628 -0.08598 0.00594
vn 0.99633 -0.08542 0.00616
vn 0.99628 -0.08613 0.00168
vn 0.99630 -0.08598 0.00173
vn 0.99633 -0.08535 -0.00582
vn 0.99627 -0.08613 -0.00614
vn 0.99618 -0.08100 -0.03258
vn 0.99576 -0.08530 -0.03435
vn 0.99582 -0.07386 -0.05382
vn 0.99510 -0.08092 -0.05676
vn 0.99531 -0.06443 -0.07221
vn 0.99436 -0.07377 -0.07617
vn 0.99463 -0.05288 -0.08893
vn 0.99350 -0.06436 -0.09391
vn 0.99375 -0.03934 -0.10443
vn 0.99248 -0.05286 -0.11044
vn 0.99262 -0.02393 -0.11889
vn 0.99125 -0.03942 -0.12595
vn 0.99118 -0.00665 -0.13237
vn 0.98978 -0.02417 -0.14056
vn 0.98937 0.01257 -0.14485
vn 0.98800 -0.00712 -0.15430
vn 0.98712 0.03379 -0.15637
vn 0.98585 0.01178 -0.16720
vn 0.98431 0.05717 -0.16691
vn 0.98325 0.03258 -0.17932
vn 0.98080 0.08301 -0.17644
vn 0.98008 0.05538 -0.19075
vn 0.97637 0.11163 -0.18503
vn 0.97616 0.08044 -0.20159
vn 0.97069 0.14356 -0.19275
vn 0.97126 0.10797 -0.21214
vn 0.96326 0.17945 -0.19982
vn 0.96499 0.13831 -0.22286
vn 0.95331 0.22006 -0.20683
vn 0.95678 0.17176 -0.23468
vn 0.93959 0.26613 -0.21527
vn 0.94565 0.20824 -0.24975
vn 0.92000 0.31779 -0.22937
vn 0.92980 0.24635 -0.27348
vn 0.89022 0.37060 -0.26489
vn 0.90432 0.27797 -0.32394
vn 0.80012 0.27305 -0.53408
vn 0.79434 0.18252 -0.57941
vn -0.80167 0.19231 -0.56599
vn -0.79325 0.25926 -0.55095
vn -0.90876 0.28733 -0.30264
vn -0.88756 0.35869 -0.28910
vn -0.93321 0.25257 -0.25559
vn -0.91758 0.30987 -0.24904
vn -0.94863 0.21255 -0.23435
vn -0.93718 0.26063 -0.23187
vn -0.95946 0.17478 -0.22113
vn -0.95097 0.21616 -0.22123
vn -0.96741 0.14045 -0.21071
vn -0.96104 0.17667 -0.21256
vn -0.97343 0.10947 -0.20114
vn -0.96864 0.14158 -0.20419
vn -0.97810 0.08148 -0.19152
vn -0.97450 0.11024 -0.19542
vn -0.98180 0.05608 -0.18146
vn -0.97913 0.08204 -0.18596
vn -0.98476 0.03303 -0.17075
vn -0.98283 0.05652 -0.17565
vn -0.98716 0.01206 -0.15927
vn -0.98583 0.03337 -0.16442
vn -0.98911 -0.00696 -0.14700
vn -0.98827 0.01231 -0.15224
vn -0.99070 -0.02410 -0.13390
vn -0.99026 -0.00679 -0.13909
vn -0.99200 -0.03940 -0.11994
vn -0.99187 -0.02400 -0.12495
vn -0.99306 -0.05287 -0.10510
vn -0.99317 -0.03936 -0.10980
vn -0.99392 -0.06438 -0.08931
vn -0.99421 -0.05288 -0.09354
vn -0.99464 -0.07379 -0.07239
vn -0.99502 -0.06442 -0.07599
vn -0.99526 -0.08093 -0.05388
vn -0.99566 -0.07385 -0.05670
vn -0.99582 -0.08531 -0.03259
vn -0.99612 -0.08100 -0.03434
vn -0.99627 -0.08613 -0.00582
vn -0.99633 -0.08535 -0.00614
vn -0.99630 -0.08598 0.00167
vn -0.99628 -0.08613 0.00174
vn -0.99633 -0.08542 0.00593
vn -0.99628 -0.08598 0.00617
vn -0.99637 -0.08415 0.01265
vn -0.99626 -0.08542 0.01320
vn -0.99641 -0.08192 0.02159
vn -0.99620 -0.08414 0.02257
vn -0.99639 -0.07847 0.03243
vn -0.99606 -0.08191 0.03398
vn -0.99628 -0.07360 0.04479
vn -0.99580 -0.07848 0.04705
vn -0.99604 -0.06714 0.05824
vn -0.99540 -0.07364 0.06133
vn -0.99564 -0.05892 0.07228
vn -0.99481 -0.06724 0.07633
vn -0.99507 -0.04878 0.08633
vn -0.99405 -0.05910 0.09148
vn -0.99433 -0.03660 0.09980
vn -0.99314 -0.04909 0.10617
vn -0.99345 -0.02224 0.11206
vn -0.99210 -0.03708 0.11980
vn -0.99246 -0.00556 0.12245
vn -0.99102 -0.02293 0.13170
vn -0.99138 0.01368 0.13030
vn -0.98995 -0.00649 0.14127
vn -0.99020 0.03578 0.13499
vn -0.98892 0.01250 0.14793
vn -0.98881 0.06119 0.13603
vn -0.98789 0.03435 0.15128
vn -0.98691 0.09070 0.13336
vn -0.98667 0.05942 0.15152
vn -0.98374 0.12550 0.12850
vn -0.98464 0.08820 0.15067
vn -0.97726 0.16751 0.13005
vn -0.97997 0.11996 0.15896
vn -0.93750 0.20891 0.27830
vn -0.93585 0.11787 0.33212
vn 0.00000 -0.93794 0.34681
vn 0.00000 -0.94606 0.32400
vn 0.00000 -0.95365 0.30093
vn 0.00000 -0.96067 0.27771
vn 0.00000 -0.96708 0.25446
vn 0.00000 -0.97288 0.23130
vn 0.00000 -0.97805 0.20835
vn 0.00000 -0.98260 0.18576
vn 0.00000 -0.98652 0.16366
vn 0.00000 -0.98984 0.14220
vn 0.00000 -0.99259 0.12151
vn 0.00000 -0.99481 0.10177
vn 0.00000 -0.99654 0.08309
vn 0.00000 -0.99784 0.06566
vn 0.00000 -0.99877 0.04964
vn 0.00000 -0.99938 0.03521
vn 0.00000 -0.99974 0.02261
vn 0.00000 -0.99993 0.01213
vn 0.00000 -0.99999 0.00427
vn 0.00000 -0.99999 -0.00472
vn 0.00000 -0.99991 -0.01328
vn 0.00000 -0.99970 -0.02457
vn 0.00000 -0.99928 -0.03804
vn 0.00000 -0.99858 -0.05335
vn 0.00000 -0.99753 -0.07019
vn 0.00000 -0.99609 -0.08833
vn 0.00000 -0.99420 -0.10754
vn 0.00000 -0.99182 -0.12762
vn 0.00000 -0.98893 -0.14837
vn 0.00000 -0.98551 -0.16959
vn 0.00000 -0.98157 -0.19113
vn 0.00000 -0.97709 -0.21281
vn 0.00000 -0.97213 -0.23445
vn 0.00000 -0.96669 -0.25596
vn 0.00000 -0.96082 -0.27719
vn 0.00000 -0.95456 -0.29802
vn 0.00000 -0.94797 -0.31836
vn 0.00000 -0.94109 -0.33815
vn 0.93563 0.14285 0.32279
vn 0.92551 0.21598 0.31111
vn 0.97785 0.14653 0.14943
vn 0.97144 0.18710 0.14593
vn 0.98314 0.11552 0.14177
vn 0.97891 0.14815 0.14069
vn 0.98581 0.08740 0.14329
vn 0.98289 0.11524 0.14370
vn 0.98762 0.06290 0.14372
vn 0.98556 0.08718 0.14516
vn 0.98913 0.04166 0.14103
vn 0.98769 0.06295 0.14318
vn 0.99057 0.02319 0.13504
vn 0.98959 0.04190 0.13766
vn 0.99199 0.00722 0.12613
vn 0.99137 0.02351 0.12900
vn 0.99336 -0.00646 0.11487
vn 0.99301 0.00755 0.11781
vn 0.99463 -0.01809 0.10187
vn 0.99448 -0.00618 0.10475
vn 0.99575 -0.02775 0.08778
vn 0.99574 -0.01787 0.09046
vn 0.99668 -0.03562 0.07322
vn 0.99676 -0.02760 0.07561
vn 0.99739 -0.04183 0.05879
vn 0.99752 -0.03553 0.06082
vn 0.99790 -0.04650 0.04503
vn 0.99804 -0.04178 0.04665
vn 0.99823 -0.04982 0.03245
vn 0.99835 -0.04648 0.03366
vn 0.99842 -0.05199 0.02148
vn 0.99851 -0.04981 0.02230
vn 0.99850 -0.05323 0.01250
vn 0.99856 -0.05199 0.01298
vn 0.99853 -0.05380 0.00579
vn 0.99856 -0.05323 0.00602
vn 0.99854 -0.05395 0.00160
vn 0.99855 -0.05380 0.00166
vn 0.99856 -0.05322 -0.00615
vn 0.99852 -0.05395 -0.00646
vn 0.99820 -0.04912 -0.03426
vn 0.99794 -0.05319 -0.03596
vn 0.99751 -0.04246 -0.05639
vn 0.99704 -0.04907 -0.05919
vn 0.99659 -0.03361 -0.07535
vn 0.99596 -0.04241 -0.07916
vn 0.99545 -0.02280 -0.09251
vn 0.99469 -0.03359 -0.09727
vn 0.99406 -0.01016 -0.10833
vn 0.99321 -0.02286 -0.11406
vn 0.99239 0.00423 -0.12302
vn 0.99149 -0.01033 -0.12975
vn 0.99040 0.02034 -0.13670
vn 0.98950 0.00391 -0.14447
vn 0.98804 0.03818 -0.14940
vn 0.98719 0.01978 -0.15831
vn 0.98523 0.05788 -0.16116
vn 0.98450 0.03731 -0.17136
vn 0.98188 0.07954 -0.17202
vn 0.98136 0.05659 -0.18366
vn 0.97784 0.10337 -0.18203
vn 0.97765 0.07769 -0.19536
vn 0.97293 0.12970 -0.19128
vn 0.97321 0.10075 -0.20665
vn 0.96683 0.15889 -0.19998
vn 0.96782 0.12600 -0.21784
vn 0.95910 0.19147 -0.20847
vn 0.96111 0.15363 -0.22951
vn 0.94904 0.22804 -0.21752
vn 0.95253 0.18376 -0.24274
vn 0.93554 0.26902 -0.22891
vn 0.94114 0.21620 -0.25983
vn 0.91665 0.31390 -0.24743
vn 0.92514 0.24913 -0.28645
vn 0.88800 0.35695 -0.28989
vn 0.89932 0.27362 -0.34110
vn 0.78940 0.23853 -0.56563
vn 0.78330 0.16663 -0.59890
vn -0.78936 0.17434 -0.58866
vn -0.78342 0.22769 -0.57828
vn -0.90365 0.28209 -0.32225
vn -0.88505 0.34611 -0.31128
vn -0.92843 0.25484 -0.27031
vn -0.91415 0.30662 -0.26515
vn -0.94399 0.22020 -0.24576
vn -0.93316 0.26391 -0.24405
vn -0.95507 0.18661 -0.23025
vn -0.94678 0.22439 -0.23076
vn -0.96340 0.15566 -0.21825
vn -0.95698 0.18885 -0.22027
vn -0.96988 0.12745 -0.20757
vn -0.96487 0.15701 -0.21064
vn -0.97507 0.10177 -0.19720
vn -0.97114 0.12836 -0.20102
vn -0.97930 0.07839 -0.18663
vn -0.97624 0.10243 -0.19098
vn -0.98281 0.05706 -0.17557
vn -0.98045 0.07889 -0.18027
vn -0.98577 0.03761 -0.16386
vn -0.98398 0.05745 -0.16877
vn -0.98827 0.01996 -0.15141
vn -0.98697 0.03790 -0.15639
vn -0.99040 0.00400 -0.13815
vn -0.98951 0.02018 -0.14308
vn -0.99223 -0.01028 -0.12402
vn -0.99166 0.00415 -0.12878
vn -0.99378 -0.02284 -0.10898
vn -0.99349 -0.01020 -0.11343
vn -0.99511 -0.03359 -0.09289
vn -0.99503 -0.02282 -0.09690
vn -0.99624 -0.04242 -0.07554
vn -0.99631 -0.03360 -0.07897
vn -0.99720 -0.04908 -0.05646
vn -0.99735 -0.04245 -0.05912
vn -0.99800 -0.05319 -0.03427
vn -0.99815 -0.04912 -0.03595
vn -0.99852 -0.05395 -0.00615
vn -0.99856 -0.05322 -0.00646
vn -0.99855 -0.05380 0.00160
vn -0.99854 -0.05395 0.00166
vn -0.99857 -0.05323 0.00578
vn -0.99853 -0.05380 0.00602
vn -0.99857 -0.05199 0.01247
vn -0.99850 -0.05323 0.01301
vn -0.99853 -0.04981 0.02140
vn -0.99840 -0.05199 0.02238
vn -0.99840 -0.04648 0.03229
vn -0.99819 -0.04982 0.03382
vn -0.99813 -0.04177 0.04473
vn -0.99781 -0.04650 0.04694
vn -0.99767 -0.03551 0.05828
vn -0.99724 -0.04184 0.06130
vn -0.99699 -0.02756 0.07242
vn -0.99644 -0.03564 0.07637
vn -0.99608 -0.01780 0.08659
vn -0.99541 -0.02780 0.09159
vn -0.99495 -0.00605 0.10017
vn -0.99416 -0.01817 0.10636
vn -0.99362 0.00775 0.11254
vn -0.99275 -0.00660 0.12002
vn -0.99212 0.02382 0.12301
vn -0.99123 0.00700 0.13195
vn -0.99048 0.04237 0.13094
vn -0.98967 0.02284 0.14152
vn -0.98870 0.06363 0.13574
vn -0.98811 0.04115 0.14816
vn -0.98665 0.08814 0.13693
vn -0.98649 0.06218 0.15155
vn -0.98402 0.11658 0.13455
vn -0.98461 0.08638 0.15190
vn -0.98005 0.15004 0.13032
vn -0.98187 0.11409 0.15140
vn -0.97268 0.18993 0.13351
vn -0.97637 0.14442 0.16078
vn -0.93039 0.22268 0.29117
vn -0.93016 0.13805 0.34022
vn 0.00000 -0.94427 0.32917
vn 0.00000 -0.95152 0.30758
vn 0.00000 -0.95829 0.28579
vn 0.00000 -0.96457 0.26384
vn 0.00000 -0.97031 0.24187
vn 0.00000 -0.97551 0.21997
vn 0.00000 -0.98014 0.19828
vn 0.00000 -0.98423 0.17691
vn 0.00000 -0.98776 0.15599
vn 0.00000 -0.99076 0.13566
vn 0.00000 -0.99324 0.11604
vn 0.00000 -0.99526 0.09728
vn 0.00000 -0.99683 0.07953
vn 0.00000 -0.99802 0.06293
vn 0.00000 -0.99886 0.04765
vn 0.00000 -0.99943 0.03386
vn 0.00000 -0.99976 0.02180
vn 0.00000 -0.99993 0.01174
vn 0.00000 -0.99999 0.00416
vn 0.00000 -1.00000 -0.00004
vn 0.00000 -0.99999 -0.00465
vn 0.00000 -0.99992 -0.01302
vn 0.00000 -0.99971 -0.02400
vn 0.00000 -0.99931 -0.03706
vn 0.00000 -0.99866 -0.05182
vn 0.00000 -0.99768 -0.06804
vn 0.00000 -0.99634 -0.08544
vn 0.00000 -0.99459 -0.10384
vn 0.00000 -0.99241 -0.12300
vn 0.00000 -0.98976 -0.14276
vn 0.00000 -0.98664 -0.16290
vn 0.00000 -0.98306 -0.18330
vn 0.00000 -0.97902 -0.20377
vn 0.00000 -0.97455 -0.22417
vn 0.00000 -0.96968 -0.24438
vn 0.00000 -0.96445 -0.26428
vn 0.00000 -0.95889 -0.28377
vn 0.00000 -0.95307 -0.30276
vn 0.00000 -0.94701 -0.32120
vn 0.92953 0.15949 0.33248
vn 0.91877 0.22749 0.32266
vn 0.97399 0.16721 0.15291
vn 0.96695 0.20600 0.15027
vn 0.97997 0.13752 0.14406
vn 0.97511 0.16896 0.14355
vn 0.98324 0.11040 0.14508
vn 0.97973 0.13725 0.14589
vn 0.98558 0.08673 0.14527
vn 0.98298 0.11018 0.14698
vn 0.98759 0.06622 0.14242
vn 0.98565 0.08678 0.14476
vn 0.98948 0.04842 0.13632
vn 0.98805 0.06647 0.13905
vn 0.99132 0.03302 0.12728
vn 0.99028 0.04877 0.13023
vn 0.99307 0.01980 0.11589
vn 0.99235 0.03338 0.11888
vn 0.99467 0.00860 0.10275
vn 0.99420 0.02011 0.10564
vn 0.99608 -0.00075 0.08849
vn 0.99580 0.00884 0.09117
vn 0.99724 -0.00836 0.07376
vn 0.99710 -0.00057 0.07614
vn 0.99815 -0.01435 0.05916
vn 0.99809 -0.00824 0.06117
vn 0.99880 -0.01889 0.04524
vn 0.99880 -0.01428 0.04686
vn 0.99923 -0.02211 0.03253
vn 0.99925 -0.01886 0.03373
vn 0.99948 -0.02423 0.02146
vn 0.99951 -0.02210 0.02228
vn 0.99960 -0.02543 0.01242
vn 0.99962 -0.02422 0.01290
vn 0.99965 -0.02599 0.00570
vn 0.99966 -0.02543 0.00593
vn 0.99966 -0.02613 0.00155
vn 0.99966 -0.02599 0.00161
vn 0.99966 -0.02543 -0.00646
vn 0.99964 -0.02613 -0.00676
vn 0.99912 -0.02161 -0.03586
vn 0.99897 -0.02541 -0.03747
vn 0.99815 -0.01534 -0.05882
vn 0.99787 -0.02159 -0.06151
vn 0.99690 -0.00703 -0.07838
vn 0.99651 -0.01534 -0.08202
vn 0.99538 0.00310 -0.09597
vn 0.99491 -0.00707 -0.10052
vn 0.99358 0.01496 -0.11214
vn 0.99306 0.00299 -0.11761
vn 0.99148 0.02844 -0.12710
vn 0.99094 0.01473 -0.13350
vn 0.98905 0.04351 -0.14101
vn 0.98853 0.02805 -0.14840
vn 0.98624 0.06023 -0.15394
vn 0.98579 0.04289 -0.16240
vn 0.98299 0.07858 -0.16598
vn 0.98268 0.05929 -0.17559
vn 0.97922 0.09872 -0.17717
vn 0.97911 0.07722 -0.18810
vn 0.97478 0.12083 -0.18763
vn 0.97498 0.09680 -0.20010
vn 0.96950 0.14514 -0.19751
vn 0.97015 0.11816 -0.21179
vn 0.96309 0.17199 -0.20708
vn 0.96437 0.14140 -0.22358
vn 0.95514 0.20176 -0.21679
vn 0.95733 0.16670 -0.23608
vn 0.94501 0.23485 -0.22759
vn 0.94847 0.19404 -0.25052
vn 0.93167 0.27142 -0.24148
vn 0.93689 0.22299 -0.26929
vn 0.91327 0.31050 -0.26366
vn 0.92075 0.25146 -0.29832
vn 0.88527 0.34518 -0.31168
vn 0.89455 0.26990 -0.35628
vn 0.77909 0.20999 -0.59070
vn 0.77349 0.15362 -0.61491
vn -0.77837 0.15961 -0.60718
vn -0.77410 0.20161 -0.60010
vn -0.89870 0.27758 -0.33955
vn -0.88218 0.33532 -0.33062
vn -0.92391 0.25671 -0.28372
vn -0.91076 0.30381 -0.27966
vn -0.93960 0.22672 -0.25642
vn -0.92935 0.26669 -0.25531
vn -0.95089 0.19672 -0.23898
vn -0.94283 0.23144 -0.23980
vn -0.95951 0.16863 -0.22561
vn -0.95311 0.19929 -0.22775
vn -0.96635 0.14279 -0.21397
vn -0.96121 0.17020 -0.21704
vn -0.97192 0.11915 -0.20292
vn -0.96778 0.14384 -0.20665
vn -0.97657 0.09750 -0.19186
vn -0.97323 0.11991 -0.19606
vn -0.98051 0.07770 -0.18045
vn -0.97784 0.09807 -0.18496
vn -0.98390 0.05960 -0.16849
vn -0.98179 0.07814 -0.17318
vn -0.98684 0.04308 -0.15582
vn -0.98520 0.05995 -0.16058
vn -0.98941 0.02816 -0.14238
vn -0.98818 0.04334 -0.14707
vn -0.99166 0.01479 -0.12806
vn -0.99077 0.02834 -0.13258
vn -0.99362 0.00302 -0.11276
vn -0.99302 0.01491 -0.11700
vn -0.99532 -0.00706 -0.09634
vn -0.99497 0.00308 -0.10016
vn -0.99679 -0.01534 -0.07857
vn -0.99662 -0.00704 -0.08183
vn -0.99803 -0.02160 -0.05889
vn -0.99799 -0.01534 -0.06144
vn -0.99903 -0.02541 -0.03587
vn -0.99906 -0.02161 -0.03745
vn -0.99964 -0.02613 -0.00646
vn -0.99965 -0.02543 -0.00676
vn -0.99966 -0.02599 0.00155
vn -0.99966 -0.02613 0.00161
vn -0.99966 -0.02543 0.00570
vn -0.99964 -0.02599 0.00594
vn -0.99963 -0.02422 0.01239
vn -0.99959 -0.02543 0.01292
vn -0.99953 -0.02210 0.02139
vn -0.99946 -0.02423 0.02235
vn -0.99930 -0.01885 0.03237
vn -0.99918 -0.02211 0.03387
vn -0.99889 -0.01427 0.04496
vn -0.99871 -0.01890 0.04713
vn -0.99824 -0.00822 0.05868
vn -0.99800 -0.01436 0.06163
vn -0.99733 -0.00053 0.07300
vn -0.99701 -0.00839 0.07686
vn -0.99614 0.00892 0.08737
vn -0.99574 -0.00081 0.09224
vn -0.99467 0.02024 0.10115
vn -0.99421 0.00850 0.10715
vn -0.99295 0.03359 0.11369
vn -0.99246 0.01964 0.12095
vn -0.99102 0.04910 0.12436
vn -0.99057 0.03278 0.13299
vn -0.98892 0.06695 0.13249
vn -0.98860 0.04806 0.14266
vn -0.98663 0.08747 0.13748
vn -0.98659 0.06570 0.14941
vn -0.98405 0.11114 0.13893
vn -0.98449 0.08600 0.15294
vn -0.98084 0.13859 0.13695
vn -0.98207 0.10939 0.15351
vn -0.97622 0.17084 0.13342
vn -0.97873 0.13610 0.15349
vn -0.96815 0.20876 0.13823
vn -0.97255 0.16513 0.16393
vn -0.92350 0.23388 0.30404
vn -0.92430 0.15486 0.34884
vn 0.00000 -0.24925 0.96844
vn 0.00000 -0.95033 0.31123
vn 0.00000 -0.95675 0.29093
vn 0.00000 -0.96274 0.27042
vn 0.00000 -0.96830 0.24978
vn 0.00000 -0.97340 0.22911
vn 0.00000 -0.97802 0.20851
vn 0.00000 -0.98215 0.18808
vn 0.00000 -0.98580 0.16795
vn 0.00000 -0.98895 0.14822
vn 0.00000 -0.99164 0.12903
vn 0.00000 -0.99569 0.09275
vn 0.00000 -0.99711 0.07592
vn 0.00000 -0.99819 0.06017
vn 0.00000 -0.99896 0.04563
vn 0.00000 -0.99947 0.03250
vn 0.00000 -0.99978 0.02098
vn 0.00000 -0.99994 0.01134
vn 0.00000 -0.99999 0.00404
vn 0.00000 -1.00000 -0.00005
vn 0.00000 -0.99999 -0.00458
vn 0.00000 -0.99992 -0.01276
vn 0.00000 -0.99973 -0.02342
vn 0.00000 -0.99935 -0.03605
vn 0.00000 -0.99874 -0.05028
vn 0.00000 -0.99783 -0.06586
vn 0.00000 -0.99659 -0.08254
vn 0.00000 -0.99498 -0.10010
vn 0.00000 -0.99297 -0.11836
vn 0.00000 -0.99056 -0.13711
vn 0.00000 -0.98773 -0.15620
vn 0.00000 -0.98449 -0.17545
vn 0.00000 -0.98086 -0.19472
vn 0.00000 -0.97686 -0.21388
vn 0.00000 -0.97252 -0.23281
vn 0.00000 -0.96788 -0.25141
vn 0.00000 -0.96298 -0.26956
vn 0.00000 -0.95786 -0.28723
vn 0.00000 -0.95257 -0.30433
vn 0.92341 0.17350 0.34235
vn 0.91225 0.23699 0.33413
vn 0.97008 0.18484 0.15739
vn 0.96254 0.22211 0.15551
vn 0.97663 0.15645 0.14736
vn 0.97129 0.18674 0.14736
vn 0.98040 0.13023 0.14782
vn 0.97642 0.15620 0.14899
vn 0.98319 0.10736 0.14768
vn 0.98016 0.13001 0.14964
vn 0.98562 0.08749 0.14460
vn 0.98327 0.10741 0.14711
vn 0.98789 0.07028 0.13830
vn 0.98609 0.08775 0.14114
vn 0.99009 0.05539 0.12907
vn 0.98872 0.07065 0.13208
vn 0.99216 0.04263 0.11747
vn 0.99115 0.05578 0.12049
vn 0.99406 0.03180 0.10410
vn 0.99333 0.04298 0.10701
vn 0.99572 0.02275 0.08962
vn 0.99521 0.03208 0.09230
vn 0.99709 0.01539 0.07465
vn 0.99676 0.02296 0.07703
vn 0.99816 0.00958 0.05982
vn 0.99797 0.01553 0.06182
vn 0.99894 0.00520 0.04569
vn 0.99883 0.00966 0.04728
vn 0.99946 0.00205 0.03278
vn 0.99941 0.00525 0.03398
vn 0.99977 -0.00000 0.02156
vn 0.99975 0.00207 0.02237
vn 0.99992 -0.00119 0.01242
vn 0.99992 0.00001 0.01290
vn 0.99998 -0.00174 0.00567
vn 0.99998 -0.00119 0.00589
vn 1.00000 -0.00188 0.00151
vn 1.00000 -0.00174 0.00157
vn 0.99998 -0.00122 -0.00676
vn 0.99997 -0.00188 -0.00704
vn 0.99930 0.00239 -0.03735
vn 0.99924 -0.00122 -0.03891
vn 0.99809 0.00828 -0.06114
vn 0.99797 0.00238 -0.06371
vn 0.99656 0.01608 -0.08129
vn 0.99637 0.00824 -0.08477
vn 0.99472 0.02565 -0.09932
vn 0.99448 0.01600 -0.10369
vn 0.99259 0.03679 -0.11585
vn 0.99232 0.02548 -0.12107
vn 0.99013 0.04948 -0.13110
vn 0.98987 0.03650 -0.13722
vn 0.98734 0.06366 -0.14526
vn 0.98712 0.04902 -0.15231
vn 0.98417 0.07931 -0.15846
vn 0.98403 0.06296 -0.16649
vn 0.98058 0.09650 -0.17076
vn 0.98057 0.07831 -0.17986
vn 0.97646 0.11531 -0.18229
vn 0.97666 0.09508 -0.19259
vn 0.97170 0.13591 -0.19319
vn 0.97220 0.11335 -0.20488
vn 0.96613 0.15847 -0.20365
vn 0.96705 0.13319 -0.21696
vn 0.95949 0.18327 -0.21400
vn 0.96099 0.15470 -0.22928
vn 0.95138 0.21060 -0.22478
vn 0.95368 0.17796 -0.24254
vn 0.94121 0.24068 -0.23708
vn 0.94461 0.20287 -0.25799
vn 0.92799 0.27346 -0.25308
vn 0.93287 0.22881 -0.27820
vn 0.90993 0.30753 -0.27829
vn 0.91660 0.25344 -0.30920
vn 0.88227 0.33493 -0.33078
vn 0.89002 0.26672 -0.36977
vn 0.76955 0.18624 -0.61083
vn 0.76482 0.14286 -0.62821
vn -0.76865 0.14742 -0.62245
vn -0.76554 0.17990 -0.61772
vn -0.89396 0.27368 -0.35487
vn -0.87915 0.32598 -0.34760
vn -0.91962 0.25829 -0.29595
vn -0.90745 0.30136 -0.29278
vn -0.93546 0.23228 -0.26638
vn -0.92573 0.26905 -0.26575
vn -0.94692 0.20539 -0.24732
vn -0.93911 0.23748 -0.24837
vn -0.95577 0.17979 -0.23277
vn -0.94943 0.20826 -0.23499
vn -0.96287 0.15604 -0.22028
vn -0.95769 0.18155 -0.22332
vn -0.96875 0.13416 -0.20861
vn -0.96449 0.15722 -0.21224
vn -0.97373 0.11403 -0.19710
vn -0.97021 0.13501 -0.20115
vn -0.97802 0.09556 -0.18534
vn -0.97513 0.11468 -0.18967
vn -0.98176 0.07863 -0.17311
vn -0.97940 0.09606 -0.17760
vn -0.98506 0.06317 -0.16024
vn -0.98316 0.07902 -0.16478
vn -0.98798 0.04915 -0.14656
vn -0.98649 0.06347 -0.15105
vn -0.99057 0.03657 -0.13201
vn -0.98943 0.04937 -0.13634
vn -0.99287 0.02552 -0.11645
vn -0.99204 0.03673 -0.12049
vn -0.99489 0.01602 -0.09969
vn -0.99432 0.02562 -0.10334
vn -0.99664 0.00825 -0.08148
vn -0.99629 0.01607 -0.08458
vn -0.99812 0.00238 -0.06122
vn -0.99794 0.00827 -0.06364
vn -0.99930 -0.00122 -0.03737
vn -0.99924 0.00239 -0.03889
vn -0.99998 -0.00188 -0.00676
vn -0.99997 -0.00122 -0.00704
vn -1.00000 -0.00174 0.00151
vn -1.00000 -0.00188 0.00157
vn -0.99998 -0.00119 0.00566
vn -0.99998 -0.00174 0.00590
vn -0.99992 0.00001 0.01239
vn -0.99992 -0.00119 0.01293
vn -0.99977 0.00207 0.02150
vn -0.99975 -0.00000 0.02244
vn -0.99945 0.00525 0.03263
vn -0.99942 0.00204 0.03412
vn -0.99892 0.00968 0.04542
vn -0.99886 0.00519 0.04754
vn -0.99812 0.01555 0.05936
vn -0.99801 0.00956 0.06226
vn -0.99700 0.02301 0.07394
vn -0.99686 0.01535 0.07771
vn -0.99555 0.03217 0.08856
vn -0.99538 0.02269 0.09331
vn -0.99379 0.04312 0.10260
vn -0.99360 0.03170 0.10843
vn -0.99174 0.05600 0.11541
vn -0.99157 0.04247 0.12243
vn -0.98945 0.07099 0.12633
vn -0.98936 0.05514 0.13467
vn -0.98695 0.08825 0.13471
vn -0.98703 0.06991 0.14451
vn -0.98424 0.10811 0.13997
vn -0.98463 0.08695 0.15145
vn -0.98120 0.13098 0.14177
vn -0.98212 0.10662 0.15518
vn -0.97750 0.15753 0.14025
vn -0.97926 0.12921 0.15607
vn -0.97238 0.18859 0.13750
vn -0.97543 0.15503 0.15656
vn -0.96373 0.22482 0.14383
vn -0.96867 0.18278 0.16811
vn -0.91684 0.24310 0.31671
vn -0.91841 0.16903 0.35771
vn 0.00000 -0.95609 0.29306
vn 0.00000 -0.96171 0.27407
vn 0.00000 -0.96697 0.25489
vn 0.00000 -0.97186 0.23558
vn 0.00000 -0.97634 0.21623
vn 0.00000 -0.98042 0.19694
vn 0.00000 -0.98407 0.17779
vn 0.00000 -0.98729 0.15890
vn 0.00000 -0.99010 0.14038
vn 0.00000 -0.99249 0.12234
vn 0.00000 -0.99448 0.10488
vn 0.00000 -0.99611 0.08815
vn 0.00000 -0.99739 0.07226
vn 0.00000 -0.99835 0.05736
vn 0.00000 -0.99905 0.04359
vn 0.00000 -0.99952 0.03112
vn 0.00000 -0.99980 0.02014
vn 0.00000 -0.99994 0.01093
vn 0.00000 -0.99999 0.00391
vn 0.00000 -0.99999 -0.00452
vn 0.00000 -0.99992 -0.01249
vn 0.00000 -0.99974 -0.02283
vn 0.00000 -0.99939 -0.03503
vn 0.00000 -0.99881 -0.04873
vn 0.00000 -0.99797 -0.06366
vn 0.00000 -0.99683 -0.07962
vn 0.00000 -0.99535 -0.09635
vn 0.00000 -0.99352 -0.11369
vn 0.00000 -0.99132 -0.13146
vn 0.00000 -0.98877 -0.14947
vn 0.00000 -0.98585 -0.16760
vn 0.00000 -0.98261 -0.18569
vn 0.00000 -0.97905 -0.20363
vn 0.00000 -0.97521 -0.22129
vn 0.00000 -0.97112 -0.23860
vn 0.00000 -0.96682 -0.25546
vn 0.00000 -0.96235 -0.27182
vn 0.00000 -0.95775 -0.28761
vn 0.91738 0.18529 0.35226
vn 0.90595 0.24481 0.34542
vn 0.96620 0.20003 0.16263
vn 0.95828 0.23588 0.16144
vn 0.97324 0.17283 0.15143
vn 0.96751 0.20210 0.15190
vn 0.97743 0.14747 0.15130
vn 0.97307 0.17261 0.15279
vn 0.98060 0.12530 0.15077
vn 0.97720 0.14726 0.15296
vn 0.98338 0.10606 0.14740
vn 0.98070 0.12537 0.15005
vn 0.98599 0.08940 0.14083
vn 0.98388 0.10635 0.14376
vn 0.98849 0.07501 0.13135
vn 0.98685 0.08980 0.13441
vn 0.99086 0.06265 0.11948
vn 0.98959 0.07542 0.12253
vn 0.99301 0.05214 0.10584
vn 0.99207 0.06303 0.10876
vn 0.99490 0.04340 0.09108
vn 0.99421 0.05245 0.09375
vn 0.99646 0.03627 0.07582
vn 0.99598 0.04363 0.07818
vn 0.99769 0.03062 0.06071
vn 0.99737 0.03643 0.06270
vn 0.99858 0.02634 0.04631
vn 0.99838 0.03073 0.04791
vn 0.99918 0.02330 0.03319
vn 0.99906 0.02640 0.03437
vn 0.99954 0.02129 0.02177
vn 0.99947 0.02333 0.02258
vn 0.99972 0.02012 0.01249
vn 0.99969 0.02130 0.01297
vn 0.99979 0.01960 0.00567
vn 0.99978 0.02013 0.00589
vn 0.99981 0.01946 0.00149
vn 0.99981 0.01961 0.00155
vn 0.99977 0.02007 -0.00704
vn 0.99978 0.01945 -0.00731
vn 0.99897 0.02348 -0.03878
vn 0.99899 0.02005 -0.04028
vn 0.99757 0.02903 -0.06336
vn 0.99756 0.02344 -0.06583
vn 0.99579 0.03643 -0.08408
vn 0.99575 0.02896 -0.08743
vn 0.99369 0.04546 -0.10258
vn 0.99362 0.03630 -0.10677
vn 0.99126 0.05598 -0.11945
vn 0.99119 0.04524 -0.12447
vn 0.98851 0.06794 -0.13503
vn 0.98846 0.05564 -0.14087
vn 0.98542 0.08130 -0.14946
vn 0.98543 0.06742 -0.15618
vn 0.98196 0.09601 -0.16292
vn 0.98205 0.08054 -0.17054
vn 0.97807 0.11219 -0.17550
vn 0.97830 0.09495 -0.18413
vn 0.97367 0.12985 -0.18736
vn 0.97411 0.11071 -0.19709
vn 0.96866 0.14908 -0.19867
vn 0.96939 0.12783 -0.20963
vn 0.96287 0.17011 -0.20964
vn 0.96398 0.14632 -0.22209
vn 0.95604 0.19308 -0.22070
vn 0.95769 0.16631 -0.23489
vn 0.94781 0.21824 -0.23244
vn 0.95018 0.18775 -0.24881
vn 0.93761 0.24570 -0.24602
vn 0.94095 0.21050 -0.26516
vn 0.92449 0.27516 -0.26381
vn 0.92909 0.23382 -0.28658
vn 0.90669 0.30483 -0.29155
vn 0.91270 0.25513 -0.31919
vn 0.87916 0.32594 -0.34761
vn 0.88575 0.26391 -0.38182
vn 0.76092 0.16640 -0.62715
vn 0.75717 0.13387 -0.63935
vn -0.76009 0.13726 -0.63516
vn -0.75783 0.16173 -0.63209
vn -0.88948 0.27024 -0.36851
vn -0.87609 0.31781 -0.36259
vn -0.91557 0.25960 -0.30715
vn -0.90425 0.29915 -0.30470
vn -0.93155 0.23707 -0.27570
vn -0.92231 0.27106 -0.27545
vn -0.94315 0.21288 -0.25525
vn -0.93558 0.24269 -0.25648
vn -0.95217 0.18950 -0.23969
vn -0.94593 0.21603 -0.24195
vn -0.95950 0.16760 -0.22645
vn -0.95431 0.19144 -0.22944
vn -0.96562 0.14726 -0.21421
vn -0.96128 0.16891 -0.21774
vn -0.97086 0.12851 -0.20228
vn -0.96722 0.14820 -0.20618
vn -0.97543 0.11119 -0.19020
vn -0.97238 0.12922 -0.19437
vn -0.97946 0.09528 -0.17770
vn -0.97692 0.11175 -0.18202
vn -0.98305 0.08076 -0.16459
vn -0.98097 0.09572 -0.16894
vn -0.98627 0.06756 -0.15069
vn -0.98458 0.08110 -0.15499
vn -0.98916 0.05572 -0.13590
vn -0.98782 0.06782 -0.14003
vn -0.99174 0.04528 -0.12003
vn -0.99072 0.05591 -0.12390
vn -0.99402 0.03632 -0.10293
vn -0.99328 0.04542 -0.10642
vn -0.99602 0.02897 -0.08427
vn -0.99552 0.03641 -0.08725
vn -0.99771 0.02345 -0.06344
vn -0.99741 0.02903 -0.06575
vn -0.99905 0.02005 -0.03880
vn -0.99891 0.02348 -0.04026
vn -0.99979 0.01945 -0.00704
vn -0.99977 0.02007 -0.00731
vn -0.99981 0.01961 0.00149
vn -0.99981 0.01946 0.00156
vn -0.99978 0.02013 0.00566
vn -0.99979 0.01960 0.00589
vn -0.99970 0.02130 0.01247
vn -0.99971 0.02012 0.01300
vn -0.99949 0.02333 0.02171
vn -0.99952 0.02129 0.02264
vn -0.99910 0.02641 0.03305
vn -0.99913 0.02330 0.03450
vn -0.99847 0.03074 0.04606
vn -0.99849 0.02633 0.04815
vn -0.99752 0.03646 0.06028
vn -0.99754 0.03060 0.06311
vn -0.99621 0.04369 0.07515
vn -0.99623 0.03623 0.07882
vn -0.99455 0.05255 0.09008
vn -0.99456 0.04333 0.09470
vn -0.99252 0.06318 0.10443
vn -0.99256 0.05203 0.11010
vn -0.99018 0.07566 0.11754
vn -0.99027 0.06247 0.12435
vn -0.98757 0.09014 0.12878
vn -0.98777 0.07474 0.13683
vn -0.98473 0.10685 0.13747
vn -0.98514 0.08901 0.14691
vn -0.98165 0.12607 0.14308
vn -0.98240 0.10552 0.15410
vn -0.97823 0.14823 0.14526
vn -0.97953 0.12455 0.15811
vn -0.97413 0.17394 0.14425
vn -0.97630 0.14645 0.15936
vn -0.96859 0.20392 0.14229
vn -0.97205 0.17142 0.16040
vn -0.95946 0.23853 0.15013
vn -0.96481 0.19801 0.17304
vn -0.91041 0.25065 0.32912
vn -0.91257 0.18098 0.36669
vn 0.00000 -0.96152 0.27472
vn 0.00000 -0.96639 0.25707
vn 0.00000 -0.97096 0.23923
vn 0.00000 -0.97522 0.22126
vn 0.00000 -0.97913 0.20325
vn 0.00000 -0.98269 0.18527
vn 0.00000 -0.98589 0.16742
vn 0.00000 -0.98872 0.14979
vn 0.00000 -0.99119 0.13248
vn 0.00000 -0.99330 0.11559
vn 0.00000 -0.99506 0.09924
vn 0.00000 -0.99651 0.08353
vn 0.00000 -0.99765 0.06859
vn 0.00000 -0.99851 0.05454
vn 0.00000 -0.99914 0.04153
vn 0.00000 -0.99956 0.02973
vn 0.00000 -0.99981 0.01930
vn 0.00000 -0.99994 0.01051
vn 0.00000 -0.99999 0.00380
vn 0.00000 -0.99999 -0.00446
vn 0.00000 -0.99993 -0.01222
vn 0.00000 -0.99975 -0.02225
vn 0.00000 -0.99942 -0.03400
vn 0.00000 -0.99889 -0.04716
vn 0.00000 -0.99811 -0.06146
vn 0.00000 -0.99706 -0.07666
vn 0.00000 -0.99571 -0.09258
vn 0.00000 -0.99404 -0.10901
vn 0.00000 -0.99206 -0.12579
vn 0.00000 -0.98715 -0.15977
vn 0.00000 -0.98426 -0.17670
vn 0.00000 -0.98111 -0.19343
vn 0.00000 -0.97773 -0.20986
vn 0.00000 -0.97415 -0.22590
vn 0.00000 -0.97040 -0.24149
vn 0.00000 -0.96653 -0.25657
vn 0.00000 -0.96256 -0.27108
vn 0.91145 0.19533 0.36208
vn 0.89987 0.25134 0.35645
vn 0.96238 0.21322 0.16843
vn 0.95417 0.24777 0.16786
vn 0.96987 0.18708 0.15609
vn 0.96381 0.21545 0.15699
vn 0.97440 0.16256 0.15533
vn 0.96973 0.18691 0.15713
vn 0.97789 0.14107 0.15437
vn 0.97420 0.16237 0.15677
vn 0.98098 0.12241 0.15066
vn 0.97802 0.14116 0.15346
vn 0.98389 0.10625 0.14378
vn 0.98152 0.12273 0.14681
vn 0.98667 0.09228 0.13401
vn 0.98479 0.10668 0.13713
vn 0.98930 0.08030 0.12184
vn 0.98782 0.09274 0.12491
vn 0.99169 0.07015 0.10789
vn 0.99056 0.08072 0.11081
vn 0.99378 0.06165 0.09279
vn 0.99293 0.07049 0.09547
vn 0.99551 0.05472 0.07721
vn 0.99491 0.06191 0.07957
vn 0.99687 0.04926 0.06179
vn 0.99645 0.05490 0.06376
vn 0.99787 0.04509 0.04710
vn 0.99759 0.04938 0.04868
vn 0.99854 0.04211 0.03369
vn 0.99837 0.04515 0.03487
vn 0.99895 0.04013 0.02207
vn 0.99885 0.04214 0.02288
vn 0.99916 0.03901 0.01263
vn 0.99911 0.04015 0.01310
vn 0.99924 0.03847 0.00569
vn 0.99922 0.03901 0.00592
vn 0.99926 0.03834 0.00148
vn 0.99926 0.03847 0.00154
vn 0.99922 0.03893 -0.00730
vn 0.99924 0.03834 -0.00756
vn 0.99830 0.04215 -0.04015
vn 0.99838 0.03889 -0.04159
vn 0.99673 0.04741 -0.06548
vn 0.99681 0.04208 -0.06786
vn 0.99474 0.05440 -0.08678
vn 0.99482 0.04729 -0.09001
vn 0.99240 0.06294 -0.10573
vn 0.99248 0.05422 -0.10976
vn 0.98973 0.07292 -0.12297
vn 0.98982 0.06267 -0.12780
vn 0.98672 0.08423 -0.13886
vn 0.98685 0.07252 -0.14446
vn 0.98338 0.09685 -0.15358
vn 0.98357 0.08365 -0.16000
vn 0.97966 0.11079 -0.16730
vn 0.97995 0.09604 -0.17458
vn 0.97553 0.12601 -0.18018
vn 0.97596 0.10967 -0.18836
vn 0.97091 0.14258 -0.19235
vn 0.97154 0.12448 -0.20154
vn 0.96569 0.16066 -0.20403
vn 0.96659 0.14052 -0.21437
vn 0.95971 0.18031 -0.21550
vn 0.96098 0.15786 -0.22715
vn 0.95274 0.20170 -0.22717
vn 0.95450 0.17648 -0.24039
vn 0.94442 0.22495 -0.23974
vn 0.94683 0.19634 -0.25488
vn 0.93420 0.25007 -0.25444
vn 0.93747 0.21721 -0.27199
vn 0.92117 0.27659 -0.27375
vn 0.92551 0.23820 -0.29443
vn 0.90354 0.30240 -0.30359
vn 0.90903 0.25656 -0.32839
vn 0.87605 0.31799 -0.36252
vn 0.88175 0.26146 -0.39262
vn 0.75322 0.14970 -0.64051
vn 0.75045 0.12632 -0.64875
vn -0.75256 0.12873 -0.64582
vn -0.75096 0.14641 -0.64392
vn -0.88525 0.26721 -0.38069
vn -0.87306 0.31060 -0.37588
vn -0.91175 0.26070 -0.31741
vn -0.90118 0.29716 -0.31555
vn -0.92786 0.24123 -0.28441
vn -0.91906 0.27277 -0.28447
vn -0.93957 0.21945 -0.26278
vn -0.93225 0.24724 -0.26415
vn -0.94874 0.19801 -0.24635
vn -0.94261 0.22285 -0.24864
vn -0.95624 0.17772 -0.23244
vn -0.95107 0.20013 -0.23539
vn -0.96256 0.15877 -0.21971
vn -0.95818 0.17915 -0.22314
vn -0.96802 0.14118 -0.20738
vn -0.96430 0.15980 -0.21116
vn -0.97281 0.12495 -0.19500
vn -0.96966 0.14197 -0.19901
vn -0.97708 0.11000 -0.18224
vn -0.97442 0.12557 -0.18638
vn -0.98092 0.09627 -0.16888
vn -0.97869 0.11049 -0.17306
vn -0.98439 0.08380 -0.15475
vn -0.98256 0.09665 -0.15887
vn -0.98753 0.07261 -0.13969
vn -0.98605 0.08410 -0.14365
vn -0.99036 0.06272 -0.12353
vn -0.98919 0.07285 -0.12725
vn -0.99288 0.05425 -0.10608
vn -0.99200 0.06289 -0.10942
vn -0.99509 0.04731 -0.08697
vn -0.99447 0.05438 -0.08982
vn -0.99696 0.04209 -0.06556
vn -0.99657 0.04740 -0.06778
vn -0.99844 0.03890 -0.04017
vn -0.99825 0.04215 -0.04157
vn -0.99924 0.03834 -0.00730
vn -0.99921 0.03893 -0.00756
vn -0.99926 0.03847 0.00148
vn -0.99926 0.03834 0.00154
vn -0.99922 0.03901 0.00568
vn -0.99924 0.03847 0.00592
vn -0.99911 0.04015 0.01260
vn -0.99915 0.03901 0.01312
vn -0.99887 0.04215 0.02201
vn -0.99893 0.04013 0.02294
vn -0.99842 0.04516 0.03356
vn -0.99850 0.04210 0.03500
vn -0.99768 0.04939 0.04685
vn -0.99779 0.04507 0.04891
vn -0.99660 0.05493 0.06138
vn -0.99673 0.04924 0.06415
vn -0.99514 0.06197 0.07658
vn -0.99528 0.05468 0.08017
vn -0.99327 0.07059 0.09185
vn -0.99344 0.06158 0.09636
vn -0.99101 0.08087 0.10656
vn -0.99123 0.07003 0.11206
vn -0.98841 0.09298 0.12002
vn -0.98871 0.08012 0.12662
vn -0.98551 0.10703 0.13160
vn -0.98595 0.09201 0.13939
vn -0.98236 0.12323 0.14065
vn -0.98304 0.10586 0.14975
vn -0.97896 0.14187 0.14664
vn -0.98002 0.12186 0.15723
vn -0.97522 0.16334 0.14925
vn -0.97684 0.14032 0.16155
vn -0.97079 0.18822 0.14880
vn -0.97328 0.16154 0.16321
vn -0.96489 0.21725 0.14762
vn -0.96868 0.18568 0.16486
vn -0.95535 0.25036 0.15691
vn -0.96099 0.21123 0.17853
vn -0.90421 0.25693 0.34116
vn -0.90682 0.19117 0.37566
vn 0.00000 -0.96661 0.25625
vn 0.00000 -0.97078 0.23996
vn 0.00000 -0.97471 0.22348
vn 0.00000 -0.97837 0.20686
vn 0.00000 -0.98175 0.19020
vn 0.00000 -0.98482 0.17356
vn 0.00000 -0.98760 0.15700
vn 0.00000 -0.99006 0.14063
vn 0.00000 -0.99222 0.12453
vn 0.00000 -0.99406 0.10880
vn 0.00000 -0.99561 0.09355
vn 0.00000 -0.99688 0.07887
vn 0.00000 -0.99789 0.06487
vn 0.00000 -0.99866 0.05170
vn 0.00000 -0.99922 0.03946
vn 0.00000 -0.99960 0.02831
vn 0.00000 -0.99983 0.01845
vn 0.00000 -0.99995 0.01010
vn 0.00000 -0.99999 0.00366
vn 0.00000 -0.99999 -0.00439
vn 0.00000 -0.99993 -0.01195
vn 0.00000 -0.99977 -0.02164
vn 0.00000 -0.99946 -0.03297
vn 0.00000 -0.99896 -0.04558
vn 0.00000 -0.99824 -0.05924
vn 0.00000 -0.99728 -0.07371
vn 0.00000 -0.99605 -0.08880
vn 0.00000 -0.99454 -0.10433
vn 0.00000 -0.99276 -0.12014
vn 0.00000 -0.99070 -0.13606
vn 0.00000 -0.98838 -0.15198
vn 0.00000 -0.98583 -0.16776
vn 0.00000 -0.98306 -0.18331
vn 0.00000 -0.98010 -0.19852
vn 0.00000 -0.97698 -0.21334
vn 0.00000 -0.97374 -0.22767
vn 0.00000 -0.97040 -0.24151
vn 0.00000 -0.96700 -0.25478
vn 0.90566 0.20391 0.37174
vn 0.89402 0.25674 0.36716
vn 0.95864 0.22474 0.17462
vn 0.95021 0.25809 0.17462
vn 0.96652 0.19964 0.16119
vn 0.96021 0.22714 0.16248
vn 0.97136 0.17588 0.15979
vn 0.96643 0.19953 0.16186
vn 0.97514 0.15499 0.15838
vn 0.97119 0.17572 0.16097
vn 0.97849 0.13690 0.15430
vn 0.97530 0.15512 0.15722
vn 0.98167 0.12119 0.14708
vn 0.97908 0.13725 0.15020
vn 0.98471 0.10766 0.13698
vn 0.98263 0.12166 0.14014
vn 0.98757 0.09603 0.12446
vn 0.98592 0.10815 0.12757
vn 0.99017 0.08616 0.11017
vn 0.98889 0.09648 0.11310
vn 0.99245 0.07792 0.09472
vn 0.99148 0.08654 0.09739
vn 0.99435 0.07118 0.07879
vn 0.99363 0.07821 0.08113
vn 0.99584 0.06585 0.06301
vn 0.99533 0.07139 0.06498
vn 0.99693 0.06181 0.04800
vn 0.99659 0.06598 0.04957
vn 0.99768 0.05888 0.03430
vn 0.99745 0.06189 0.03548
vn 0.99812 0.05697 0.02244
vn 0.99799 0.05892 0.02323
vn 0.99836 0.05584 0.01280
vn 0.99829 0.05699 0.01328
vn 0.99845 0.05533 0.00575
vn 0.99842 0.05584 0.00597
vn 0.99847 0.05520 0.00148
vn 0.99847 0.05533 0.00154
vn 0.99842 0.05574 -0.00755
vn 0.99845 0.05519 -0.00779
vn 0.99741 0.05879 -0.04146
vn 0.99753 0.05569 -0.04284
vn 0.99568 0.06380 -0.06752
vn 0.99583 0.05869 -0.06983
vn 0.99350 0.07043 -0.08939
vn 0.99368 0.06365 -0.09250
vn 0.99096 0.07855 -0.10878
vn 0.99115 0.07021 -0.11267
vn 0.98807 0.08799 -0.12641
vn 0.98829 0.07823 -0.13103
vn 0.98484 0.09874 -0.14260
vn 0.98511 0.08753 -0.14800
vn 0.98127 0.11072 -0.15761
vn 0.98161 0.09811 -0.16377
vn 0.97734 0.12388 -0.17161
vn 0.97778 0.10985 -0.17855
vn 0.97301 0.13827 -0.18476
vn 0.97359 0.12270 -0.19255
vn 0.96820 0.15394 -0.19723
vn 0.96897 0.13669 -0.20595
vn 0.96280 0.17093 -0.20927
vn 0.96384 0.15182 -0.21902
vn 0.95667 0.18935 -0.22118
vn 0.95805 0.16809 -0.23211
vn 0.94959 0.20929 -0.23341
vn 0.95142 0.18549 -0.24574
vn 0.94119 0.23085 -0.24671
vn 0.94363 0.20392 -0.26074
vn 0.93097 0.25388 -0.26237
vn 0.93416 0.22310 -0.27851
vn 0.91801 0.27780 -0.28298
vn 0.92213 0.24203 -0.30181
vn 0.90052 0.30018 -0.31456
vn 0.90557 0.25780 -0.33687
vn 0.87299 0.31097 -0.37575
vn 0.87801 0.25927 -0.40234
vn 0.74640 0.13560 -0.65153
vn 0.74453 0.11996 -0.65672
vn -0.74595 0.12155 -0.65482
vn -0.74487 0.13344 -0.65373
vn -0.88129 0.26451 -0.39162
vn -0.87012 0.30425 -0.38772
vn -0.90815 0.26163 -0.32683
vn -0.89825 0.29534 -0.32546
vn -0.92437 0.24487 -0.29255
vn -0.91598 0.27423 -0.29286
vn -0.93617 0.22522 -0.26993
vn -0.92910 0.25122 -0.27140
vn -0.94545 0.20551 -0.25274
vn -0.93946 0.22885 -0.25504
vn -0.95309 0.18668 -0.23825
vn -0.94798 0.20779 -0.24115
vn -0.95958 0.16898 -0.22507
vn -0.95520 0.18823 -0.22841
vn -0.96522 0.15247 -0.21239
vn -0.96145 0.17010 -0.21605
vn -0.97021 0.13716 -0.19971
vn -0.96698 0.15333 -0.20358
vn -0.97468 0.12304 -0.18670
vn -0.97193 0.13784 -0.19068
vn -0.97873 0.11008 -0.17310
vn -0.97640 0.12358 -0.17712
vn -0.98242 0.09827 -0.15873
vn -0.98047 0.11051 -0.16269
vn -0.98578 0.08763 -0.14340
vn -0.98418 0.09861 -0.14722
vn -0.98881 0.07829 -0.12695
vn -0.98754 0.08790 -0.13051
vn -0.99154 0.07025 -0.10912
vn -0.99056 0.07850 -0.11233
vn -0.99394 0.06367 -0.08957
vn -0.99324 0.07041 -0.09231
vn -0.99598 0.05870 -0.06760
vn -0.99552 0.06379 -0.06975
vn -0.99759 0.05570 -0.04148
vn -0.99735 0.05879 -0.04282
vn -0.99845 0.05519 -0.00755
vn -0.99841 0.05574 -0.00779
vn -0.99847 0.05533 0.00148
vn -0.99847 0.05520 0.00154
vn -0.99842 0.05585 0.00574
vn -0.99845 0.05533 0.00597
vn -0.99829 0.05699 0.01278
vn -0.99835 0.05584 0.01330
vn -0.99801 0.05893 0.02238
vn -0.99810 0.05697 0.02329
vn -0.99750 0.06189 0.03418
vn -0.99763 0.05888 0.03560
vn -0.99668 0.06600 0.04777
vn -0.99685 0.06179 0.04979
vn -0.99548 0.07142 0.06262
vn -0.99569 0.06582 0.06534
vn -0.99386 0.07827 0.07818
vn -0.99411 0.07114 0.08170
vn -0.99181 0.08664 0.09384
vn -0.99211 0.07785 0.09823
vn -0.98934 0.09664 0.10892
vn -0.98972 0.08604 0.11427
vn -0.98650 0.10840 0.12276
vn -0.98698 0.09584 0.12916
vn -0.98334 0.12202 0.13473
vn -0.98399 0.10738 0.14225
vn -0.97992 0.13776 0.14415
vn -0.98083 0.12079 0.15294
vn -0.97624 0.15582 0.15055
vn -0.97754 0.13634 0.16072
vn -0.97221 0.17668 0.15361
vn -0.97409 0.15424 0.16541
vn -0.96749 0.20083 0.15373
vn -0.97024 0.17486 0.16749
vn -0.96129 0.22892 0.15336
vn -0.96534 0.19826 0.16974
vn -0.95140 0.26063 0.16401
vn -0.95727 0.22278 0.18442
vn -0.89823 0.26209 0.35283
vn -0.90121 0.19991 0.38453
vn 0.00000 -0.97134 0.23771
vn 0.00000 -0.97487 0.22278
vn 0.00000 -0.97820 0.20767
vn 0.00000 -0.98131 0.19242
vn 0.00000 -0.98419 0.17711
vn 0.00000 -0.98682 0.16180
vn 0.00000 -0.98920 0.14654
vn 0.00000 -0.99132 0.13143
vn 0.00000 -0.99318 0.11655
vn 0.00000 -0.99479 0.10199
vn 0.00000 -0.99613 0.08784
vn 0.00000 -0.99724 0.07418
vn 0.00000 -0.99813 0.06115
vn 0.00000 -0.99881 0.04883
vn 0.00000 -0.99930 0.03737
vn 0.00000 -0.99964 0.02690
vn 0.00000 -0.99985 0.01759
vn 0.00000 -0.99995 0.00968
vn 0.00000 -0.99999 0.00355
vn 0.00000 -1.00000 -0.00006
vn 0.00000 -0.99999 -0.00432
vn 0.00000 -0.99993 -0.01169
vn 0.00000 -0.99978 -0.02104
vn 0.00000 -0.99949 -0.03192
vn 0.00000 -0.99903 -0.04400
vn 0.00000 -0.99837 -0.05701
vn 0.00000 -0.99749 -0.07075
vn 0.00000 -0.99638 -0.08502
vn 0.00000 -0.99502 -0.09965
vn 0.00000 -0.99342 -0.11450
vn 0.00000 -0.99159 -0.12939
vn 0.00000 -0.98954 -0.14423
vn 0.00000 -0.98730 -0.15889
vn 0.00000 -0.98487 -0.17328
vn 0.00000 -0.98230 -0.18730
vn 0.00000 -0.97961 -0.20091
vn 0.00000 -0.97682 -0.21405
vn 0.00000 -0.97397 -0.22667
vn 0.00000 -0.97108 -0.23874
vn 0.90004 0.21125 0.38119
vn 0.88838 0.26125 0.37754
vn 0.95501 0.23483 0.18112
vn 0.94641 0.26707 0.18163
vn 0.96324 0.21073 0.16663
vn 0.95672 0.23741 0.16827
vn 0.96835 0.18767 0.16458
vn 0.96320 0.21069 0.16690
vn 0.97237 0.16739 0.16270
vn 0.96822 0.18755 0.16547
vn 0.97598 0.14978 0.15822
vn 0.97258 0.16755 0.16127
vn 0.97939 0.13456 0.15065
vn 0.97662 0.15017 0.15383
vn 0.98266 0.12140 0.14018
vn 0.98041 0.13507 0.14339
vn 0.98573 0.11011 0.12731
vn 0.98393 0.12193 0.13043
vn 0.98854 0.10051 0.11264
vn 0.98712 0.11060 0.11558
vn 0.99099 0.09250 0.09682
vn 0.98991 0.10092 0.09949
vn 0.99304 0.08595 0.08051
vn 0.99223 0.09282 0.08285
vn 0.99466 0.08073 0.06436
vn 0.99407 0.08618 0.06633
vn 0.99584 0.07677 0.04900
vn 0.99544 0.08088 0.05056
vn 0.99665 0.07394 0.03500
vn 0.99639 0.07686 0.03616
vn 0.99714 0.07205 0.02286
vn 0.99698 0.07399 0.02365
vn 0.99739 0.07096 0.01302
vn 0.99731 0.07208 0.01349
vn 0.99750 0.07047 0.00582
vn 0.99746 0.07097 0.00604
vn 0.99752 0.07031 0.00148
vn 0.99751 0.07047 0.00156
vn 0.99746 0.07087 -0.00778
vn 0.99749 0.07030 -0.00803
vn 0.99636 0.07377 -0.04271
vn 0.99652 0.07080 -0.04404
vn 0.99449 0.07849 -0.06950
vn 0.99470 0.07364 -0.07171
vn 0.99215 0.08480 -0.09191
vn 0.99240 0.07831 -0.09491
vn 0.98942 0.09251 -0.11175
vn 0.98970 0.08454 -0.11550
vn 0.98634 0.10153 -0.12974
vn 0.98666 0.09215 -0.13421
vn 0.98291 0.11172 -0.14628
vn 0.98329 0.10103 -0.15144
vn 0.97915 0.12310 -0.16157
vn 0.97960 0.11104 -0.16747
vn 0.97504 0.13560 -0.17583
vn 0.97559 0.12218 -0.18247
vn 0.97052 0.14925 -0.18924
vn 0.97122 0.13437 -0.19667
vn 0.96554 0.16406 -0.20201
vn 0.96643 0.14762 -0.21029
vn 0.96001 0.18007 -0.21439
vn 0.96114 0.16190 -0.22359
vn 0.95376 0.19737 -0.22669
vn 0.95522 0.17720 -0.23696
vn 0.94658 0.21604 -0.23942
vn 0.94847 0.19349 -0.25095
vn 0.93813 0.23604 -0.25336
vn 0.94057 0.21066 -0.26638
vn 0.92791 0.25724 -0.26985
vn 0.93103 0.22830 -0.28472
vn 0.91501 0.27883 -0.29155
vn 0.91894 0.24540 -0.30875
vn 0.89763 0.29819 -0.32457
vn 0.90231 0.25887 -0.34469
vn 0.87003 0.30471 -0.38756
vn 0.87451 0.25737 -0.41109
vn 0.74040 0.12356 -0.66071
vn 0.73933 0.11459 -0.66352
vn -0.74015 0.11550 -0.66245
vn -0.73952 0.12235 -0.66192
vn -0.87757 0.26214 -0.40144
vn -0.86730 0.29859 -0.39830
vn -0.90475 0.26242 -0.33550
vn -0.89545 0.29371 -0.33453
vn -0.92107 0.24806 -0.30017
vn -0.91307 0.27549 -0.30069
vn -0.93295 0.23031 -0.27671
vn -0.92611 0.25473 -0.27827
vn -0.94232 0.21218 -0.25888
vn -0.93646 0.23414 -0.26118
vn -0.95007 0.19464 -0.24387
vn -0.94503 0.21460 -0.24672
vn -0.95669 0.17806 -0.23029
vn -0.95233 0.19629 -0.23354
vn -0.96248 0.16254 -0.21729
vn -0.95870 0.17926 -0.22082
vn -0.96764 0.14809 -0.20433
vn -0.96436 0.16347 -0.20807
vn -0.97229 0.13471 -0.19107
vn -0.96946 0.14882 -0.19492
vn -0.97652 0.12242 -0.17724
vn -0.97411 0.13529 -0.18111
vn -0.98040 0.11120 -0.16263
vn -0.97836 0.12289 -0.16644
vn -0.98395 0.10113 -0.14704
vn -0.98226 0.11158 -0.15070
vn -0.98718 0.09222 -0.13027
vn -0.98582 0.10144 -0.13370
vn -0.99009 0.08458 -0.11209
vn -0.98903 0.09246 -0.11518
vn -0.99266 0.07833 -0.09209
vn -0.99189 0.08477 -0.09473
vn -0.99485 0.07365 -0.06958
vn -0.99434 0.07848 -0.07163
vn -0.99657 0.07080 -0.04273
vn -0.99630 0.07376 -0.04402
vn -0.99750 0.07030 -0.00778
vn -0.99745 0.07087 -0.00803
vn -0.99751 0.07047 0.00148
vn -0.99752 0.07031 0.00156
vn -0.99746 0.07097 0.00581
vn -0.99750 0.07047 0.00604
vn -0.99731 0.07208 0.01300
vn -0.99739 0.07096 0.01351
vn -0.99700 0.07399 0.02280
vn -0.99712 0.07205 0.02371
vn -0.99643 0.07687 0.03488
vn -0.99660 0.07393 0.03627
vn -0.99553 0.08090 0.04878
vn -0.99576 0.07676 0.05077
vn -0.99422 0.08621 0.06399
vn -0.99451 0.08070 0.06667
vn -0.99246 0.09289 0.07994
vn -0.99281 0.08590 0.08338
vn -0.99024 0.10103 0.09599
vn -0.99066 0.09242 0.10027
vn -0.98758 0.11077 0.11147
vn -0.98808 0.10039 0.11668
vn -0.98451 0.12218 0.12572
vn -0.98515 0.10992 0.13192
vn -0.98112 0.13543 0.13807
vn -0.98194 0.12111 0.14536
vn -0.97745 0.15068 0.14793
vn -0.97854 0.13416 0.15638
vn -0.97352 0.16826 0.15474
vn -0.97502 0.14923 0.16452
vn -0.96923 0.18851 0.15828
vn -0.97133 0.16664 0.16957
vn -0.96426 0.21197 0.15896
vn -0.96723 0.18666 0.17210
vn -0.95781 0.23916 0.15940
vn -0.96206 0.20936 0.17495
vn -0.94761 0.26956 0.17136
vn -0.95364 0.23290 0.19062
vn -0.89247 0.26637 0.36406
vn -0.89574 0.20740 0.39325
vn 0.00000 -0.97570 0.21912
vn 0.00000 -0.98143 0.19183
vn 0.00000 -0.98646 0.16400
vn 0.00000 -0.98868 0.15002
vn 0.00000 -0.99070 0.13606
vn 0.00000 -0.99250 0.12222
vn 0.00000 -0.99409 0.10856
vn 0.00000 -0.99546 0.09515
vn 0.00000 -0.99662 0.08210
vn 0.00000 -0.99758 0.06948
vn 0.00000 -0.99835 0.05740
vn 0.00000 -0.99894 0.04596
vn 0.00000 -0.99938 0.03527
vn 0.00000 -0.99968 0.02547
vn 0.00000 -0.99986 0.01673
vn 0.00000 -0.99996 0.00927
vn 0.00000 -0.99999 0.00341
vn 0.00000 -0.99999 -0.00425
vn 0.00000 -0.99993 -0.01141
vn 0.00000 -0.99979 -0.02044
vn 0.00000 -0.99952 -0.03087
vn 0.00000 -0.99910 -0.04240
vn 0.00000 -0.99850 -0.05477
vn 0.00000 -0.99770 -0.06778
vn 0.00000 -0.99669 -0.08124
vn 0.00000 -0.99548 -0.09499
vn 0.00000 -0.99406 -0.10887
vn 0.00000 -0.99244 -0.12276
vn 0.00000 -0.99064 -0.13653
vn 0.00000 -0.98867 -0.15010
vn 0.00000 -0.98657 -0.16334
vn 0.00000 -0.98435 -0.17622
vn 0.00000 -0.98204 -0.18867
vn 0.00000 -0.97967 -0.20063
vn 0.00000 -0.97725 -0.21207
vn 0.00000 -0.97482 -0.22299
vn 0.89456 0.21764 0.39037
vn 0.88293 0.26504 0.38754
vn 0.95148 0.24377 0.18779
vn 0.94273 0.27498 0.18878
vn 0.96002 0.22060 0.17230
vn 0.95334 0.24652 0.17427
vn 0.96537 0.19821 0.16962
vn 0.96004 0.22062 0.17217
vn 0.96962 0.17849 0.16726
vn 0.96529 0.19813 0.17019
vn 0.97345 0.16137 0.16237
vn 0.96988 0.17868 0.16553
vn 0.97708 0.14654 0.15441
vn 0.97415 0.16179 0.15768
vn 0.98056 0.13375 0.14358
vn 0.97817 0.14708 0.14683
vn 0.98384 0.12276 0.13033
vn 0.98191 0.13432 0.13348
vn 0.98683 0.11344 0.11527
vn 0.98530 0.12329 0.11821
vn 0.98946 0.10563 0.09905
vn 0.98827 0.11389 0.10172
vn 0.99165 0.09924 0.08235
vn 0.99076 0.10597 0.08468
vn 0.99338 0.09418 0.06582
vn 0.99273 0.09949 0.06777
vn 0.99465 0.09032 0.05008
vn 0.99420 0.09435 0.05164
vn 0.99552 0.08754 0.03575
vn 0.99522 0.09042 0.03690
vn 0.99605 0.08569 0.02333
vn 0.99586 0.08760 0.02412
vn 0.99633 0.08462 0.01327
vn 0.99623 0.08571 0.01374
vn 0.99644 0.08411 0.00591
vn 0.99639 0.08463 0.00613
vn 0.99647 0.08399 0.00151
vn 0.99645 0.08412 0.00156
vn 0.99639 0.08449 -0.00802
vn 0.99643 0.08399 -0.00825
vn 0.99522 0.08724 -0.04391
vn 0.99541 0.08441 -0.04520
vn 0.99322 0.09176 -0.07140
vn 0.99348 0.08708 -0.07355
vn 0.99073 0.09777 -0.09435
vn 0.99104 0.09154 -0.09725
vn 0.98783 0.10511 -0.11464
vn 0.98819 0.09746 -0.11826
vn 0.98457 0.11370 -0.13301
vn 0.98498 0.10470 -0.13732
vn 0.98097 0.12344 -0.14985
vn 0.98144 0.11314 -0.15484
vn 0.97704 0.13426 -0.16544
vn 0.97758 0.12270 -0.17110
vn 0.97276 0.14616 -0.17995
vn 0.97341 0.13328 -0.18632
vn 0.96808 0.15911 -0.19364
vn 0.96888 0.14488 -0.20072
vn 0.96297 0.17315 -0.20668
vn 0.96394 0.15744 -0.21454
vn 0.95730 0.18829 -0.21935
vn 0.95852 0.17095 -0.22807
vn 0.95095 0.20458 -0.23202
vn 0.95248 0.18539 -0.24169
vn 0.94370 0.22207 -0.24520
vn 0.94562 0.20067 -0.25599
vn 0.93521 0.24071 -0.25969
vn 0.93764 0.21667 -0.27181
vn 0.92500 0.26021 -0.27690
vn 0.92804 0.23296 -0.29063
vn 0.91217 0.27970 -0.29953
vn 0.91592 0.24840 -0.31526
vn 0.89487 0.29635 -0.33374
vn 0.89925 0.25980 -0.35193
vn 0.86718 0.29917 -0.39811
vn 0.87124 0.25567 -0.41902
vn 0.73515 0.11333 -0.66836
vn 0.73477 0.11008 -0.66933
vn -0.73506 0.11041 -0.66895
vn -0.73483 0.11290 -0.66879
vn -0.87410 0.26003 -0.41029
vn -0.86460 0.29359 -0.40778
vn -0.90155 0.26310 -0.34349
vn -0.89278 0.29220 -0.34286
vn -0.91794 0.25090 -0.30730
vn -0.91030 0.27657 -0.30799
vn -0.92987 0.23487 -0.28314
vn -0.92327 0.25783 -0.28477
vn -0.93932 0.21813 -0.26475
vn -0.93360 0.23890 -0.26704
vn -0.94717 0.20178 -0.24931
vn -0.94220 0.22069 -0.25210
vn -0.95390 0.18622 -0.23536
vn -0.94957 0.20354 -0.23852
vn -0.95982 0.17158 -0.22206
vn -0.95603 0.18751 -0.22549
vn -0.96512 0.15790 -0.20885
vn -0.96181 0.17256 -0.21246
vn -0.96992 0.14522 -0.19536
vn -0.96705 0.15869 -0.19907
vn -0.97432 0.13353 -0.18129
vn -0.97185 0.14585 -0.18503
vn -0.97837 0.12287 -0.16645
vn -0.97626 0.13405 -0.17012
vn -0.98209 0.11326 -0.15058
vn -0.98033 0.12330 -0.15413
vn -0.98549 0.10477 -0.13352
vn -0.98406 0.11360 -0.13683
vn -0.98857 0.09751 -0.11497
vn -0.98745 0.10505 -0.11794
vn -0.99130 0.09157 -0.09453
vn -0.99047 0.09773 -0.09707
vn -0.99363 0.08710 -0.07148
vn -0.99307 0.09175 -0.07347
vn -0.99546 0.08441 -0.04394
vn -0.99516 0.08724 -0.04518
vn -0.99643 0.08399 -0.00802
vn -0.99639 0.08449 -0.00825
vn -0.99645 0.08412 0.00151
vn -0.99647 0.08399 0.00156
vn -0.99640 0.08463 0.00590
vn -0.99644 0.08411 0.00614
vn -0.99623 0.08572 0.01325
vn -0.99632 0.08462 0.01376
vn -0.99588 0.08760 0.02328
vn -0.99603 0.08569 0.02417
vn -0.99527 0.09043 0.03564
vn -0.99547 0.08754 0.03701
vn -0.99429 0.09437 0.04988
vn -0.99456 0.09030 0.05183
vn -0.99288 0.09953 0.06547
vn -0.99323 0.09415 0.06809
vn -0.99099 0.10604 0.08181
vn -0.99142 0.09919 0.08518
vn -0.98861 0.11400 0.09827
vn -0.98912 0.10554 0.10246
vn -0.98576 0.12346 0.11418
vn -0.98638 0.11331 0.11924
vn -0.98249 0.13458 0.12884
vn -0.98325 0.12256 0.13487
vn -0.97888 0.14745 0.14162
vn -0.97984 0.13346 0.14866
vn -0.97498 0.16231 0.15188
vn -0.97623 0.14613 0.16004
vn -0.97082 0.17938 0.15914
vn -0.97249 0.16081 0.16853
vn -0.96630 0.19908 0.16316
vn -0.96858 0.17773 0.17398
vn -0.96111 0.22190 0.16443
vn -0.96426 0.19720 0.17697
vn -0.95443 0.24824 0.16564
vn -0.95884 0.21925 0.18041
vn -0.94396 0.27743 0.17884
vn -0.95010 0.24186 0.19702
vn -0.88691 0.26994 0.37487
vn -0.89041 0.21393 0.40175
vn 0.00000 -0.97969 0.20054
vn 0.00000 -0.98210 0.18837
vn 0.00000 -0.98439 0.17601
vn 0.00000 -0.98655 0.16349
vn 0.00000 -0.98855 0.15088
vn 0.00000 -0.99040 0.13823
vn 0.00000 -0.99209 0.12557
vn 0.00000 -0.99360 0.11299
vn 0.00000 -0.99493 0.10055
vn 0.00000 -0.99609 0.08830
vn 0.00000 -0.99708 0.07635
vn 0.00000 -0.99790 0.06477
vn 0.00000 -0.99856 0.05363
vn 0.00000 -0.99907 0.04307
vn 0.00000 -0.99945 0.03315
vn 0.00000 -0.99971 0.02404
vn 0.00000 -0.99987 0.01586
vn 0.00000 -0.99996 0.00884
vn 0.00000 -0.99999 0.00330
vn 0.00000 -1.00000 -0.00007
vn 0.00000 -0.99999 -0.00419
vn 0.00000 -0.99994 -0.01114
vn 0.00000 -0.99980 -0.01983
vn 0.00000 -0.99955 -0.02983
vn 0.00000 -0.99917 -0.04080
vn 0.00000 -0.99862 -0.05254
vn 0.00000 -0.99790 -0.06482
vn 0.00000 -0.99699 -0.07747
vn 0.00000 -0.99591 -0.09034
vn 0.00000 -0.99465 -0.10328
vn 0.00000 -0.99323 -0.11617
vn 0.00000 -0.99166 -0.12890
vn 0.00000 -0.98995 -0.14138
vn 0.00000 -0.98814 -0.15353
vn 0.00000 -0.98625 -0.16528
vn 0.00000 -0.98428 -0.17660
vn 0.00000 -0.98228 -0.18742
vn 0.00000 -0.98025 -0.19775
vn 0.00000 -0.97823 -0.20754
vn 0.88926 0.22313 0.39929
vn 0.87768 0.26817 0.39719
vn 0.94804 0.25170 0.19460
vn 0.93920 0.28192 0.19602
vn 0.95689 0.22938 0.17815
vn 0.95006 0.25462 0.18043
vn 0.96245 0.20764 0.17485
vn 0.95697 0.22947 0.17762
vn 0.96690 0.18846 0.17200
vn 0.96242 0.20761 0.17507
vn 0.97093 0.17179 0.16669
vn 0.96722 0.18870 0.16995
vn 0.97476 0.15736 0.15835
vn 0.97170 0.17225 0.16167
vn 0.97845 0.14491 0.14712
vn 0.97592 0.15795 0.15041
vn 0.98192 0.13424 0.13349
vn 0.97987 0.14553 0.13665
vn 0.98509 0.12514 0.11802
vn 0.98346 0.13480 0.12098
vn 0.98788 0.11755 0.10140
vn 0.98661 0.12562 0.10406
vn 0.99021 0.11131 0.08428
vn 0.98924 0.11793 0.08661
vn 0.99204 0.10637 0.06735
vn 0.99134 0.11158 0.06929
vn 0.99340 0.10259 0.05124
vn 0.99290 0.10656 0.05279
vn 0.99433 0.09986 0.03656
vn 0.99400 0.10270 0.03771
vn 0.99489 0.09806 0.02385
vn 0.99469 0.09992 0.02463
vn 0.99519 0.09700 0.01354
vn 0.99508 0.09809 0.01401
vn 0.99531 0.09650 0.00602
vn 0.99526 0.09701 0.00624
vn 0.99534 0.09637 0.00152
vn 0.99533 0.09650 0.00158
vn 0.99526 0.09685 -0.00824
vn 0.99531 0.09637 -0.00845
vn 0.99402 0.09948 -0.04507
vn 0.99423 0.09675 -0.04632
vn 0.99190 0.10379 -0.07325
vn 0.99220 0.09929 -0.07533
vn 0.98927 0.10954 -0.09672
vn 0.98963 0.10353 -0.09954
vn 0.98621 0.11656 -0.11745
vn 0.98663 0.10919 -0.12096
vn 0.98280 0.12475 -0.13619
vn 0.98327 0.11610 -0.14035
vn 0.97904 0.13403 -0.15335
vn 0.97958 0.12415 -0.15816
vn 0.97495 0.14437 -0.16921
vn 0.97557 0.13324 -0.17467
vn 0.97052 0.15570 -0.18399
vn 0.97124 0.14335 -0.19009
vn 0.96571 0.16803 -0.19792
vn 0.96657 0.15437 -0.20470
vn 0.96047 0.18134 -0.21123
vn 0.96151 0.16631 -0.21870
vn 0.95470 0.19568 -0.22419
vn 0.95598 0.17910 -0.23244
vn 0.94826 0.21108 -0.23717
vn 0.94983 0.19274 -0.24630
vn 0.94094 0.22748 -0.25075
vn 0.94289 0.20715 -0.26086
vn 0.93243 0.24485 -0.26574
vn 0.93485 0.22208 -0.27702
vn 0.92223 0.26285 -0.28356
vn 0.92521 0.23712 -0.29626
vn 0.90946 0.28045 -0.30697
vn 0.91306 0.25108 -0.32138
vn 0.89224 0.29468 -0.34215
vn 0.89636 0.26064 -0.35863
vn 0.86448 0.29415 -0.40760
vn 0.86819 0.25417 -0.42619
vn 0.73056 0.10453 -0.67480
vn 0.73076 0.10621 -0.67432
vn -0.73061 0.10604 -0.67452
vn -0.73073 0.10475 -0.67458
vn -0.87085 0.25815 -0.41830
vn -0.86205 0.28906 -0.41631
vn -0.89853 0.26370 -0.35087
vn -0.89025 0.29083 -0.35052
vn -0.91498 0.25342 -0.31399
vn -0.90767 0.27753 -0.31482
vn -0.92696 0.23892 -0.28924
vn -0.92057 0.26060 -0.29091
vn -0.93646 0.22347 -0.27037
vn -0.93089 0.24313 -0.27265
vn -0.94438 0.20821 -0.25454
vn -0.93950 0.22616 -0.25727
vn -0.95121 0.19355 -0.24028
vn -0.94692 0.21007 -0.24336
vn -0.95724 0.17971 -0.22671
vn -0.95346 0.19491 -0.23004
vn -0.96266 0.16677 -0.21327
vn -0.95934 0.18076 -0.21675
vn -0.96760 0.15471 -0.19955
vn -0.96470 0.16761 -0.20314
vn -0.97214 0.14359 -0.18526
vn -0.96963 0.15540 -0.18887
vn -0.97634 0.13341 -0.17018
vn -0.97419 0.14415 -0.17373
vn -0.98022 0.12427 -0.15406
vn -0.97841 0.13388 -0.15747
vn -0.98378 0.11618 -0.13668
vn -0.98229 0.12466 -0.13987
vn -0.98701 0.10924 -0.11777
vn -0.98584 0.11650 -0.12064
vn -0.98989 0.10356 -0.09690
vn -0.98901 0.10951 -0.09937
vn -0.99235 0.09931 -0.07333
vn -0.99175 0.10377 -0.07525
vn -0.99429 0.09676 -0.04510
vn -0.99396 0.09947 -0.04630
vn -0.99531 0.09637 -0.00824
vn -0.99526 0.09685 -0.00845
vn -0.99533 0.09650 0.00152
vn -0.99534 0.09637 0.00158
vn -0.99527 0.09701 0.00602
vn -0.99531 0.09650 0.00625
vn -0.99509 0.09809 0.01352
vn -0.99519 0.09700 0.01403
vn -0.99471 0.09993 0.02380
vn -0.99487 0.09806 0.02468
vn -0.99404 0.10271 0.03645
vn -0.99428 0.09986 0.03781
vn -0.99299 0.10658 0.05104
vn -0.99331 0.10257 0.05297
vn -0.99149 0.11162 0.06703
vn -0.99189 0.10634 0.06959
vn -0.98947 0.11800 0.08378
vn -0.98997 0.11126 0.08708
vn -0.98694 0.12573 0.10067
vn -0.98754 0.11746 0.10475
vn -0.98392 0.13498 0.11700
vn -0.98463 0.12500 0.12194
vn -0.98046 0.14578 0.13210
vn -0.98133 0.13403 0.13794
vn -0.97664 0.15832 0.14529
vn -0.97773 0.14462 0.15211
vn -0.97253 0.17277 0.15599
vn -0.97392 0.15695 0.16386
vn -0.96816 0.18940 0.16369
vn -0.96997 0.17122 0.17273
vn -0.96344 0.20856 0.16821
vn -0.96586 0.18771 0.17857
vn -0.95804 0.23073 0.17006
vn -0.96134 0.20664 0.18202
vn -0.95116 0.25632 0.17202
vn -0.95571 0.22804 0.18606
vn -0.94044 0.28432 0.18640
vn -0.94666 0.24982 0.20354
vn -0.88155 0.27288 0.38525
vn -0.88525 0.21955 0.41004
vn 0.00000 -0.98330 0.18199
vn 0.00000 -0.98524 0.17119
vn 0.00000 -0.98709 0.16019
vn 0.00000 -0.98883 0.14905
vn 0.00000 -0.99046 0.13778
vn 0.00000 -0.99197 0.12644
vn 0.00000 -0.99336 0.11509
vn 0.00000 -0.99460 0.10376
vn 0.00000 -0.99571 0.09252
vn 0.00000 -0.99668 0.08144
vn 0.00000 -0.99751 0.07060
vn 0.00000 -0.99820 0.06004
vn 0.00000 -0.99876 0.04986
vn 0.00000 -0.99919 0.04017
vn 0.00000 -0.99952 0.03104
vn 0.00000 -0.99974 0.02260
vn 0.00000 -0.99989 0.01499
vn 0.00000 -0.99996 0.00841
vn 0.00000 -0.99999 0.00317
vn 0.00000 -0.99999 -0.00413
vn 0.00000 -0.99994 -0.01085
vn 0.00000 -0.99982 -0.01922
vn 0.00000 -0.99923 -0.03921
vn 0.00000 -0.99873 -0.05030
vn 0.00000 -0.99809 -0.06185
vn 0.00000 -0.99632 -0.08571
vn 0.00000 -0.99521 -0.09771
vn 0.00000 -0.99397 -0.10963
vn 0.00000 -0.99261 -0.12134
vn 0.00000 -0.99115 -0.13277
vn 0.00000 -0.98960 -0.14383
vn 0.00000 -0.98799 -0.15450
vn 0.00000 -0.98634 -0.16472
vn 0.00000 -0.98466 -0.17446
vn 0.00000 -0.98299 -0.18368
vn 0.00000 -0.98132 -0.19241
vn 0.88411 0.22792 0.40792
vn 0.87262 0.27079 0.40646
vn 0.94470 0.25873 0.20149
vn 0.93578 0.28806 0.20330
vn 0.95384 0.23726 0.18413
vn 0.94689 0.26182 0.18669
vn 0.95958 0.21616 0.18020
vn 0.95398 0.23743 0.18316
vn 0.96422 0.19746 0.17686
vn 0.95960 0.21618 0.18008
vn 0.96843 0.18123 0.17115
vn 0.96460 0.19774 0.17449
vn 0.97246 0.16719 0.16240
vn 0.96927 0.18174 0.16578
vn 0.97633 0.15505 0.15078
vn 0.97370 0.16782 0.15411
vn 0.97999 0.14464 0.13675
vn 0.97784 0.15571 0.13993
vn 0.98333 0.13580 0.12088
vn 0.98161 0.14525 0.12384
vn 0.98627 0.12838 0.10383
vn 0.98492 0.13631 0.10650
vn 0.98873 0.12231 0.08630
vn 0.98770 0.12879 0.08862
vn 0.99068 0.11747 0.06895
vn 0.98992 0.12261 0.07089
vn 0.99212 0.11379 0.05245
vn 0.99158 0.11768 0.05399
vn 0.99310 0.11111 0.03741
vn 0.99274 0.11391 0.03856
vn 0.99371 0.10933 0.02439
vn 0.99348 0.11118 0.02517
vn 0.99402 0.10829 0.01384
vn 0.99390 0.10936 0.01431
vn 0.99415 0.10781 0.00614
vn 0.99410 0.10830 0.00636
vn 0.99418 0.10768 0.00154
vn 0.99417 0.10781 0.00160
vn 0.99410 0.10815 -0.00844
vn 0.99415 0.10767 -0.00866
vn 0.99278 0.11066 -0.04620
vn 0.99302 0.10803 -0.04741
vn 0.99055 0.11477 -0.07503
vn 0.99089 0.11044 -0.07705
vn 0.98779 0.12024 -0.09903
vn 0.98820 0.11447 -0.10176
vn 0.98460 0.12695 -0.12019
vn 0.98507 0.11985 -0.12359
vn 0.98103 0.13480 -0.13929
vn 0.98156 0.12645 -0.14333
vn 0.97713 0.14370 -0.15676
vn 0.97773 0.13415 -0.16141
vn 0.97290 0.15354 -0.17291
vn 0.97358 0.14286 -0.17815
vn 0.96833 0.16437 -0.18794
vn 0.96912 0.15247 -0.19380
vn 0.96340 0.17612 -0.20211
vn 0.96432 0.16300 -0.20859
vn 0.95805 0.18879 -0.21565
vn 0.95915 0.17435 -0.22278
vn 0.95218 0.20240 -0.22887
vn 0.95351 0.18652 -0.23671
vn 0.94567 0.21694 -0.24216
vn 0.94728 0.19943 -0.25077
vn 0.93831 0.23237 -0.25608
vn 0.94027 0.21299 -0.26557
vn 0.92978 0.24859 -0.27149
vn 0.93218 0.22696 -0.28202
vn 0.91961 0.26517 -0.28985
vn 0.92251 0.24087 -0.30159
vn 0.90689 0.28108 -0.31391
vn 0.91035 0.25344 -0.32715
vn 0.88975 0.29315 -0.34988
vn 0.89363 0.26135 -0.36485
vn 0.86192 0.28970 -0.41613
vn 0.86535 0.25283 -0.43271
vn 0.72657 0.09700 -0.68021
vn 0.72724 0.10297 -0.67861
vn -0.72670 0.10239 -0.67928
vn -0.72716 0.09776 -0.67947
vn -0.86782 0.25648 -0.42555
vn -0.85963 0.28505 -0.42401
vn -0.89569 0.26420 -0.35769
vn -0.88785 0.28957 -0.35759
vn -0.91218 0.25564 -0.32026
vn -0.90518 0.27833 -0.32121
vn -0.92418 0.24258 -0.29503
vn -0.91802 0.26304 -0.29673
vn -0.93373 0.22829 -0.27575
vn -0.92829 0.24694 -0.27801
vn -0.94171 0.21401 -0.25958
vn -0.93692 0.23110 -0.26226
vn -0.94861 0.20022 -0.24504
vn -0.94437 0.21596 -0.24804
vn -0.95473 0.18712 -0.23123
vn -0.95098 0.20166 -0.23446
vn -0.96026 0.17481 -0.21756
vn -0.95695 0.18823 -0.22095
vn -0.96532 0.16333 -0.20365
vn -0.96241 0.17570 -0.20712
vn -0.97000 0.15271 -0.18915
vn -0.96746 0.16406 -0.19264
vn -0.97433 0.14303 -0.17383
vn -0.97215 0.15332 -0.17726
vn -0.97836 0.13428 -0.15744
vn -0.97650 0.14355 -0.16075
vn -0.98207 0.12653 -0.13977
vn -0.98053 0.13470 -0.14286
vn -0.98545 0.11991 -0.12050
vn -0.98423 0.12689 -0.12328
vn -0.98846 0.11450 -0.09921
vn -0.98754 0.12020 -0.10159
vn -0.99104 0.11046 -0.07512
vn -0.99041 0.11475 -0.07697
vn -0.99307 0.10804 -0.04622
vn -0.99273 0.11065 -0.04738
vn -0.99415 0.10767 -0.00844
vn -0.99410 0.10815 -0.00866
vn -0.99417 0.10781 0.00154
vn -0.99418 0.10768 0.00160
vn -0.99410 0.10830 0.00614
vn -0.99415 0.10781 0.00637
vn -0.99391 0.10936 0.01383
vn -0.99402 0.10829 0.01433
vn -0.99350 0.11119 0.02434
vn -0.99369 0.10933 0.02522
vn -0.99279 0.11392 0.03731
vn -0.99306 0.11111 0.03865
vn -0.99167 0.11770 0.05227
vn -0.99203 0.11377 0.05416
vn -0.99007 0.12265 0.06864
vn -0.99053 0.11744 0.07117
vn -0.98794 0.12886 0.08583
vn -0.98849 0.12225 0.08906
vn -0.98527 0.13643 0.10314
vn -0.98593 0.12829 0.10714
vn -0.98207 0.14543 0.11993
vn -0.98287 0.13566 0.12473
vn -0.97843 0.15597 0.13546
vn -0.97940 0.14443 0.14113
vn -0.97442 0.16819 0.14909
vn -0.97561 0.15475 0.15569
vn -0.97011 0.18226 0.16022
vn -0.97161 0.16677 0.16781
vn -0.96554 0.19844 0.16837
vn -0.96748 0.18067 0.17705
vn -0.96063 0.21712 0.17337
vn -0.96318 0.19671 0.18330
vn -0.95505 0.23868 0.17580
vn -0.95847 0.21516 0.18720
vn -0.94800 0.26350 0.17851
vn -0.95265 0.23594 0.19183
vn -0.93703 0.29041 0.19398
vn -0.94332 0.25688 0.21016
vn -0.87637 0.27530 0.39520
vn -0.88024 0.22447 0.41808
vn 0.00000 -0.98654 0.16350
vn 0.00000 -0.98806 0.15406
vn 0.00000 -0.98952 0.14443
vn 0.00000 -0.99089 0.13464
vn 0.00000 -0.99219 0.12470
vn 0.00000 -0.99340 0.11468
vn 0.00000 -0.99451 0.10461
vn 0.00000 -0.99552 0.09454
vn 0.00000 -0.99642 0.08451
vn 0.00000 -0.99722 0.07458
vn 0.00000 -0.99790 0.06483
vn 0.00000 -0.99847 0.05530
vn 0.00000 -0.99894 0.04608
vn 0.00000 -0.99931 0.03726
vn 0.00000 -0.99958 0.02891
vn 0.00000 -0.99978 0.02115
vn 0.00000 -0.99990 0.01412
vn 0.00000 -0.99997 0.00798
vn 0.00000 -1.00000 0.00305
vn 0.00000 -1.00000 -0.00008
vn 0.00000 -0.99999 -0.00406
vn 0.00000 -0.99994 -0.01058
vn 0.00000 -0.99983 -0.01862
vn 0.00000 -0.99962 -0.02772
vn 0.00000 -0.99929 -0.03761
vn 0.00000 -0.99884 -0.04806
vn 0.00000 -0.99826 -0.05890
vn 0.00000 -0.99755 -0.06996
vn 0.00000 -0.99671 -0.08109
vn 0.00000 -0.99574 -0.09219
vn 0.00000 -0.99467 -0.10313
vn 0.00000 -0.99350 -0.11384
vn 0.00000 -0.99225 -0.12425
vn 0.00000 -0.99094 -0.13427
vn 0.00000 -0.98959 -0.14389
vn 0.00000 -0.98822 -0.15304
vn 0.00000 -0.98684 -0.16172
vn 0.00000 -0.98546 -0.16991
vn 0.00000 -0.98410 -0.17760
vn 0.87913 0.23211 0.41624
vn 0.86773 0.27298 0.41537
vn 0.94145 0.26505 0.20839
vn 0.93247 0.29353 0.21057
vn 0.95085 0.24438 0.19017
vn 0.94380 0.26832 0.19299
vn 0.95678 0.22383 0.18565
vn 0.95106 0.24462 0.18880
vn 0.96159 0.20562 0.18184
vn 0.95686 0.22389 0.18518
vn 0.96597 0.18980 0.17569
vn 0.96203 0.20594 0.17913
vn 0.97018 0.17612 0.16655
vn 0.96689 0.19036 0.16999
vn 0.97423 0.16430 0.15454
vn 0.97150 0.17679 0.15790
vn 0.97806 0.15416 0.14010
vn 0.97583 0.16500 0.14330
vn 0.98157 0.14554 0.12381
vn 0.97978 0.15481 0.12678
vn 0.98467 0.13829 0.10634
vn 0.98325 0.14609 0.10901
vn 0.98725 0.13238 0.08838
vn 0.98617 0.13873 0.09069
vn 0.98930 0.12765 0.07061
vn 0.98850 0.13270 0.07254
vn 0.99082 0.12403 0.05371
vn 0.99025 0.12786 0.05524
vn 0.99186 0.12141 0.03831
vn 0.99148 0.12417 0.03945
vn 0.99250 0.11966 0.02497
vn 0.99226 0.12148 0.02574
vn 0.99284 0.11865 0.01416
vn 0.99270 0.11970 0.01463
vn 0.99297 0.11816 0.00628
vn 0.99291 0.11866 0.00650
vn 0.99301 0.11803 0.00157
vn 0.99299 0.11816 0.00163
vn 0.99292 0.11848 -0.00865
vn 0.99297 0.11802 -0.00886
vn 0.99154 0.12088 -0.04728
vn 0.99179 0.11834 -0.04846
vn 0.98921 0.12480 -0.07677
vn 0.98957 0.12064 -0.07873
vn 0.98632 0.13006 -0.10128
vn 0.98677 0.12447 -0.10393
vn 0.98299 0.13649 -0.12286
vn 0.98350 0.12963 -0.12616
vn 0.97929 0.14398 -0.14233
vn 0.97987 0.13594 -0.14623
vn 0.97525 0.15250 -0.16010
vn 0.97590 0.14329 -0.16460
vn 0.97088 0.16196 -0.17651
vn 0.97162 0.15162 -0.18158
vn 0.96619 0.17230 -0.19180
vn 0.96703 0.16084 -0.19743
vn 0.96115 0.18351 -0.20620
vn 0.96213 0.17088 -0.21240
vn 0.95570 0.19558 -0.21996
vn 0.95685 0.18170 -0.22677
vn 0.94976 0.20850 -0.23342
vn 0.95112 0.19327 -0.24086
vn 0.94319 0.22225 -0.24698
vn 0.94482 0.20550 -0.25511
vn 0.93579 0.23681 -0.26120
vn 0.93775 0.21828 -0.27013
vn 0.92725 0.25196 -0.27698
vn 0.92962 0.23139 -0.28682
vn 0.91709 0.26731 -0.29578
vn 0.91994 0.24426 -0.30669
vn 0.90444 0.28167 -0.32039
vn 0.90778 0.25563 -0.33256
vn 0.88738 0.29173 -0.35702
vn 0.89106 0.26204 -0.37061
vn 0.85951 0.28567 -0.42383
vn 0.86271 0.25164 -0.43865
vn 0.72310 0.09047 -0.68479
vn 0.72416 0.10021 -0.68231
vn -0.72329 0.09928 -0.68337
vn -0.72406 0.09170 -0.68362
vn -0.86500 0.25499 -0.43215
vn -0.85736 0.28142 -0.43097
vn -0.89299 0.26469 -0.36401
vn -0.88558 0.28841 -0.36410
vn -0.90951 0.25771 -0.32615
vn -0.90281 0.27908 -0.32719
vn -0.92154 0.24589 -0.30051
vn -0.91557 0.26530 -0.30224
vn -0.93111 0.23266 -0.28089
vn -0.92582 0.25039 -0.28313
vn -0.93915 0.21927 -0.26443
vn -0.93444 0.23559 -0.26707
vn -0.94611 0.20627 -0.24965
vn -0.94193 0.22131 -0.25257
vn -0.95231 0.19386 -0.23563
vn -0.94859 0.20777 -0.23876
vn -0.95794 0.18215 -0.22176
vn -0.95463 0.19503 -0.22505
vn -0.96310 0.17121 -0.20765
vn -0.96018 0.18309 -0.21101
vn -0.96790 0.16108 -0.19294
vn -0.96534 0.17199 -0.19632
vn -0.97236 0.15180 -0.17739
vn -0.97014 0.16174 -0.18072
vn -0.97652 0.14341 -0.16076
vn -0.97463 0.15235 -0.16397
vn -0.98036 0.13603 -0.14279
vn -0.97880 0.14388 -0.14578
vn -0.98388 0.12968 -0.12316
vn -0.98262 0.13642 -0.12586
vn -0.98702 0.12450 -0.10145
vn -0.98607 0.13002 -0.10376
vn -0.98972 0.12065 -0.07685
vn -0.98906 0.12478 -0.07864
vn -0.99184 0.11835 -0.04731
vn -0.99149 0.12088 -0.04844
vn -0.99297 0.11802 -0.00865
vn -0.99292 0.11848 -0.00886
vn -0.99299 0.11816 0.00157
vn -0.99301 0.11803 0.00163
vn -0.99292 0.11866 0.00627
vn -0.99297 0.11816 0.00650
vn -0.99271 0.11970 0.01415
vn -0.99283 0.11864 0.01464
vn -0.99228 0.12148 0.02492
vn -0.99248 0.11966 0.02579
vn -0.99152 0.12418 0.03821
vn -0.99182 0.12140 0.03954
vn -0.99034 0.12789 0.05354
vn -0.99073 0.12401 0.05540
vn -0.98865 0.13275 0.07032
vn -0.98915 0.12761 0.07281
vn -0.98641 0.13881 0.08794
vn -0.98701 0.13232 0.09110
vn -0.98359 0.14621 0.10570
vn -0.98432 0.13820 0.10961
vn -0.98024 0.15499 0.12292
vn -0.98111 0.14539 0.12761
vn -0.97642 0.16526 0.13890
vn -0.97747 0.15394 0.14441
vn -0.97222 0.17717 0.15297
vn -0.97351 0.16399 0.15936
vn -0.96773 0.19088 0.16453
vn -0.96933 0.17569 0.17185
vn -0.96297 0.20665 0.17313
vn -0.96502 0.18924 0.18148
vn -0.95789 0.22483 0.17862
vn -0.96054 0.20487 0.18813
vn -0.95214 0.24586 0.18160
vn -0.95566 0.22283 0.19250
vn -0.94492 0.26997 0.18503
vn -0.94965 0.24306 0.19768
vn -0.93374 0.29583 0.20155
vn -0.94006 0.26324 0.21680
vn -0.87137 0.27731 0.40474
vn -0.87538 0.22879 0.42587
vn 0.00000 0.98942 -0.14510
vn 0.00000 0.99057 -0.13701
vn 0.00000 0.99168 -0.12873
vn 0.00000 0.99274 -0.12027
vn 0.00000 0.99374 -0.11167
vn 0.00000 0.99469 -0.10295
vn 0.00000 0.99556 -0.09416
vn 0.00000 0.99635 -0.08532
vn 0.00000 0.99707 -0.07649
vn 0.00000 0.99770 -0.06772
vn 0.00000 0.99825 -0.05905
vn 0.00000 0.99872 -0.05056
vn 0.00000 0.99910 -0.04230
vn 0.00000 0.99941 -0.03435
vn 0.00000 0.99964 -0.02678
vn 0.00000 0.99981 -0.01970
vn 0.00000 0.99991 -0.01324
vn 0.00000 0.99997 -0.00755
vn 0.00000 1.00000 -0.00292
vn 0.00000 1.00000 0.00008
vn 0.00000 0.99999 0.00399
vn 0.00000 0.99995 0.01030
vn 0.00000 0.99984 0.01800
vn 0.00000 0.99964 0.02666
vn 0.00000 0.99935 0.03600
vn 0.00000 0.99895 0.04582
vn 0.00000 0.99843 0.05594
vn 0.00000 0.99781 0.06622
vn 0.00000 0.99707 0.07650
vn 0.00000 0.99624 0.08669
vn 0.00000 0.99531 0.09670
vn 0.00000 0.99432 0.10643
vn 0.00000 0.99327 0.11583
vn 0.00000 0.99218 0.12485
vn 0.00000 0.99106 0.13343
vn 0.00000 0.98993 0.14157
vn 0.00000 0.98880 0.14923
vn 0.00000 0.98769 0.15642
vn 0.00000 0.98661 0.16312
vn -0.78310 0.39039 -0.48409
vn -0.78719 0.39760 -0.47144
vn -0.87345 0.37292 -0.31306
vn -0.87634 0.38514 -0.28932
vn -0.88940 0.36123 -0.28015
vn -0.89055 0.37106 -0.26314
vn -0.89823 0.35331 -0.26145
vn -0.89855 0.36066 -0.25007
vn -0.90466 0.34802 -0.24589
vn -0.90460 0.35326 -0.23855
vn -0.91006 0.34470 -0.23016
vn -0.90985 0.34825 -0.22561
vn -0.91488 0.34285 -0.21316
vn -0.91465 0.34512 -0.21048
vn -0.91930 0.34208 -0.19458
vn -0.91912 0.34341 -0.19312
vn -0.92333 0.34204 -0.17455
vn -0.92321 0.34273 -0.17384
vn -0.92692 0.34247 -0.15339
vn -0.92687 0.34274 -0.15314
vn -0.93002 0.34314 -0.13160
vn -0.93001 0.34316 -0.13159
vn -0.93258 0.34387 -0.10973
vn -0.93261 0.34378 -0.10981
vn -0.93460 0.34454 -0.08839
vn -0.93464 0.34442 -0.08848
vn -0.93610 0.34505 -0.06817
vn -0.93613 0.34497 -0.06823
vn -0.93714 0.34540 -0.04966
vn -0.93715 0.34537 -0.04969
vn -0.93779 0.34558 -0.03342
vn -0.93779 0.34560 -0.03341
vn -0.93816 0.34564 -0.01994
vn -0.93814 0.34569 -0.01990
vn -0.93832 0.34563 -0.00964
vn -0.93830 0.34569 -0.00960
vn -0.93838 0.34560 -0.00290
vn -0.93836 0.34564 -0.00287
vn -0.93849 0.34520 0.00813
vn -0.93835 0.34559 0.00841
vn -0.93827 0.34280 0.04622
vn -0.93746 0.34482 0.04763
vn -0.93764 0.33897 0.07701
vn -0.93632 0.34210 0.07919
vn -0.93676 0.33416 0.10396
vn -0.93506 0.33806 0.10670
vn -0.93564 0.32864 0.12874
vn -0.93362 0.33310 0.13192
vn -0.93425 0.32262 0.15197
vn -0.93197 0.32748 0.15553
vn -0.93256 0.31632 0.17401
vn -0.93008 0.32141 0.17788
vn -0.93054 0.30992 0.19504
vn -0.92792 0.31512 0.19918
vn -0.92815 0.30361 0.21530
vn -0.92542 0.30879 0.21964
vn -0.92533 0.29756 0.23499
vn -0.92255 0.30261 0.23946
vn -0.92199 0.29194 0.25437
vn -0.91920 0.29675 0.25886
vn -0.91799 0.28695 0.27377
vn -0.91526 0.29142 0.27816
vn -0.91313 0.28281 0.29363
vn -0.91054 0.28681 0.29776
vn -0.90709 0.27975 0.31453
vn -0.90474 0.28319 0.31820
vn -0.89935 0.27814 0.33734
vn -0.89738 0.28087 0.34032
vn -0.88906 0.27847 0.36335
vn -0.88764 0.28033 0.36539
vn -0.87453 0.28159 0.39484
vn -0.87387 0.28240 0.39572
vn -0.85209 0.28916 0.43628
vn -0.85237 0.28883 0.43594
vn -0.81066 0.30553 0.49948
vn -0.81173 0.30439 0.49843
vn -0.73239 0.32041 0.60078
vn -0.70655 0.34511 0.61781
vn 0.00000 0.47059 0.88235
vn 0.72755 0.33836 0.59681
vn 0.71192 0.33048 0.61964
vn 0.81089 0.30467 0.49963
vn 0.81146 0.30515 0.49840
vn 0.85216 0.28890 0.43631
vn 0.85229 0.28908 0.43594
vn 0.87434 0.28229 0.39476
vn 0.87409 0.28175 0.39571
vn 0.88861 0.28016 0.36317
vn 0.88816 0.27872 0.36537
vn 0.89865 0.28074 0.33707
vn 0.89817 0.27838 0.34027
vn 0.90615 0.28314 0.31421
vn 0.90577 0.27992 0.31815
vn 0.91198 0.28685 0.29326
vn 0.91178 0.28288 0.29770
vn 0.91666 0.29154 0.27337
vn 0.91669 0.28694 0.27812
vn 0.92051 0.29693 0.25396
vn 0.92077 0.29186 0.25883
vn 0.92373 0.30282 0.23458
vn 0.92423 0.29742 0.23945
vn 0.92646 0.30902 0.21491
vn 0.92718 0.30344 0.21966
vn 0.92879 0.31535 0.19468
vn 0.92971 0.30974 0.19923
vn 0.93080 0.32162 0.17368
vn 0.93187 0.31614 0.17796
vn 0.93254 0.32766 0.15170
vn 0.93370 0.32247 0.15562
vn 0.93404 0.33324 0.12852
vn 0.93523 0.32851 0.13201
vn 0.93535 0.33816 0.10380
vn 0.93648 0.33407 0.10678
vn 0.93649 0.34216 0.07692
vn 0.93747 0.33891 0.07925
vn 0.93752 0.34484 0.04618
vn 0.93821 0.34278 0.04766
vn 0.93835 0.34559 0.00813
vn 0.93849 0.34520 0.00841
vn 0.93836 0.34564 -0.00290
vn 0.93838 0.34560 -0.00287
vn 0.93830 0.34569 -0.00964
vn 0.93832 0.34563 -0.00960
vn 0.93814 0.34569 -0.01994
vn 0.93816 0.34564 -0.01990
vn 0.93779 0.34560 -0.03342
vn 0.93779 0.34558 -0.03340
vn 0.93715 0.34537 -0.04967
vn 0.93714 0.34540 -0.04969
vn 0.93613 0.34497 -0.06817
vn 0.93610 0.34505 -0.06824
vn 0.93464 0.34442 -0.08839
vn 0.93459 0.34453 -0.08849
vn 0.93262 0.34378 -0.10973
vn 0.93257 0.34387 -0.10981
vn 0.93001 0.34316 -0.13160
vn 0.93002 0.34314 -0.13159
vn 0.92683 0.34273 -0.15338
vn 0.92696 0.34248 -0.15313
vn 0.92309 0.34271 -0.17450
vn 0.92346 0.34207 -0.17383
vn 0.91884 0.34337 -0.19448
vn 0.91960 0.34213 -0.19310
vn 0.91409 0.34507 -0.21298
vn 0.91548 0.34294 -0.21044
vn 0.90880 0.34822 -0.22985
vn 0.91117 0.34481 -0.22554
vn 0.90276 0.35330 -0.24538
vn 0.90662 0.34812 -0.23842
vn 0.89544 0.36090 -0.26063
vn 0.90152 0.35331 -0.24986
vn 0.88544 0.37175 -0.27890
vn 0.89478 0.36095 -0.26285
vn 0.86817 0.38658 -0.31117
vn 0.88202 0.37215 -0.28905
vn 0.78032 0.39801 -0.48238
vn 0.79031 0.39061 -0.47205
vn 0.00000 0.24923 -0.96844
vn 0.83384 0.00000 0.55200
vn -0.83384 0.00000 -0.55200
vn 0.00000 1.00000 0.00000
vn -0.83384 0.00000 0.55200
vn 0.83384 0.00000 -0.55200
vn 0.95269 0.00000 0.30395
vn -0.95269 0.00000 -0.30395
vn -0.95269 0.00000 0.30395
vn 0.95269 0.00000 -0.30395
vn 0.96563 0.00000 0.25994
vn -0.96563 0.00000 -0.25994
vn -0.96563 0.00000 0.25994
vn 0.96563 0.00000 -0.25994
vn 0.97028 0.00000 0.24198
vn -0.97028 0.00000 -0.24198
vn -0.97028 0.00000 0.24198
vn 0.97028 0.00000 -0.24198
vn 0.97257 0.00000 0.23261
vn -0.97257 0.00000 -0.23261
vn -0.97257 0.00000 0.23261
vn 0.97257 0.00000 -0.23261
vn 0.97404 0.00000 0.22638
vn -0.97404 0.00000 -0.22638
vn -0.97404 0.00000 0.22638
vn 0.97404 0.00000 -0.22638
vn 0.97524 0.00000 0.22114
vn -0.97524 0.00000 -0.22114
vn -0.97524 0.00000 0.22114
vn 0.97524 0.00000 -0.22114
vn 0.97644 0.00000 0.21581
vn -0.97644 0.00000 -0.21581
vn -0.97644 0.00000 0.21581
vn 0.97644 0.00000 -0.21581
vn 0.97771 0.00000 0.20995
vn -0.97771 0.00000 -0.20995
vn -0.97771 0.00000 0.20995
vn 0.97771 0.00000 -0.20995
vn 0.97911 0.00000 0.20335
vn -0.97911 0.00000 -0.20335
vn -0.97911 0.00000 0.20335
vn 0.97911 0.00000 -0.20335
vn 0.98062 0.00000 0.19590
vn -0.98062 0.00000 -0.19590
vn -0.98062 0.00000 0.19590
vn 0.98062 0.00000 -0.19590
vn 0.98225 0.00000 0.18759
vn -0.98225 0.00000 -0.18759
vn -0.98225 0.00000 0.18759
vn 0.98225 0.00000 -0.18759
vn 1.00000 0.00000 0.00000
vn -1.00000 0.00000 0.00000
vn 0.00000 0.00000 -1.00000
vn 0.00000 0.00000 1.00000
vn 0.74406 0.00000 0.66811
vn -0.74406 0.00000 -0.66811
vn -0.74406 0.00000 0.66811
vn 0.74406 0.00000 -0.66811
vn 0.92038 0.00000 0.39103
vn -0.92038 0.00000 -0.39103
vn -0.92038 0.00000 0.39103
vn 0.92038 0.00000 -0.39103
vn 0.94704 0.00000 0.32111
vn -0.94704 0.00000 -0.32111
vn -0.94704 0.00000 0.32111
vn 0.94704 0.00000 -0.32111
vn 0.95811 0.00000 0.28640
vn -0.95811 0.00000 -0.28640
vn -0.95811 0.00000 0.28640
vn 0.95811 0.00000 -0.28640
vn 0.96390 0.00000 0.26627
vn -0.96390 0.00000 -0.26627
vn -0.96390 0.00000 0.26627
vn 0.96390 0.00000 -0.26627
vn 0.96733 0.00000 0.25353
vn -0.96733 0.00000 -0.25353
vn -0.96733 0.00000 0.25353
vn 0.96733 0.00000 -0.25353
vn 0.96952 0.00000 0.24502
vn -0.96952 0.00000 -0.24502
vn -0.96952 0.00000 0.24502
vn 0.96952 0.00000 -0.24502
vn 0.97104 0.00000 0.23892
vn -0.97104 0.00000 -0.23892
vn -0.97104 0.00000 0.23892
vn 0.97104 0.00000 -0.23892
vn 0.97214 0.00000 0.23441
vn -0.97214 0.00000 -0.23441
vn -0.97214 0.00000 0.23441
vn 0.97214 0.00000 -0.23441
vn 0.97300 0.00000 0.23080
vn -0.97300 0.00000 -0.23080
vn -0.97300 0.00000 0.23080
vn 0.97300 0.00000 -0.23080
vn 0.97372 0.00000 0.22776
vn -0.97372 0.00000 -0.22776
vn -0.97372 0.00000 0.22776
vn 0.97372 0.00000 -0.22776
vn 0.97436 0.00000 0.22500
vn -0.97436 0.00000 -0.22500
vn -0.97436 0.00000 0.22500
vn 0.97436 0.00000 -0.22500
vn 0.95035 0.00000 -0.31117
vn -0.95035 0.00000 0.31117
vn -0.95035 0.00000 -0.31117
vn 0.95035 0.00000 0.31117
vn 0.94656 0.00000 -0.32252
vn -0.94656 0.00000 0.32252
vn -0.94656 0.00000 -0.32252
vn 0.94656 0.00000 0.32252
vn 0.94230 0.00000 -0.33477
vn -0.94230 0.00000 0.33477
vn -0.94230 0.00000 -0.33477
vn 0.94230 0.00000 0.33477
vn 0.93742 0.00000 -0.34821
vn -0.93742 0.00000 0.34821
vn -0.93742 0.00000 -0.34821
vn 0.93742 0.00000 0.34821
vn 0.93170 0.00000 -0.36323
vn -0.93170 0.00000 0.36323
vn -0.93170 0.00000 -0.36323
vn 0.93170 0.00000 0.36323
vn 0.92480 0.00000 -0.38044
vn -0.92480 0.00000 0.38044
vn -0.92480 0.00000 -0.38044
vn 0.92480 0.00000 0.38044
vn 0.91620 0.00000 -0.40072
vn -0.91620 0.00000 0.40072
vn -0.91620 0.00000 -0.40072
vn 0.91620 0.00000 0.40072
vn 0.90497 0.00000 -0.42547
vn -0.90497 0.00000 0.42547
vn -0.90497 0.00000 -0.42547
vn 0.90497 0.00000 0.42547
vn 0.88932 0.00000 -0.45728
vn -0.88932 0.00000 0.45728
vn -0.88932 0.00000 -0.45728
vn 0.88932 0.00000 0.45728
vn 0.86524 0.00000 -0.50137
vn -0.86524 0.00000 0.50137
vn -0.86524 0.00000 -0.50137
vn 0.86524 0.00000 0.50137
vn 0.82051 0.00000 -0.57163
vn -0.82051 0.00000 0.57163
vn -0.82051 0.00000 -0.57163
vn 0.82051 0.00000 0.57163
vn 0.63902 0.00000 -0.76919
vn -0.74705 0.00000 0.66476
vn -0.63902 -0.00000 -0.76919
vn 0.74705 -0.00000 0.66476
vn 0.96590 0.00815 0.25879
vn 0.96589 0.00815 0.25882
vn 0.70708 0.00815 0.70708
vn 0.25879 0.00815 0.96590
vn 0.25882 0.00815 0.96589
vn -0.25879 0.00815 0.96590
vn -0.25882 0.00815 0.96589
vn -0.70708 0.00815 0.70708
vn -0.96590 0.00815 0.25879
vn -0.96589 0.00815 0.25882
vn -0.96590 0.00815 -0.25879
vn -0.96589 0.00815 -0.25882
vn -0.70708 0.00815 -0.70708
vn -0.25879 0.00815 -0.96590
vn -0.25882 0.00815 -0.96589
vn 0.25879 0.00815 -0.96590
vn 0.25882 0.00815 -0.96589
vn 0.70708 0.00815 -0.70708
vn 0.96590 0.00815 -0.25879
vn 0.96589 0.00815 -0.25882
vn 0.96586 0.01026 0.25885
vn 0.96588 0.01026 0.25880
vn 0.70707 0.01026 0.70707
vn 0.25885 0.01026 0.96586
vn 0.25880 0.01026 0.96588
vn -0.25885 0.01026 0.96586
vn -0.25880 0.01026 0.96588
vn -0.70707 0.01026 0.70707
vn -0.96586 0.01026 0.25885
vn -0.96588 0.01026 0.25880
vn -0.96586 0.01026 -0.25885
vn -0.96588 0.01026 -0.25880
vn -0.70707 0.01026 -0.70707
vn -0.25885 0.01026 -0.96586
vn -0.25880 0.01026 -0.96588
vn 0.25885 0.01026 -0.96586
vn 0.25880 0.01026 -0.96588
vn 0.70707 0.01026 -0.70707
vn 0.96586 0.01026 -0.25885
vn 0.96588 0.01026 -0.25880
usemtl hull
f 1//1 2//1 3//1
f 1//1 3//1 4//1
f 4//2 3//2 5//2
f 4//2 5//2 6//2
f 6//3 5//3 7//3
f 6//3 7//3 8//3
f 8//4 7//4 9//4
f 8//4 9//4 10//4
f 10//5 9//5 11//5
f 10//5 11//5 12//5
f 12//6 11//6 13//6
f 12//6 13//6 14//6
f 14//7 13//7 15//7
f 14//7 15//7 16//7
f 16//8 15//8 17//8
f 16//8 17//8 18//8
f 18//9 17//9 19//9
f 18//9 19//9 20//9
f 20//10 19//10 21//10
f 20//10 21//10 22//10
f 22//11 21//11 23//11
f 22//11 23//11 24//11
f 24//12 23//12 25//12
f 24//12 25//12 26//12
f 26//13 25//13 27//13
f 26//13 27//13 28//13
f 28//14 27//14 29//14
f 28//14 29//14 30//14
f 30//15 29//15 31//15
f 30//15 31//15 32//15
f 32//16 31//16 33//16
f 32//16 33//16 34//16
f 34//17 33//17 35//17
f 34//17 35//17 36//17
f 36//18 35//18 37//18
f 36//18 37//18 38//18
f 38//19 37//19 39//19
f 38//19 39//19 40//19
f 40//20 39//20 41//20
f 40//20 41//20 42//20
f 42//21 41//21 43//21
f 42//21 43//21 44//21
f 44//22 43//22 45//22
f 44//22 45//22 46//22
f 46//23 45//23 47//23
f 46//23 47//23 48//23
f 48//24 47//24 49//24
f 48//24 49//24 50//24
f 50//25 49//25 51//25
f 50//25 51//25 52//25
f 52//26 51//26 53//26
f 52//26 53//26 54//26
f 54//27 53//27 55//27
f 54//27 55//27 56//27
f 56//28 55//28 57//28
f 56//28 57//28 58//28
f 58//29 57//29 59//29
f 58//29 59//29 60//29
f 60//30 59//30 61//30
f 60//30 61//30 62//30
f 62//31 61//31 63//31
f 62//31 63//31 64//31
f 64//32 63//32 65//32
f 64//32 65//32 66//32
f 66//33 65//33 67//33
f 66//33 67//33 68//33
f 68//34 67//34 69//34
f 68//34 69//34 70//34
f 70//35 69//35 71//35
f 70//35 71//35 72//35
f 72//36 71//36 73//36
f 72//36 73//36 74//36
f 74//37 73//37 75//37
f 74//37 75//37 76//37
f 76//38 75//38 77//38
f 76//38 77//38 78//38
f 78//39 77//39 79//39
f 78//39 79//39 80//39
f 1//40 4//40 81//40
f 1//41 81//41 82//41
f 4//42 6//42 83//42
f 4//43 83//43 81//43
f 6//44 8//44 84//44
f 6//45 84//45 83//45
f 8//46 10//46 85//46
f 8//47 85//47 84//47
f 10//48 12//48 86//48
f 10//49 86//49 85//49
f 12//50 14//50 87//50
f 12//51 87//51 86//51
f 14//52 16//52 88//52
f 14//53 88//53 87//53
f 16//54 18//54 89//54
f 16//55 89//55 88//55
f 18//56 20//56 90//56
f 18//57 90//57 89//57
f 20//58 22//58 91//58
f 20//59 91//59 90//59
f 22//60 24//60 92//60
f 22//61 92//61 91//61
f 24//62 26//62 93//62
f 24//63 93//63 92//63
f 26//64 28//64 94//64
f 26//65 94//65 93//65
f 28//66 30//66 95//66
f 28//67 95//67 94//67
f 30//68 32//68 96//68
f 30//69 96//69 95//69
f 32//70 34//70 97//70
f 32//71 97//71 96//71
f 34//72 36//72 98//72
f 34//73 98//73 97//73
f 36//74 38//74 99//74
f 36//75 99//75 98//75
f 38//76 40//76 100//76
f 38//77 100//77 99//77
f 40//78 42//78 101//78
f 40//79 101//79 100//79
f 42//80 44//80 102//80
f 42//81 102//81 101//81
f 44//82 46//82 103//82
f 44//83 103//83 102//83
f 46//84 48//84 104//84
f 46//85 104//85 103//85
f 48//86 50//86 105//86
f 48//87 105//87 104//87
f 50//88 52//88 106//88
f 50//89 106//89 105//89
f 52//90 54//90 107//90
f 52//91 107//91 106//91
f 54//92 56//92 108//92
f 54//93 108//93 107//93
f 56//94 58//94 109//94
f 56//95 109//95 108//95
f 58//96 60//96 110//96
f 58//97 110//97 109//97
f 60//98 62//98 111//98
f 60//99 111//99 110//99
f 62//100 64//100 112//100
f 62//101 112//101 111//101
f 64//102 66//102 113//102
f 64//103 113//103 112//103
f 66//104 68//104 114//104
f 66//105 114//105 113//105
f 68//106 70//106 115//106
f 68//107 115//107 114//107
f 70//108 72//108 116//108
f 70//109 116//109 115//109
f 72//110 74//110 117//110
f 72//111 117//111 116//111
f 74//112 76//112 118//112
f 74//113 118//113 117//113
f 76//114 78//114 119//114
f 76//115 119//115 118//115
f 78//116 80//116 120//116
f 78//117 120//117 119//117
f 80//118 79//118 121//118
f 80//118 121//118 120//118
f 79//119 77//119 122//119
f 79//120 122//120 121//120
f 77//121 75//121 123//121
f 77//122 123//122 122//122
f 75//123 73//123 124//123
f 75//124 124//124 123//124
f 73//125 71//125 125//125
f 73//126 125//126 124//126
f 71//127 69//127 126//127
f 71//128 126//128 125//128
f 69//129 67//129 127//129
f 69//130 127//130 126//130
f 67//131 65//131 128//131
f 67//132 128//132 127//132
f 65//133 63//133 129//133
f 65//134 129//134 128//134
f 63//135 61//135 130//135
f 63//136 130//136 129//136
f 61//137 59//137 131//137
f 61//138 131//138 130//138
f 59//139 57//139 132//139
f 59//140 132//140 131//140
f 57//141 55//141 133//141
f 57//142 133//142 132//142
f 55//143 53//143 134//143
f 55//144 134//144 133//144
f 53//145 51//145 135//145
f 53//146 135//146 134//146
f 51//147 49//147 136//147
f 51//148 136//148 135//148
f 49//149 47//149 137//149
f 49//150 137//150 136//150
f 47//151 45//151 138//151
f 47//152 138//152 137//152
f 45//153 43//153 139//153
f 45//154 139//154 138//154
f 43//155 41//155 140//155
f 43//156 140//156 139//156
f 41//157 39//157 141//157
f 41//158 141//158 140//158
f 39//159 37//159 142//159
f 39//160 142//160 141//160
f 37//161 35//161 143//161
f 37//162 143//162 142//162
f 35//163 33//163 144//163
f 35//164 144//164 143//164
f 33//165 31//165 145//165
f 33//166 145//166 144//166
f 31//167 29//167 146//167
f 31//168 146//168 145//168
f 29//169 27//169 147//169
f 29//170 147//170 146//170
f 27//171 25//171 148//171
f 27//172 148//172 147//172
f 25//173 23//173 149//173
f 25//174 149//174 148//174
f 23//175 21//175 150//175
f 23//176 150//176 149//176
f 21//177 19//177 151//177
f 21//178 151//178 150//178
f 19//179 17//179 152//179
f 19//180 152//180 151//180
f 17//181 15//181 153//181
f 17//182 153//182 152//182
f 15//183 13//183 154//183
f 15//184 154//184 153//184
f 13//185 11//185 155//185
f 13//186 155//186 154//186
f 11//187 9//187 156//187
f 11//188 156//188 155//188
f 9//189 7//189 157//189
f 9//190 157//190 156//190
f 7//191 5//191 158//191
f 7//192 158//192 157//192
f 5//193 3//193 159//193
f 5//194 159//194 158//194
f 3//195 2//195 160//195
f 3//196 160//196 159//196
f 2//197 1//197 82//197
f 2//197 82//197 160//197
f 82//198 81//198 161//198
f 82//198 161//198 162//198
f 81//199 83//199 163//199
f 81//199 163//199 161//199
f 83//200 84//200 164//200
f 83//200 164//200 163//200
f 84//201 85//201 165//201
f 84//201 165//201 164//201
f 85//202 86//202 166//202
f 85//202 166//202 165//202
f 86//203 87//203 167//203
f 86//203 167//203 166//203
f 87//204 88//204 168//204
f 87//204 168//204 167//204
f 88//205 89//205 169//205
f 88//205 169//205 168//205
f 89//206 90//206 170//206
f 89//206 170//206 169//206
f 90//207 91//207 171//207
f 90//207 171//207 170//207
f 91//208 92//208 172//208
f 91//208 172//208 171//208
f 92//209 93//209 173//209
f 92//209 173//209 172//209
f 93//210 94//210 174//210
f 93//210 174//210 173//210
f 94//211 95//211 175//211
f 94//211 175//211 174//211
f 95//212 96//212 176//212
f 95//212 176//212 175//212
f 96//213 97//213 177//213
f 96//213 177//213 176//213
f 97//214 98//214 178//214
f 97//214 178//214 177//214
f 98//215 99//215 179//215
f 98//215 179//215 178//215
f 99//216 100//216 180//216
f 99//216 180//216 179//216
f 100//20 101//20 181//20
f 100//20 181//20 180//20
f 101//217 102//217 182//217
f 101//217 182//217 181//217
f 102//218 103//218 183//218
f 102//218 183//218 182//218
f 103//219 104//219 184//219
f 103//219 184//219 183//219
f 104//220 105//220 185//220
f 104//220 185//220 184//220
f 105//221 106//221 186//221
f 105//221 186//221 185//221
f 106//222 107//222 187//222
f 106//222 187//222 186//222
f 107//223 108//223 188//223
f 107//223 188//223 187//223
f 108//224 109//224 189//224
f 108//224 189//224 188//224
f 109//225 110//225 190//225
f 109//225 190//225 189//225
f 110//226 111//226 191//226
f 110//226 191//226 190//226
f 111//227 112//227 192//227
f 111//227 192//227 191//227
f 112//228 113//228 193//228
f 112//228 193//228 192//228
f 113//229 114//229 194//229
f 113//229 194//229 193//229
f 114//230 115//230 195//230
f 114//230 195//230 194//230
f 115//231 116//231 196//231
f 115//231 196//231 195//231
f 116//232 117//232 197//232
f 116//232 197//232 196//232
f 117//233 118//233 198//233
f 117//233 198//233 197//233
f 118//234 119//234 199//234
f 118//234 199//234 198//234
f 119//235 120//235 200//235
f 119//235 200//235 199//235
f 121//235 122//235 202//235
f 121//235 202//235 201//235
f 122//234 123//234 203//234
f 122//234 203//234 202//234
f 123//233 124//233 204//233
f 123//233 204//233 203//233
f 124//232 125//232 205//232
f 124//232 205//232 204//232
f 125//231 126//231 206//231
f 125//231 206//231 205//231
f 126//230 127//230 207//230
f 126//230 207//230 206//230
f 127//229 128//229 208//229
f 127//229 208//229 207//229
f 128//228 129//228 209//228
f 128//228 209//228 208//228
f 129//227 130//227 210//227
f 129//227 210//227 209//227
f 130//226 131//226 211//226
f 130//226 211//226 210//226
f 131//225 132//225 212//225
f 131//225 212//225 211//225
f 132//224 133//224 213//224
f 132//224 213//224 212//224
f 133//223 134//223 214//223
f 133//223 214//223 213//223
f 134//222 135//222 215//222
f 134//222 215//222 214//222
f 135//221 136//221 216//221
f 135//221 216//221 215//221
f 136//220 137//220 217//220
f 136//220 217//220 216//220
f 137//219 138//219 218//219
f 137//219 218//219 217//219
f 138//218 139//218 219//218
f 138//218 219//218 218//218
f 139//217 140//217 220//217
f 139//217 220//217 219//217
f 140//20 141//20 221//20
f 140//20 221//20 220//20
f 141//216 142//216 222//216
f 141//216 222//216 221//216
f 142//215 143//215 223//215
f 142//215 223//215 222//215
f 143//214 144//214 224//214
f 143//214 224//214 223//214
f 144//213 145//213 225//213
f 144//213 225//213 224//213
f 145//212 146//212 226//212
f 145//212 226//212 225//212
f 146//211 147//211 227//211
f 146//211 227//211 226//211
f 147//210 148//210 228//210
f 147//210 228//210 227//210
f 148//209 149//209 229//209
f 148//209 229//209 228//209
f 149//208 150//208 230//208
f 149//208 230//208 229//208
f 150//207 151//207 231//207
f 150//207 231//207 230//207
f 151//206 152//206 232//206
f 151//206 232//206 231//206
f 152//205 153//205 233//205
f 152//205 233//205 232//205
f 153//204 154//204 234//204
f 153//204 234//204 233//204
f 154//203 155//203 235//203
f 154//203 235//203 234//203
f 155//202 156//202 236//202
f 155//202 236//202 235//202
f 156//201 157//201 237//201
f 156//201 237//201 236//201
f 157//200 158//200 238//200
f 157//200 238//200 237//200
f 158//199 159//199 239//199
f 158//199 239//199 238//199
f 159//198 160//198 240//198
f 159//198 240//198 239//198
f 162//236 161//236 241//236
f 162//237 241//237 242//237
f 161//238 163//238 243//238
f 161//239 243//239 241//239
f 163//240 164//240 244//240
f 163//241 244//241 243//241
f 164//242 165//242 245//242
f 164//243 245//243 244//243
f 165//244 166//244 246//244
f 165//245 246//245 245//245
f 166//246 167//246 247//246
f 166//247 247//247 246//247
f 167//248 168//248 248//248
f 167//249 248//249 247//249
f 168//250 169//250 249//250
f 168//251 249//251 248//251
f 169//252 170//252 250//252
f 169//253 250//253 249//253
f 170//254 171//254 251//254
f 170//255 251//255 250//255
f 171//256 172//256 252//256
f 171//257 252//257 251//257
f 172//258 173//258 253//258
f 172//259 253//259 252//259
f 173//260 174//260 254//260
f 173//261 254//261 253//261
f 174//262 175//262 255//262
f 174//263 255//263 254//263
f 175//264 176//264 256//264
f 175//265 256//265 255//265
f 176//266 177//266 257//266
f 176//267 257//267 256//267
f 177//268 178//268 258//268
f 177//269 258//269 257//269
f 178//270 179//270 259//270
f 178//271 259//271 258//271
f 179//272 180//272 260//272
f 179//273 260//273 259//273
f 180//274 181//274 261//274
f 180//275 261//275 260//275
f 181//276 182//276 262//276
f 181//277 262//277 261//277
f 182//278 183//278 263//278
f 182//279 263//279 262//279
f 183//280 184//280 264//280
f 183//281 264//281 263//281
f 184//282 185//282 265//282
f 184//283 265//283 264//283
f 185//284 186//284 266//284
f 185//285 266//285 265//285
f 186//286 187//286 267//286
f 186//287 267//287 266//287
f 187//288 188//288 268//288
f 187//289 268//289 267//289
f 188//290 189//290 269//290
f 188//291 269//291 268//291
f 189//292 190//292 270//292
f 189//293 270//293 269//293
f 190//294 191//294 271//294
f 190//295 271//295 270//295
f 191//296 192//296 272//296
f 191//297 272//297 271//297
f 192//298 193//298 273//298
f 192//299 273//299 272//299
f 193//300 194//300 274//300
f 193//301 274//301 273//301
f 194//302 195//302 275//302
f 194//303 275//303 274//303
f 195//304 196//304 276//304
f 195//305 276//305 275//305
f 196//306 197//306 277//306
f 196//307 277//307 276//307
f 197//308 198//308 278//308
f 197//309 278//309 277//309
f 198//310 199//310 279//310
f 198//311 279//311 278//311
f 199//312 200//312 280//312
f 199//313 280//313 279//313
f 200//314 201//314 281//314
f 200//314 281//314 280//314
f 201//315 202//315 282//315
f 201//316 282//316 281//316
f 202//317 203//317 283//317
f 202//318 283//318 282//318
f 203//319 204//319 284//319
f 203//320 284//320 283//320
f 204//321 205//321 285//321
f 204//322 285//322 284//322
f 205//323 206//323 286//323
f 205//324 286//324 285//324
f 206//325 207//325 287//325
f 206//326 287//326 286//326
f 207//327 208//327 288//327
f 207//328 288//328 287//328
f 208//329 209//329 289//329
f 208//330 289//330 288//330
f 209//331 210//331 290//331
f 209//332 290//332 289//332
f 210//333 211//333 291//333
f 210//334 291//334 290//334
f 211//335 212//335 292//335
f 211//336 292//336 291//336
f 212//337 213//337 293//337
f 212//338 293//338 292//338
f 213//339 214//339 294//339
f 213//340 294//340 293//340
f 214//341 215//341 295//341
f 214//342 295//342 294//342
f 215//343 216//343 296//343
f 215//344 296//344 295//344
f 216//345 217//345 297//345
f 216//346 297//346 296//346
f 217//347 218//347 298//347
f 217//348 298//348 297//348
f 218//349 219//349 299//349
f 218//350 299//350 298//350
f 219//351 220//351 300//351
f 219//352 300//352 299//352
f 220//353 221//353 301//353
f 220//354 301//354 300//354
f 221//355 222//355 302//355
f 221//356 302//356 301//356
f 222//357 223//357 303//357
f 222//358 303//358 302//358
f 223//359 224//359 304//359
f 223//360 304//360 303//360
f 224//361 225//361 305//361
f 224//362 305//362 304//362
f 225//363 226//363 306//363
f 225//364 306//364 305//364
f 226//365 227//365 307//365
f 226//366 307//366 306//366
f 227//367 228//367 308//367
f 227//368 308//368 307//368
f 228//369 229//369 309//369
f 228//370 309//370 308//370
f 229//371 230//371 310//371
f 229//372 310//372 309//372
f 230//373 231//373 311//373
f 230//374 311//374 310//374
f 231//375 232//375 312//375
f 231//376 312//376 311//376
f 232//377 233//377 313//377
f 232//378 313//378 312//378
f 233//379 234//379 314//379
f 233//380 314//380 313//380
f 234//381 235//381 315//381
f 234//382 315//382 314//382
f 235//383 236//383 316//383
f 235//384 316//384 315//384
f 236//385 237//385 317//385
f 236//386 317//386 316//386
f 237//387 238//387 318//387
f 237//388 318//388 317//388
f 238//389 239//389 319//389
f 238//390 319//390 318//390
f 239//391 240//391 320//391
f 239//392 320//392 319//392
f 240//393 162//393 242//393
f 240//393 242//393 320//393
f 242//394 241//394 321//394
f 242//394 321//394 322//394
f 241//395 243//395 323//395
f 241//395 323//395 321//395
f 243//396 244//396 324//396
f 243//396 324//396 323//396
f 244//397 245//397 325//397
f 244//397 325//397 324//397
f 245//398 246//398 326//398
f 245//398 326//398 325//398
f 246//399 247//399 327//399
f 246//399 327//399 326//399
f 247//400 248//400 328//400
f 247//400 328//400 327//400
f 248//401 249//401 329//401
f 248//401 329//401 328//401
f 249//402 250//402 330//402
f 249//402 330//402 329//402
f 250//403 251//403 331//403
f 250//403 331//403 330//403
f 251//404 252//404 332//404
f 251//404 332//404 331//404
f 252//405 253//405 333//405
f 252//405 333//405 332//405
f 253//406 254//406 334//406
f 253//406 334//406 333//406
f 254//407 255//407 335//407
f 254//407 335//407 334//407
f 255//408 256//408 336//408
f 255//408 336//408 335//408
f 256//409 257//409 337//409
f 256//409 337//409 336//409
f 257//410 258//410 338//410
f 257//410 338//410 337//410
f 258//411 259//411 339//411
f 258//411 339//411 338//411
f 259//412 260//412 340//412
f 259//412 340//412 339//412
f 260//20 261//20 341//20
f 260//20 341//20 340//20
f 261//217 262//217 342//217
f 261//217 342//217 341//217
f 262//413 263//413 343//413
f 262//413 343//413 342//413
f 263//414 264//414 344//414
f 263//414 344//414 343//414
f 264//415 265//415 345//415
f 264//415 345//415 344//415
f 265//416 266//416 346//416
f 265//416 346//416 345//416
f 266//417 267//417 347//417
f 266//417 347//417 346//417
f 267//418 268//418 348//418
f 267//418 348//418 347//418
f 268//419 269//419 349//419
f 268//419 349//419 348//419
f 269//420 270//420 350//420
f 269//420 350//420 349//420
f 270//421 271//421 351//421
f 270//421 351//421 350//421
f 271//422 272//422 352//422
f 271//422 352//422 351//422
f 272//423 273//423 353//423
f 272//423 353//423 352//423
f 273//424 274//424 354//424
f 273//424 354//424 353//424
f 274//425 275//425 355//425
f 274//425 355//425 354//425
f 275//426 276//426 356//426
f 275//426 356//426 355//426
f 276//427 277//427 357//427
f 276//427 357//427 356//427
f 277//428 278//428 358//428
f 277//428 358//428 357//428
f 278//429 279//429 359//429
f 278//429 359//429 358//429
f 279//430 280//430 360//430
f 279//430 360//430 359//430
f 281//430 282//430 362//430
f 281//430 362//430 361//430
f 282//429 283//429 363//429
f 282//429 363//429 362//429
f 283//428 284//428 364//428
f 283//428 364//428 363//428
f 284//427 285//427 365//427
f 284//427 365//427 364//427
f 285//426 286//426 366//426
f 285//426 366//426 365//426
f 286//425 287//425 367//425
f 286//425 367//425 366//425
f 287//424 288//424 368//424
f 287//424 368//424 367//424
f 288//423 289//423 369//423
f 288//423 369//423 368//423
f 289//422 290//422 370//422
f 289//422 370//422 369//422
f 290//421 291//421 371//421
f 290//421 371//421 370//421
f 291//420 292//420 372//420
f 291//420 372//420 371//420
f 292//419 293//419 373//419
f 292//419 373//419 372//419
f 293//418 294//418 374//418
f 293//418 374//418 373//418
f 294//417 295//417 375//417
f 294//417 375//417 374//417
f 295//416 296//416 376//416
f 295//416 376//416 375//416
f 296//415 297//415 377//415
f 296//415 377//415 376//415
f 297//414 298//414 378//414
f 297//414 378//414 377//414
f 298//413 299//413 379//413
f 298//413 379//413 378//413
f 299//217 300//217 380//217
f 299//217 380//217 379//217
f 300//20 301//20 381//20
f 300//20 381//20 380//20
f 301//412 302//412 382//412
f 301//412 382//412 381//412
f 302//411 303//411 383//411
f 302//411 383//411 382//411
f 303//410 304//410 384//410
f 303//410 384//410 383//410
f 304//409 305//409 385//409
f 304//409 385//409 384//409
f 305//408 306//408 386//408
f 305//408 386//408 385//408
f 306//407 307//407 387//407
f 306//407 387//407 386//407
f 307//406 308//406 388//406
f 307//406 388//406 387//406
f 308//405 309//405 389//405
f 308//405 389//405 388//405
f 309//404 310//404 390//404
f 309//404 390//404 389//404
f 310//403 311//403 391//403
f 310//403 391//403 390//403
f 311//402 312//402 392//402
f 311//402 392//402 391//402
f 312//401 313//401 393//401
f 312//401 393//401 392//401
f 313//400 314//400 394//400
f 313//400 394//400 393//400
f 314//399 315//399 395//399
f 314//399 395//399 394//399
f 315//398 316//398 396//398
f 315//398 396//398 395//398
f 316//397 317//397 397//397
f 316//397 397//397 396//397
f 317//396 318//396 398//396
f 317//396 398//396 397//396
f 318//395 319//395 399//395
f 318//395 399//395 398//395
f 319//394 320//394 400//394
f 319//394 400//394 399//394
f 322//431 321//431 401//431
f 322//432 401//432 402//432
f 321//433 323//433 403//433
f 321//434 403//434 401//434
f 323//435 324//435 404//435
f 323//436 404//436 403//436
f 324//437 325//437 405//437
f 324//438 405//438 404//438
f 325//439 326//439 406//439
f 325//440 406//440 405//440
f 326//441 327//441 407//441
f 326//442 407//442 406//442
f 327//443 328//443 408//443
f 327//444 408//444 407//444
f 328//445 329//445 409//445
f 328//446 409//446 408//446
f 329//447 330//447 410//447
f 329//448 410//448 409//448
f 330//449 331//449 411//449
f 330//450 411//450 410//450
f 331//451 332//451 412//451
f 331//452 412//452 411//452
f 332//453 333//453 413//453
f 332//454 413//454 412//454
f 333//455 334//455 414//455
f 333//456 414//456 413//456
f 334//457 335//457 415//457
f 334//458 415//458 414//458
f 335//459 336//459 416//459
f 335//460 416//460 415//460
f 336//461 337//461 417//461
f 336//462 417//462 416//462
f 337//463 338//463 418//463
f 337//464 418//464 417//464
f 338//465 339//465 419//465
f 338//466 419//466 418//466
f 339//467 340//467 420//467
f 339//468 420//468 419//468
f 340//469 341//469 421//469
f 340//470 421//470 420//470
f 341//471 342//471 422//471
f 341//472 422//472 421//472
f 342//473 343//473 423//473
f 342//474 423//474 422//474
f 343//475 344//475 424//475
f 343//476 424//476 423//476
f 344//477 345//477 425//477
f 344//478 425//478 424//478
f 345//479 346//479 426//479
f 345//480 426//480 425//480
f 346//481 347//481 427//481
f 346//482 427//482 426//482
f 347//483 348//483 428//483
f 347//484 428//484 427//484
f 348//485 349//485 429//485
f 348//486 429//486 428//486
f 349//487 350//487 430//487
f 349//488 430//488 429//488
f 350//489 351//489 431//489
f 350//490 431//490 430//490
f 351//491 352//491 432//491
f 351//492 432//492 431//492
f 352//493 353//493 433//493
f 352//494 433//494 432//494
f 353//495 354//495 434//495
f 353//496 434//496 433//496
f 354//497 355//497 435//497
f 354//498 435//498 434//498
f 355//499 356//499 436//499
f 355//500 436//500 435//500
f 356//501 357//501 437//501
f 356//502 437//502 436//502
f 357//503 358//503 438//503
f 357//504 438//504 437//504
f 358//505 359//505 439//505
f 358//506 439//506 438//506
f 359//507 360//507 440//507
f 359//508 440//508 439//508
f 360//509 361//509 441//509
f 360//509 441//509 440//509
f 361//510 362//510 442//510
f 361//511 442//511 441//511
f 362//512 363//512 443//512
f 362//513 443//513 442//513
f 363//514 364//514 444//514
f 363//515 444//515 443//515
f 364//516 365//516 445//516
f 364//517 445//517 444//517
f 365//518 366//518 446//518
f 365//519 446//519 445//519
f 366//520 367//520 447//520
f 366//521 447//521 446//521
f 367//522 368//522 448//522
f 367//523 448//523 447//523
f 368//524 369//524 449//524
f 368//525 449//525 448//525
f 369//526 370//526 450//526
f 369//527 450//527 449//527
f 370//528 371//528 451//528
f 370//529 451//529 450//529
f 371//530 372//530 452//530
f 371//531 452//531 451//531
f 372//532 373//532 453//532
f 372//533 453//533 452//533
f 373//534 374//534 454//534
f 373//535 454//535 453//535
f 374//536 375//536 455//536
f 374//537 455//537 454//537
f 375//538 376//538 456//538
f 375//539 456//539 455//539
f 376//540 377//540 457//540
f 376//541 457//541 456//541
f 377//542 378//542 458//542
f 377//543 458//543 457//543
f 378//544 379//544 459//544
f 378//545 459//545 458//545
f 379//546 380//546 460//546
f 379//547 460//547 459//547
f 380//548 381//548 461//548
f 380//549 461//549 460//549
f 381//550 382//550 462//550
f 381//551 462//551 461//551
f 382//552 383//552 463//552
f 382//553 463//553 462//553
f 383//554 384//554 464//554
f 383//555 464//555 463//555
f 384//556 385//556 465//556
f 384//557 465//557 464//557
f 385//558 386//558 466//558
f 385//559 466//559 465//559
f 386//560 387//560 467//560
f 386//561 467//561 466//561
f 387//562 388//562 468//562
f 387//563 468//563 467//563
f 388//564 389//564 469//564
f 388//565 469//565 468//565
f 389//566 390//566 470//566
f 389//567 470//567 469//567
f 390//568 391//568 471//568
f 390//569 471//569 470//569
f 391//570 392//570 472//570
f 391//571 472//571 471//571
f 392//572 393//572 473//572
f 392//573 473//573 472//573
f 393//574 394//574 474//574
f 393//575 474//575 473//575
f 394//576 395//576 475//576
f 394//577 475//577 474//577
f 395//578 396//578 476//578
f 395//579 476//579 475//579
f 396//580 397//580 477//580
f 396//581 477//581 476//581
f 397//582 398//582 478//582
f 397//583 478//583 477//583
f 398//584 399//584 479//584
f 398//585 479//585 478//585
f 399//586 400//586 480//586
f 399//587 480//587 479//587
f 400//588 322//588 402//588
f 400//588 402//588 480//588
f 402//589 401//589 481//589
f 402//589 481//589 482//589
f 401//590 403//590 483//590
f 401//590 483//590 481//590
f 403//591 404//591 484//591
f 403//591 484//591 483//591
f 404//592 405//592 485//592
f 404//592 485//592 484//592
f 405//593 406//593 486//593
f 405//593 486//593 485//593
f 406//594 407//594 487//594
f 406//594 487//594 486//594
f 407//595 408//595 488//595
f 407//595 488//595 487//595
f 408//596 409//596 489//596
f 408//596 489//596 488//596
f 409//597 410//597 490//597
f 409//597 490//597 489//597
f 410//598 411//598 491//598
f 410//598 491//598 490//598
f 411//599 412//599 492//599
f 411//599 492//599 491//599
f 412//600 413//600 493//600
f 412//600 493//600 492//600
f 413//601 414//601 494//601
f 413//601 494//601 493//601
f 414//602 415//602 495//602
f 414//602 495//602 494//602
f 415//603 416//603 496//603
f 415//603 496//603 495//603
f 416//604 417//604 497//604
f 416//604 497//604 496//604
f 417//605 418//605 498//605
f 417//605 498//605 497//605
f 418//606 419//606 499//606
f 418//606 499//606 498//606
f 419//607 420//607 500//607
f 419//607 500//607 499//607
f 420//20 421//20 501//20
f 420//20 501//20 500//20
f 421//608 422//608 502//608
f 421//608 502//608 501//608
f 422//609 423//609 503//609
f 422//609 503//609 502//609
f 423//610 424//610 504//610
f 423//610 504//610 503//610
f 424//611 425//611 505//611
f 424//611 505//611 504//611
f 425//612 426//612 506//612
f 425//612 506//612 505//612
f 426//613 427//613 507//613
f 426//613 507//613 506//613
f 427//614 428//614 508//614
f 427//614 508//614 507//614
f 428//615 429//615 509//615
f 428//615 509//615 508//615
f 429//616 430//616 510//616
f 429//616 510//616 509//616
f 430//617 431//617 511//617
f 430//617 511//617 510//617
f 431//618 432//618 512//618
f 431//618 512//618 511//618
f 432//619 433//619 513//619
f 432//619 513//619 512//619
f 433//620 434//620 514//620
f 433//620 514//620 513//620
f 434//621 435//621 515//621
f 434//621 515//621 514//621
f 435//622 436//622 516//622
f 435//622 516//622 515//622
f 436//623 437//623 517//623
f 436//623 517//623 516//623
f 437//624 438//624 518//624
f 437//624 518//624 517//624
f 438//625 439//625 519//625
f 438//625 519//625 518//625
f 439//626 440//626 520//626
f 439//626 520//626 519//626
f 441//626 442//626 522//626
f 441//626 522//626 521//626
f 442//625 443//625 523//625
f 442//625 523//625 522//625
f 443//624 444//624 524//624
f 443//624 524//624 523//624
f 444//623 445//623 525//623
f 444//623 525//623 524//623
f 445//622 446//622 526//622
f 445//622 526//622 525//622
f 446//621 447//621 527//621
f 446//621 527//621 526//621
f 447//620 448//620 528//620
f 447//620 528//620 527//620
f 448//619 449//619 529//619
f 448//619 529//619 528//619
f 449//618 450//618 530//618
f 449//618 530//618 529//618
f 450//617 451//617 531//617
f 450//617 531//617 530//617
f 451//616 452//616 532//616
f 451//616 532//616 531//616
f 452//615 453//615 533//615
f 452//615 533//615 532//615
f 453//614 454//614 534//614
f 453//614 534//614 533//614
f 454//613 455//613 535//613
f 454//613 535//613 534//613
f 455//612 456//612 536//612
f 455//612 536//612 535//612
f 456//611 457//611 537//611
f 456//611 537//611 536//611
f 457//610 458//610 538//610
f 457//610 538//610 537//610
f 458//609 459//609 539//609
f 458//609 539//609 538//609
f 459//608 460//608 540//608
f 459//608 540//608 539//608
f 460//20 461//20 541//20
f 460//20 541//20 540//20
f 461//607 462//607 542//607
f 461//607 542//607 541//607
f 462//606 463//606 543//606
f 462//606 543//606 542//606
f 463//605 464//605 544//605
f 463//605 544//605 543//605
f 464//604 465//604 545//604
f 464//604 545//604 544//604
f 465//603 466//603 546//603
f 465//603 546//603 545//603
f 466//602 467//602 547//602
f 466//602 547//602 546//602
f 467//601 468//601 548//601
f 467//601 548//601 547//601
f 468//600 469//600 549//600
f 468//600 549//600 548//600
f 469//599 470//599 550//599
f 469//599 550//599 549//599
f 470//598 471//598 551//598
f 470//598 551//598 550//598
f 471//597 472//597 552//597
f 471//597 552//597 551//597
f 472//596 473//596 553//596
f 472//596 553//596 552//596
f 473//595 474//595 554//595
f 473//595 554//595 553//595
f 474//594 475//594 555//594
f 474//594 555//594 554//594
f 475//593 476//593 556//593
f 475//593 556//593 555//593
f 476//592 477//592 557//592
f 476//592 557//592 556//592
f 477//591 478//591 558//591
f 477//591 558//591 557//591
f 478//590 479//590 559//590
f 478//590 559//590 558//590
f 479//589 480//589 560//589
f 479//589 560//589 559//589
f 482//627 481//627 561//627
f 482//628 561//628 562//628
f 481//629 483//629 563//629
f 481//630 563//630 561//630
f 483//631 484//631 564//631
f 483//632 564//632 563//632
f 484//633 485//633 565//633
f 484//634 565//634 564//634
f 485//635 486//635 566//635
f 485//636 566//636 565//636
f 486//637 487//637 567//637
f 486//638 567//638 566//638
f 487//639 488//639 568//639
f 487//640 568//640 567//640
f 488//641 489//641 569//641
f 488//642 569//642 568//642
f 489//643 490//643 570//643
f 489//644 570//644 569//644
f 490//645 491//645 571//645
f 490//646 571//646 570//646
f 491//647 492//647 572//647
f 491//648 572//648 571//648
f 492//649 493//649 573//649
f 492//650 573//650 572//650
f 493//651 494//651 574//651
f 493//652 574//652 573//652
f 494//653 495//653 575//653
f 494//654 575//654 574//654
f 495//655 496//655 576//655
f 495//656 576//656 575//656
f 496//657 497//657 577//657
f 496//658 577//658 576//658
f 497//659 498//659 578//659
f 497//660 578//660 577//660
f 498//661 499//661 579//661
f 498//662 579//662 578//662
f 499//663 500//663 580//663
f 499//664 580//664 579//664
f 500//665 501//665 581//665
f 500//666 581//666 580//666
f 501//667 502//667 582//667
f 501//668 582//668 581//668
f 502//669 503//669 583//669
f 502//670 583//670 582//670
f 503//671 504//671 584//671
f 503//672 584//672 583//672
f 504//673 505//673 585//673
f 504//674 585//674 584//674
f 505//675 506//675 586//675
f 505//676 586//676 585//676
f 506//677 507//677 587//677
f 506//678 587//678 586//678
f 507//679 508//679 588//679
f 507//680 588//680 587//680
f 508//681 509//681 589//681
f 508//682 589//682 588//682
f 509//683 510//683 590//683
f 509//684 590//684 589//684
f 510//685 511//685 591//685
f 510//686 591//686 590//686
f 511//687 512//687 592//687
f 511//688 592//688 591//688
f 512//689 513//689 593//689
f 512//690 593//690 592//690
f 513//691 514//691 594//691
f 513//692 594//692 593//692
f 514//693 515//693 595//693
f 514//694 595//694 594//694
f 515//695 516//695 596//695
f 515//696 596//696 595//696
f 516//697 517//697 597//697
f 516//698 597//698 596//698
f 517//699 518//699 598//699
f 517//700 598//700 597//700
f 518//701 519//701 599//701
f 518//702 599//702 598//702
f 519//703 520//703 600//703
f 519//704 600//704 599//704
f 520//705 521//705 601//705
f 520//705 601//705 600//705
f 521//706 522//706 602//706
f 521//707 602//707 601//707
f 522//708 523//708 603//708
f 522//709 603//709 602//709
f 523//710 524//710 604//710
f 523//711 604//711 603//711
f 524//712 525//712 605//712
f 524//713 605//713 604//713
f 525//714 526//714 606//714
f 525//715 606//715 605//715
f 526//716 527//716 607//716
f 526//717 607//717 606//717
f 527//718 528//718 608//718
f 527//719 608//719 607//719
f 528//720 529//720 609//720
f 528//721 609//721 608//721
f 529//722 530//722 610//722
f 529//723 610//723 609//723
f 530//724 531//724 611//724
f 530//725 611//725 610//725
f 531//726 532//726 612//726
f 531//727 612//727 611//727
f 532//728 533//728 613//728
f 532//729 613//729 612//729
f 533//730 534//730 614//730
f 533//731 614//731 613//731
f 534//732 535//732 615//732
f 534//733 615//733 614//733
f 535//734 536//734 616//734
f 535//735 616//735 615//735
f 536//736 537//736 617//736
f 536//737 617//737 616//737
f 537//738 538//738 618//738
f 537//739 618//739 617//739
f 538//740 539//740 619//740
f 538//741 619//741 618//741
f 539//742 540//742 620//742
f 539//743 620//743 619//743
f 540//744 541//744 621//744
f 540//745 621//745 620//745
f 541//746 542//746 622//746
f 541//747 622//747 621//747
f 542//748 543//748 623//748
f 542//749 623//749 622//749
f 543//750 544//750 624//750
f 543//751 624//751 623//751
f 544//752 545//752 625//752
f 544//753 625//753 624//753
f 545//754 546//754 626//754
f 545//755 626//755 625//755
f 546//756 547//756 627//756
f 546//757 627//757 626//757
f 547//758 548//758 628//758
f 547//759 628//759 627//759
f 548//760 549//760 629//760
f 548//761 629//761 628//761
f 549//762 550//762 630//762
f 549//763 630//763 629//763
f 550//764 551//764 631//764
f 550//765 631//765 630//765
f 551//766 552//766 632//766
f 551//767 632//767 631//767
f 552//768 553//768 633//768
f 552//769 633//769 632//769
f 553//770 554//770 634//770
f 553//771 634//771 633//771
f 554//772 555//772 635//772
f 554//773 635//773 634//773
f 555//774 556//774 636//774
f 555//775 636//775 635//775
f 556//776 557//776 637//776
f 556//777 637//777 636//777
f 557//778 558//778 638//778
f 557//779 638//779 637//779
f 558//780 559//780 639//780
f 558//781 639//781 638//781
f 559//782 560//782 640//782
f 559//783 640//783 639//783
f 560//784 482//784 562//784
f 560//784 562//784 640//784
f 562//785 561//785 641//785
f 562//785 641//785 642//785
f 561//786 563//786 643//786
f 561//786 643//786 641//786
f 563//787 564//787 644//787
f 563//787 644//787 643//787
f 564//788 565//788 645//788
f 564//788 645//788 644//788
f 565//789 566//789 646//789
f 565//789 646//789 645//789
f 566//790 567//790 647//790
f 566//790 647//790 646//790
f 567//791 568//791 648//791
f 567//791 648//791 647//791
f 568//792 569//792 649//792
f 568//792 649//792 648//792
f 569//793 570//793 650//793
f 569//793 650//793 649//793
f 570//794 571//794 651//794
f 570//794 651//794 650//794
f 571//795 572//795 652//795
f 571//795 652//795 651//795
f 572//796 573//796 653//796
f 572//796 653//796 652//796
f 573//797 574//797 654//797
f 573//797 654//797 653//797
f 574//798 575//798 655//798
f 574//798 655//798 654//798
f 575//799 576//799 656//799
f 575//799 656//799 655//799
f 576//800 577//800 657//800
f 576//800 657//800 656//800
f 577//801 578//801 658//801
f 577//801 658//801 657//801
f 578//802 579//802 659//802
f 578//802 659//802 658//802
f 579//803 580//803 660//803
f 579//803 660//803 659//803
f 580//804 581//804 661//804
f 580//804 661//804 660//804
f 581//805 582//805 662//805
f 581//805 662//805 661//805
f 582//806 583//806 663//806
f 582//806 663//806 662//806
f 583//807 584//807 664//807
f 583//807 664//807 663//807
f 584//808 585//808 665//808
f 584//808 665//808 664//808
f 585//809 586//809 666//809
f 585//809 666//809 665//809
f 586//810 587//810 667//810
f 586//810 667//810 666//810
f 587//811 588//811 668//811
f 587//811 668//811 667//811
f 588//812 589//812 669//812
f 588//812 669//812 668//812
f 589//813 590//813 670//813
f 589//813 670//813 669//813
f 590//814 591//814 671//814
f 590//814 671//814 670//814
f 591//815 592//815 672//815
f 591//815 672//815 671//815
f 592//816 593//816 673//816
f 592//816 673//816 672//816
f 593//817 594//817 674//817
f 593//817 674//817 673//817
f 594//818 595//818 675//818
f 594//818 675//818 674//818
f 595//819 596//819 676//819
f 595//819 676//819 675//819
f 596//820 597//820 677//820
f 596//820 677//820 676//820
f 597//821 598//821 678//821
f 597//821 678//821 677//821
f 598//822 599//822 679//822
f 598//822 679//822 678//822
f 599//823 600//823 680//823
f 599//823 680//823 679//823
f 601//823 602//823 682//823
f 601//823 682//823 681//823
f 602//822 603//822 683//822
f 602//822 683//822 682//822
f 603//821 604//821 684//821
f 603//821 684//821 683//821
f 604//820 605//820 685//820
f 604//820 685//820 684//820
f 605//819 606//819 686//819
f 605//819 686//819 685//819
f 606//818 607//818 687//818
f 606//818 687//818 686//818
f 607//817 608//817 688//817
f 607//817 688//817 687//817
f 608//816 609//816 689//816
f 608//816 689//816 688//816
f 609//815 610//815 690//815
f 609//815 690//815 689//815
f 610//814 611//814 691//814
f 610//814 691//814 690//814
f 611//813 612//813 692//813
f 611//813 692//813 691//813
f 612//812 613//812 693//812
f 612//812 693//812 692//812
f 613//811 614//811 694//811
f 613//811 694//811 693//811
f 614//810 615//810 695//810
f 614//810 695//810 694//810
f 615//809 616//809 696//809
f 615//809 696//809 695//809
f 616//808 617//808 697//808
f 616//808 697//808 696//808
f 617//807 618//807 698//807
f 617//807 698//807 697//807
f 618//806 619//806 699//806
f 618//806 699//806 698//806
f 619//805 620//805 700//805
f 619//805 700//805 699//805
f 620//804 621//804 701//804
f 620//804 701//804 700//804
f 621//803 622//803 702//803
f 621//803 702//803 701//803
f 622//802 623//802 703//802
f 622//802 703//802 702//802
f 623//801 624//801 704//801
f 623//801 704//801 703//801
f 624//800 625//800 705//800
f 624//800 705//800 704//800
f 625//799 626//799 706//799
f 625//799 706//799 705//799
f 626//798 627//798 707//798
f 626//798 707//798 706//798
f 627//797 628//797 708//797
f 627//797 708//797 707//797
f 628//796 629//796 709//796
f 628//796 709//796 708//796
f 629//795 630//795 710//795
f 629//795 710//795 709//795
f 630//794 631//794 711//794
f 630//794 711//794 710//794
f 631//793 632//793 712//793
f 631//793 712//793 711//793
f 632//792 633//792 713//792
f 632//792 713//792 712//792
f 633//791 634//791 714//791
f 633//791 714//791 713//791
f 634//790 635//790 715//790
f 634//790 715//790 714//790
f 635//789 636//789 716//789
f 635//789 716//789 715//789
f 636//788 637//788 717//788
f 636//788 717//788 716//788
f 637//787 638//787 718//787
f 637//787 718//787 717//787
f 638//786 639//786 719//786
f 638//786 719//786 718//786
f 639//785 640//785 720//785
f 639//785 720//785 719//785
f 642//824 641//824 721//824
f 642//825 721//825 722//825
f 641//826 643//826 723//826
f 641//827 723//827 721//827
f 643//828 644//828 724//828
f 643//829 724//829 723//829
f 644//830 645//830 725//830
f 644//831 725//831 724//831
f 645//832 646//832 726//832
f 645//833 726//833 725//833
f 646//834 647//834 727//834
f 646//835 727//835 726//835
f 647//836 648//836 728//836
f 647//837 728//837 727//837
f 648//838 649//838 729//838
f 648//839 729//839 728//839
f 649//840 650//840 730//840
f 649//841 730//841 729//841
f 650//842 651//842 731//842
f 650//843 731//843 730//843
f 651//844 652//844 732//844
f 651//845 732//845 731//845
f 652//846 653//846 733//846
f 652//847 733//847 732//847
f 653//848 654//848 734//848
f 653//849 734//849 733//849
f 654//850 655//850 735//850
f 654//851 735//851 734//851
f 655//852 656//852 736//852
f 655//853 736//853 735//853
f 656//854 657//854 737//854
f 656//855 737//855 736//855
f 657//856 658//856 738//856
f 657//857 738//857 737//857
f 658//858 659//858 739//858
f 658//859 739//859 738//859
f 659//860 660//860 740//860
f 659//861 740//861 739//861
f 660//862 661//862 741//862
f 660//863 741//863 740//863
f 661//864 662//864 742//864
f 661//865 742//865 741//865
f 662//866 663//866 743//866
f 662//867 743//867 742//867
f 663//868 664//868 744//868
f 663//869 744//869 743//869
f 664//870 665//870 745//870
f 664//871 745//871 744//871
f 665//872 666//872 746//872
f 665//873 746//873 745//873
f 666//874 667//874 747//874
f 666//875 747//875 746//875
f 667//876 668//876 748//876
f 667//877 748//877 747//877
f 668//878 669//878 749//878
f 668//879 749//879 748//879
f 669//880 670//880 750//880
f 669//881 750//881 749//881
f 670//882 671//882 751//882
f 670//883 751//883 750//883
f 671//884 672//884 752//884
f 671//885 752//885 751//885
f 672//886 673//886 753//886
f 672//887 753//887 752//887
f 673//888 674//888 754//888
f 673//889 754//889 753//889
f 674//890 675//890 755//890
f 674//891 755//891 754//891
f 675//892 676//892 756//892
f 675//893 756//893 755//893
f 676//894 677//894 757//894
f 676//895 757//895 756//895
f 677//896 678//896 758//896
f 677//897 758//897 757//897
f 678//898 679//898 759//898
f 678//899 759//899 758//899
f 679//900 680//900 760//900
f 679//901 760//901 759//901
f 680//902 681//902 761//902
f 680//902 761//902 760//902
f 681//903 682//903 762//903
f 681//904 762//904 761//904
f 682//905 683//905 763//905
f 682//906 763//906 762//906
f 683//907 684//907 764//907
f 683//908 764//908 763//908
f 684//909 685//909 765//909
f 684//910 765//910 764//910
f 685//911 686//911 766//911
f 685//912 766//912 765//912
f 686//913 687//913 767//913
f 686//914 767//914 766//914
f 687//915 688//915 768//915
f 687//916 768//916 767//916
f 688//917 689//917 769//917
f 688//918 769//918 768//918
f 689//919 690//919 770//919
f 689//920 770//920 769//920
f 690//921 691//921 771//921
f 690//922 771//922 770//922
f 691//923 692//923 772//923
f 691//924 772//924 771//924
f 692//925 693//925 773//925
f 692//926 773//926 772//926
f 693//927 694//927 774//927
f 693//928 774//928 773//928
f 694//929 695//929 775//929
f 694//930 775//930 774//930
f 695//931 696//931 776//931
f 695//932 776//932 775//932
f 696//933 697//933 777//933
f 696//934 777//934 776//934
f 697//935 698//935 778//935
f 697//936 778//936 777//936
f 698//937 699//937 779//937
f 698//938 779//938 778//938
f 699//939 700//939 780//939
f 699//940 780//940 779//940
f 700//941 701//941 781//941
f 700//942 781//942 780//942
f 701//943 702//943 782//943
f 701//944 782//944 781//944
f 702//945 703//945 783//945
f 702//946 783//946 782//946
f 703//947 704//947 784//947
f 703//948 784//948 783//948
f 704//949 705//949 785//949
f 704//950 785//950 784//950
f 705//951 706//951 786//951
f 705//952 786//952 785//952
f 706//953 707//953 787//953
f 706//954 787//954 786//954
f 707//955 708//955 788//955
f 707//956 788//956 787//956
f 708//957 709//957 789//957
f 708//958 789//958 788//958
f 709//959 710//959 790//959
f 709//960 790//960 789//960
f 710//961 711//961 791//961
f 710//962 791//962 790//962
f 711//963 712//963 792//963
f 711//964 792//964 791//964
f 712//965 713//965 793//965
f 712//966 793//966 792//966
f 713//967 714//967 794//967
f 713//968 794//968 793//968
f 714//969 715//969 795//969
f 714//970 795//970 794//970
f 715//971 716//971 796//971
f 715//972 796//972 795//972
f 716//973 717//973 797//973
f 716//974 797//974 796//974
f 717//975 718//975 798//975
f 717//976 798//976 797//976
f 718//977 719//977 799//977
f 718//978 799//978 798//978
f 719//979 720//979 800//979
f 719//980 800//980 799//980
f 720//981 642//981 722//981
f 720//981 722//981 800//981
f 722//982 721//982 801//982
f 722//982 801//982 802//982
f 721//983 723//983 803//983
f 721//983 803//983 801//983
f 723//984 724//984 804//984
f 723//984 804//984 803//984
f 724//985 725//985 805//985
f 724//985 805//985 804//985
f 725//986 726//986 806//986
f 725//986 806//986 805//986
f 726//987 727//987 807//987
f 726//987 807//987 806//987
f 727//988 728//988 808//988
f 727//988 808//988 807//988
f 728//989 729//989 809//989
f 728//989 809//989 808//989
f 729//990 730//990 810//990
f 729//990 810//990 809//990
f 730//991 731//991 811//991
f 730//991 811//991 810//991
f 731//992 732//992 812//992
f 731//992 812//992 811//992
f 732//993 733//993 813//993
f 732//993 813//993 812//993
f 733//994 734//994 814//994
f 733//994 814//994 813//994
f 734//995 735//995 815//995
f 734//995 815//995 814//995
f 735//996 736//996 816//996
f 735//996 816//996 815//996
f 736//997 737//997 817//997
f 736//997 817//997 816//997
f 737//998 738//998 818//998
f 737//998 818//998 817//998
f 738//999 739//999 819//999
f 738//999 819//999 818//999
f 739//1000 740//1000 820//1000
f 739//1000 820//1000 819//1000
f 740//804 741//804 821//804
f 740//804 821//804 820//804
f 741//1001 742//1001 822//1001
f 741//1001 822//1001 821//1001
f 742//1002 743//1002 823//1002
f 742//1002 823//1002 822//1002
f 743//1003 744//1003 824//1003
f 743//1003 824//1003 823//1003
f 744//1004 745//1004 825//1004
f 744//1004 825//1004 824//1004
f 745//1005 746//1005 826//1005
f 745//1005 826//1005 825//1005
f 746//1006 747//1006 827//1006
f 746//1006 827//1006 826//1006
f 747//1007 748//1007 828//1007
f 747//1007 828//1007 827//1007
f 748//1008 749//1008 829//1008
f 748//1008 829//1008 828//1008
f 749//1009 750//1009 830//1009
f 749//1009 830//1009 829//1009
f 750//1010 751//1010 831//1010
f 750//1010 831//1010 830//1010
f 751//1011 752//1011 832//1011
f 751//1011 832//1011 831//1011
f 752//1012 753//1012 833//1012
f 752//1012 833//1012 832//1012
f 753//1013 754//1013 834//1013
f 753//1013 834//1013 833//1013
f 754//1014 755//1014 835//1014
f 754//1014 835//1014 834//1014
f 755//1015 756//1015 836//1015
f 755//1015 836//1015 835//1015
f 756//1016 757//1016 837//1016
f 756//1016 837//1016 836//1016
f 757//1017 758//1017 838//1017
f 757//1017 838//1017 837//1017
f 758//1018 759//1018 839//1018
f 758//1018 839//1018 838//1018
f 759//1019 760//1019 840//1019
f 759//1019 840//1019 839//1019
f 761//1019 762//1019 842//1019
f 761//1019 842//1019 841//1019
f 762//1018 763//1018 843//1018
f 762//1018 843//1018 842//1018
f 763//1017 764//1017 844//1017
f 763//1017 844//1017 843//1017
f 764//1016 765//1016 845//1016
f 764//1016 845//1016 844//1016
f 765//1015 766//1015 846//1015
f 765//1015 846//1015 845//1015
f 766//1014 767//1014 847//1014
f 766//1014 847//1014 846//1014
f 767//1013 768//1013 848//1013
f 767//1013 848//1013 847//1013
f 768//1012 769//1012 849//1012
f 768//1012 849//1012 848//1012
f 769//1011 770//1011 850//1011
f 769//1011 850//1011 849//1011
f 770//1010 771//1010 851//1010
f 770//1010 851//1010 850//1010
f 771//1009 772//1009 852//1009
f 771//1009 852//1009 851//1009
f 772//1008 773//1008 853//1008
f 772//1008 853//1008 852//1008
f 773//1007 774//1007 854//1007
f 773//1007 854//1007 853//1007
f 774//1006 775//1006 855//1006
f 774//1006 855//1006 854//1006
f 775//1005 776//1005 856//1005
f 775//1005 856//1005 855//1005
f 776//1004 777//1004 857//1004
f 776//1004 857//1004 856//1004
f 777//1003 778//1003 858//1003
f 777//1003 858//1003 857//1003
f 778//1002 779//1002 859//1002
f 778//1002 859//1002 858//1002
f 779//1001 780//1001 860//1001
f 779//1001 860//1001 859//1001
f 780//804 781//804 861//804
f 780//804 861//804 860//804
f 781//1000 782//1000 862//1000
f 781//1000 862//1000 861//1000
f 782//999 783//999 863//999
f 782//999 863//999 862//999
f 783//998 784//998 864//998
f 783//998 864//998 863//998
f 784//997 785//997 865//997
f 784//997 865//997 864//997
f 785//996 786//996 866//996
f 785//996 866//996 865//996
f 786//995 787//995 867//995
f 786//995 867//995 866//995
f 787//994 788//994 868//994
f 787//994 868//994 867//994
f 788//993 789//993 869//993
f 788//993 869//993 868//993
f 789//992 790//992 870//992
f 789//992 870//992 869//992
f 790//991 791//991 871//991
f 790//991 871//991 870//991
f 791//990 792//990 872//990
f 791//990 872//990 871//990
f 792//989 793//989 873//989
f 792//989 873//989 872//989
f 793//988 794//988 874//988
f 793//988 874//988 873//988
f 794//987 795//987 875//987
f 794//987 875//987 874//987
f 795//986 796//986 876//986
f 795//986 876//986 875//986
f 796//985 797//985 877//985
f 796//985 877//985 876//985
f 797//984 798//984 878//984
f 797//984 878//984 877//984
f 798//983 799//983 879//983
f 798//983 879//983 878//983
f 799//982 800//982 880//982
f 799//982 880//982 879//982
f 802//1020 801//1020 881//1020
f 802//1021 881//1021 882//1021
f 801//1022 803//1022 883//1022
f 801//1023 883//1023 881//1023
f 803//1024 804//1024 884//1024
f 803//1025 884//1025 883//1025
f 804//1026 805//1026 885//1026
f 804//1027 885//1027 884//1027
f 805//1028 806//1028 886//1028
f 805//1029 886//1029 885//1029
f 806//1030 807//1030 887//1030
f 806//1031 887//1031 886//1031
f 807//1032 808//1032 888//1032
f 807//1033 888//1033 887//1033
f 808//1034 809//1034 889//1034
f 808//1035 889//1035 888//1035
f 809//1036 810//1036 890//1036
f 809//1037 890//1037 889//1037
f 810//1038 811//1038 891//1038
f 810//1039 891//1039 890//1039
f 811//1040 812//1040 892//1040
f 811//1041 892//1041 891//1041
f 812//1042 813//1042 893//1042
f 812//1043 893//1043 892//1043
f 813//1044 814//1044 894//1044
f 813//1045 894//1045 893//1045
f 814//1046 815//1046 895//1046
f 814//1047 895//1047 894//1047
f 815//1048 816//1048 896//1048
f 815//1049 896//1049 895//1049
f 816//1050 817//1050 897//1050
f 816//1051 897//1051 896//1051
f 817//1052 818//1052 898//1052
f 817//1053 898//1053 897//1053
f 818//1054 819//1054 899//1054
f 818//1055 899//1055 898//1055
f 819//1056 820//1056 900//1056
f 819//1057 900//1057 899//1057
f 820//1058 821//1058 901//1058
f 820//1059 901//1059 900//1059
f 821//1060 822//1060 902//1060
f 821//1061 902//1061 901//1061
f 822//1062 823//1062 903//1062
f 822//1063 903//1063 902//1063
f 823//1064 824//1064 904//1064
f 823//1065 904//1065 903//1065
f 824//1066 825//1066 905//1066
f 824//1067 905//1067 904//1067
f 825//1068 826//1068 906//1068
f 825//1069 906//1069 905//1069
f 826//1070 827//1070 907//1070
f 826//1071 907//1071 906//1071
f 827//1072 828//1072 908//1072
f 827//1073 908//1073 907//1073
f 828//1074 829//1074 909//1074
f 828//1075 909//1075 908//1075
f 829//1076 830//1076 910//1076
f 829//1077 910//1077 909//1077
f 830//1078 831//1078 911//1078
f 830//1079 911//1079 910//1079
f 831//1080 832//1080 912//1080
f 831//1081 912//1081 911//1081
f 832//1082 833//1082 913//1082
f 832//1083 913//1083 912//1083
f 833//1084 834//1084 914//1084
f 833//1085 914//1085 913//1085
f 834//1086 835//1086 915//1086
f 834//1087 915//1087 914//1087
f 835//1088 836//1088 916//1088
f 835//1089 916//1089 915//1089
f 836//1090 837//1090 917//1090
f 836//1091 917//1091 916//1091
f 837//1092 838//1092 918//1092
f 837//1093 918//1093 917//1093
f 838//1094 839//1094 919//1094
f 838//1095 919//1095 918//1095
f 839//1096 840//1096 920//1096
f 839//1097 920//1097 919//1097
f 840//1098 841//1098 921//1098
f 840//1098 921//1098 920//1098
f 841//1099 842//1099 922//1099
f 841//1100 922//1100 921//1100
f 842//1101 843//1101 923//1101
f 842//1102 923//1102 922//1102
f 843//1103 844//1103 924//1103
f 843//1104 924//1104 923//1104
f 844//1105 845//1105 925//1105
f 844//1106 925//1106 924//1106
f 845//1107 846//1107 926//1107
f 845//1108 926//1108 925//1108
f 846//1109 847//1109 927//1109
f 846//1110 927//1110 926//1110
f 847//1111 848//1111 928//1111
f 847//1112 928//1112 927//1112
f 848//1113 849//1113 929//1113
f 848//1114 929//1114 928//1114
f 849//1115 850//1115 930//1115
f 849//1116 930//1116 929//1116
f 850//1117 851//1117 931//1117
f 850//1118 931//1118 930//1118
f 851//1119 852//1119 932//1119
f 851//1120 932//1120 931//1120
f 852//1121 853//1121 933//1121
f 852//1122 933//1122 932//1122
f 853//1123 854//1123 934//1123
f 853//1124 934//1124 933//1124
f 854//1125 855//1125 935//1125
f 854//1126 935//1126 934//1126
f 855//1127 856//1127 936//1127
f 855//1128 936//1128 935//1128
f 856//1129 857//1129 937//1129
f 856//1130 937//1130 936//1130
f 857//1131 858//1131 938//1131
f 857//1132 938//1132 937//1132
f 858//1133 859//1133 939//1133
f 858//1134 939//1134 938//1134
f 859//1135 860//1135 940//1135
f 859//1136 940//1136 939//1136
f 860//1137 861//1137 941//1137
f 860//1138 941//1138 940//1138
f 861//1139 862//1139 942//1139
f 861//1140 942//1140 941//1140
f 862//1141 863//1141 943//1141
f 862//1142 943//1142 942//1142
f 863//1143 864//1143 944//1143
f 863//1144 944//1144 943//1144
f 864//1145 865//1145 945//1145
f 864//1146 945//1146 944//1146
f 865//1147 866//1147 946//1147
f 865//1148 946//1148 945//1148
f 866//1149 867//1149 947//1149
f 866//1150 947//1150 946//1150
f 867//1151 868//1151 948//1151
f 867//1152 948//1152 947//1152
f 868//1153 869//1153 949//1153
f 868//1154 949//1154 948//1154
f 869//1155 870//1155 950//1155
f 869//1156 950//1156 949//1156
f 870//1157 871//1157 951//1157
f 870//1158 951//1158 950//1158
f 871//1159 872//1159 952//1159
f 871//1160 952//1160 951//1160
f 872//1161 873//1161 953//1161
f 872//1162 953//1162 952//1162
f 873//1163 874//1163 954//1163
f 873//1164 954//1164 953//1164
f 874//1165 875//1165 955//1165
f 874//1166 955//1166 954//1166
f 875//1167 876//1167 956//1167
f 875//1168 956//1168 955//1168
f 876//1169 877//1169 957//1169
f 876//1170 957//1170 956//1170
f 877//1171 878//1171 958//1171
f 877//1172 958//1172 957//1172
f 878//1173 879//1173 959//1173
f 878//1174 959//1174 958//1174
f 879//1175 880//1175 960//1175
f 879//1176 960//1176 959//1176
f 880//981 802//981 882//981
f 880//981 882//981 960//981
f 882//1177 881//1177 961//1177
f 882//1177 961//1177 962//1177
f 881//1178 883//1178 963//1178
f 881//1178 963//1178 961//1178
f 883//1179 884//1179 964//1179
f 883//1179 964//1179 963//1179
f 884//1180 885//1180 965//1180
f 884//1180 965//1180 964//1180
f 885//1181 886//1181 966//1181
f 885//1181 966//1181 965//1181
f 886//1182 887//1182 967//1182
f 886//1182 967//1182 966//1182
f 887//1183 888//1183 968//1183
f 887//1183 968//1183 967//1183
f 888//1184 889//1184 969//1184
f 888//1184 969//1184 968//1184
f 889//1185 890//1185 970//1185
f 889//1185 970//1185 969//1185
f 890//1186 891//1186 971//1186
f 890//1186 971//1186 970//1186
f 891//1187 892//1187 972//1187
f 891//1187 972//1187 971//1187
f 892//1188 893//1188 973//1188
f 892//1188 973//1188 972//1188
f 893//1189 894//1189 974//1189
f 893//1189 974//1189 973//1189
f 894//1190 895//1190 975//1190
f 894//1190 975//1190 974//1190
f 895//1191 896//1191 976//1191
f 895//1191 976//1191 975//1191
f 896//1192 897//1192 977//1192
f 896//1192 977//1192 976//1192
f 897//1193 898//1193 978//1193
f 897//1193 978//1193 977//1193
f 898//1194 899//1194 979//1194
f 898//1194 979//1194 978//1194
f 899//1195 900//1195 980//1195
f 899//1195 980//1195 979//1195
f 900//804 901//804 981//804
f 900//804 981//804 980//804
f 901//1196 902//1196 982//1196
f 901//1196 982//1196 981//1196
f 902//1197 903//1197 983//1197
f 902//1197 983//1197 982//1197
f 903//1198 904//1198 984//1198
f 903//1198 984//1198 983//1198
f 904//1199 905//1199 985//1199
f 904//1199 985//1199 984//1199
f 905//1200 906//1200 986//1200
f 905//1200 986//1200 985//1200
f 906//1201 907//1201 987//1201
f 906//1201 987//1201 986//1201
f 907//1202 908//1202 988//1202
f 907//1202 988//1202 987//1202
f 908//1203 909//1203 989//1203
f 908//1203 989//1203 988//1203
f 909//1204 910//1204 990//1204
f 909//1204 990//1204 989//1204
f 910//1205 911//1205 991//1205
f 910//1205 991//1205 990//1205
f 911//1206 912//1206 992//1206
f 911//1206 992//1206 991//1206
f 912//1207 913//1207 993//1207
f 912//1207 993//1207 992//1207
f 913//1208 914//1208 994//1208
f 913//1208 994//1208 993//1208
f 914//1209 915//1209 995//1209
f 914//1209 995//1209 994//1209
f 915//1210 916//1210 996//1210
f 915//1210 996//1210 995//1210
f 916//1211 917//1211 997//1211
f 916//1211 997//1211 996//1211
f 917//1212 918//1212 998//1212
f 917//1212 998//1212 997//1212
f 918//1213 919//1213 999//1213
f 918//1213 999//1213 998//1213
f 919//1214 920//1214 1000//1214
f 919//1214 1000//1214 999//1214
f 921//1214 922//1214 1002//1214
f 921//1214 1002//1214 1001//1214
f 922//1213 923//1213 1003//1213
f 922//1213 1003//1213 1002//1213
f 923//1212 924//1212 1004//1212
f 923//1212 1004//1212 1003//1212
f 924//1211 925//1211 1005//1211
f 924//1211 1005//1211 1004//1211
f 925//1210 926//1210 1006//1210
f 925//1210 1006//1210 1005//1210
f 926//1209 927//1209 1007//1209
f 926//1209 1007//1209 1006//1209
f 927//1208 928//1208 1008//1208
f 927//1208 1008//1208 1007//1208
f 928//1207 929//1207 1009//1207
f 928//1207 1009//1207 1008//1207
f 929//1206 930//1206 1010//1206
f 929//1206 1010//1206 1009//1206
f 930//1205 931//1205 1011//1205
f 930//1205 1011//1205 1010//1205
f 931//1204 932//1204 1012//1204
f 931//1204 1012//1204 1011//1204
f 932//1203 933//1203 1013//1203
f 932//1203 1013//1203 1012//1203
f 933//1202 934//1202 1014//1202
f 933//1202 1014//1202 1013//1202
f 934//1201 935//1201 1015//1201
f 934//1201 1015//1201 1014//1201
f 935//1200 936//1200 1016//1200
f 935//1200 1016//1200 1015//1200
f 936//1199 937//1199 1017//1199
f 936//1199 1017//1199 1016//1199
f 937//1198 938//1198 1018//1198
f 937//1198 1018//1198 1017//1198
f 938//1197 939//1197 1019//1197
f 938//1197 1019//1197 1018//1197
f 939//1196 940//1196 1020//1196
f 939//1196 1020//1196 1019//1196
f 940//804 941//804 1021//804
f 940//804 1021//804 1020//804
f 941//1195 942//1195 1022//1195
f 941//1195 1022//1195 1021//1195
f 942//1194 943//1194 1023//1194
f 942//1194 1023//1194 1022//1194
f 943//1193 944//1193 1024//1193
f 943//1193 1024//1193 1023//1193
f 944//1192 945//1192 1025//1192
f 944//1192 1025//1192 1024//1192
f 945//1191 946//1191 1026//1191
f 945//1191 1026//1191 1025//1191
f 946//1190 947//1190 1027//1190
f 946//1190 1027//1190 1026//1190
f 947//1189 948//1189 1028//1189
f 947//1189 1028//1189 1027//1189
f 948//1188 949//1188 1029//1188
f 948//1188 1029//1188 1028//1188
f 949//1187 950//1187 1030//1187
f 949//1187 1030//1187 1029//1187
f 950//1186 951//1186 1031//1186
f 950//1186 1031//1186 1030//1186
f 951//1185 952//1185 1032//1185
f 951//1185 1032//1185 1031//1185
f 952//1184 953//1184 1033//1184
f 952//1184 1033//1184 1032//1184
f 953//1183 954//1183 1034//1183
f 953//1183 1034//1183 1033//1183
f 954//1182 955//1182 1035//1182
f 954//1182 1035//1182 1034//1182
f 955//1181 956//1181 1036//1181
f 955//1181 1036//1181 1035//1181
f 956//1180 957//1180 1037//1180
f 956//1180 1037//1180 1036//1180
f 957//1179 958//1179 1038//1179
f 957//1179 1038//1179 1037//1179
f 958//1178 959//1178 1039//1178
f 958//1178 1039//1178 1038//1178
f 959//1177 960//1177 1040//1177
f 959//1177 1040//1177 1039//1177
f 962//1215 961//1215 1041//1215
f 962//1216 1041//1216 1042//1216
f 961//1217 963//1217 1043//1217
f 961//1218 1043//1218 1041//1218
f 963//1219 964//1219 1044//1219
f 963//1220 1044//1220 1043//1220
f 964//1221 965//1221 1045//1221
f 964//1222 1045//1222 1044//1222
f 965//1223 966//1223 1046//1223
f 965//1224 1046//1224 1045//1224
f 966//1225 967//1225 1047//1225
f 966//1226 1047//1226 1046//1226
f 967//1227 968//1227 1048//1227
f 967//1228 1048//1228 1047//1228
f 968//1229 969//1229 1049//1229
f 968//1230 1049//1230 1048//1230
f 969//1231 970//1231 1050//1231
f 969//1232 1050//1232 1049//1232
f 970//1233 971//1233 1051//1233
f 970//1234 1051//1234 1050//1234
f 971//1235 972//1235 1052//1235
f 971//1236 1052//1236 1051//1236
f 972//1237 973//1237 1053//1237
f 972//1238 1053//1238 1052//1238
f 973//1239 974//1239 1054//1239
f 973//1240 1054//1240 1053//1240
f 974//1241 975//1241 1055//1241
f 974//1242 1055//1242 1054//1242
f 975//1243 976//1243 1056//1243
f 975//1244 1056//1244 1055//1244
f 976//1245 977//1245 1057//1245
f 976//1246 1057//1246 1056//1246
f 977//1247 978//1247 1058//1247
f 977//1248 1058//1248 1057//1248
f 978//1249 979//1249 1059//1249
f 978//1250 1059//1250 1058//1250
f 979//1251 980//1251 1060//1251
f 979//1252 1060//1252 1059//1252
f 980//1253 981//1253 1061//1253
f 980//1254 1061//1254 1060//1254
f 981//1255 982//1255 1062//1255
f 981//1256 1062//1256 1061//1256
f 982//1257 983//1257 1063//1257
f 982//1258 1063//1258 1062//1258
f 983//1259 984//1259 1064//1259
f 983//1260 1064//1260 1063//1260
f 984//1261 985//1261 1065//1261
f 984//1262 1065//1262 1064//1262
f 985//1263 986//1263 1066//1263
f 985//1264 1066//1264 1065//1264
f 986//1265 987//1265 1067//1265
f 986//1266 1067//1266 1066//1266
f 987//1267 988//1267 1068//1267
f 987//1268 1068//1268 1067//1268
f 988//1269 989//1269 1069//1269
f 988//1270 1069//1270 1068//1270
f 989//1271 990//1271 1070//1271
f 989//1272 1070//1272 1069//1272
f 990//1273 991//1273 1071//1273
f 990//1274 1071//1274 1070//1274
f 991//1275 992//1275 1072//1275
f 991//1276 1072//1276 1071//1276
f 992//1277 993//1277 1073//1277
f 992//1278 1073//1278 1072//1278
f 993//1279 994//1279 1074//1279
f 993//1280 1074//1280 1073//1280
f 994//1281 995//1281 1075//1281
f 994//1282 1075//1282 1074//1282
f 995//1283 996//1283 1076//1283
f 995//1284 1076//1284 1075//1284
f 996//1285 997//1285 1077//1285
f 996//1286 1077//1286 1076//1286
f 997//1287 998//1287 1078//1287
f 997//1288 1078//1288 1077//1288
f 998//1289 999//1289 1079//1289
f 998//1290 1079//1290 1078//1290
f 999//1291 1000//1291 1080//1291
f 999//1292 1080//1292 1079//1292
f 1000//705 1001//705 1081//705
f 1000//705 1081//705 1080//705
f 1001//1293 1002//1293 1082//1293
f 1001//1294 1082//1294 1081//1294
f 1002//1295 1003//1295 1083//1295
f 1002//1296 1083//1296 1082//1296
f 1003//1297 1004//1297 1084//1297
f 1003//1298 1084//1298 1083//1298
f 1004//1299 1005//1299 1085//1299
f 1004//1300 1085//1300 1084//1300
f 1005//1301 1006//1301 1086//1301
f 1005//1302 1086//1302 1085//1302
f 1006//1303 1007//1303 1087//1303
f 1006//1304 1087//1304 1086//1304
f 1007//1305 1008//1305 1088//1305
f 1007//1306 1088//1306 1087//1306
f 1008//1307 1009//1307 1089//1307
f 1008//1308 1089//1308 1088//1308
f 1009//1309 1010//1309 1090//1309
f 1009//1310 1090//1310 1089//1310
f 1010//1311 1011//1311 1091//1311
f 1010//1312 1091//1312 1090//1312
f 1011//1313 1012//1313 1092//1313
f 1011//1314 1092//1314 1091//1314
f 1012//1315 1013//1315 1093//1315
f 1012//1316 1093//1316 1092//1316
f 1013//1317 1014//1317 1094//1317
f 1013//1318 1094//1318 1093//1318
f 1014//1319 1015//1319 1095//1319
f 1014//1320 1095//1320 1094//1320
f 1015//1321 1016//1321 1096//1321
f 1015//1322 1096//1322 1095//1322
f 1016//1323 1017//1323 1097//1323
f 1016//1324 1097//1324 1096//1324
f 1017//1325 1018//1325 1098//1325
f 1017//1326 1098//1326 1097//1326
f 1018//1327 1019//1327 1099//1327
f 1018//1328 1099//1328 1098//1328
f 1019//1329 1020//1329 1100//1329
f 1019//1330 1100//1330 1099//1330
f 1020//1331 1021//1331 1101//1331
f 1020//1332 1101//1332 1100//1332
f 1021//1333 1022//1333 1102//1333
f 1021//1334 1102//1334 1101//1334
f 1022//1335 1023//1335 1103//1335
f 1022//1336 1103//1336 1102//1336
f 1023//1337 1024//1337 1104//1337
f 1023//1338 1104//1338 1103//1338
f 1024//1339 1025//1339 1105//1339
f 1024//1340 1105//1340 1104//1340
f 1025//1341 1026//1341 1106//1341
f 1025//1342 1106//1342 1105//1342
f 1026//1343 1027//1343 1107//1343
f 1026//1344 1107//1344 1106//1344
f 1027//1345 1028//1345 1108//1345
f 1027//1346 1108//1346 1107//1346
f 1028//1347 1029//1347 1109//1347
f 1028//1348 1109//1348 1108//1348
f 1029//1349 1030//1349 1110//1349
f 1029//1350 1110//1350 1109//1350
f 1030//1351 1031//1351 1111//1351
f 1030//1352 1111//1352 1110//1352
f 1031//1353 1032//1353 1112//1353
f 1031//1354 1112//1354 1111//1354
f 1032//1355 1033//1355 1113//1355
f 1032//1356 1113//1356 1112//1356
f 1033//1357 1034//1357 1114//1357
f 1033//1358 1114//1358 1113//1358
f 1034//1359 1035//1359 1115//1359
f 1034//1360 1115//1360 1114//1360
f 1035//1361 1036//1361 1116//1361
f 1035//1362 1116//1362 1115//1362
f 1036//1363 1037//1363 1117//1363
f 1036//1364 1117//1364 1116//1364
f 1037//1365 1038//1365 1118//1365
f 1037//1366 1118//1366 1117//1366
f 1038//1367 1039//1367 1119//1367
f 1038//1368 1119//1368 1118//1368
f 1039//1369 1040//1369 1120//1369
f 1039//1370 1120//1370 1119//1370
f 1040//1371 962//1371 1042//1371
f 1040//1371 1042//1371 1120//1371
f 1042//1372 1041//1372 1121//1372
f 1042//1372 1121//1372 1122//1372
f 1041//1373 1043//1373 1123//1373
f 1041//1373 1123//1373 1121//1373
f 1043//1374 1044//1374 1124//1374
f 1043//1374 1124//1374 1123//1374
f 1044//1375 1045//1375 1125//1375
f 1044//1375 1125//1375 1124//1375
f 1045//1376 1046//1376 1126//1376
f 1045//1376 1126//1376 1125//1376
f 1046//1377 1047//1377 1127//1377
f 1046//1377 1127//1377 1126//1377
f 1047//1378 1048//1378 1128//1378
f 1047//1378 1128//1378 1127//1378
f 1048//1379 1049//1379 1129//1379
f 1048//1379 1129//1379 1128//1379
f 1049//1380 1050//1380 1130//1380
f 1049//1380 1130//1380 1129//1380
f 1050//1381 1051//1381 1131//1381
f 1050//1381 1131//1381 1130//1381
f 1051//1382 1052//1382 1132//1382
f 1051//1382 1132//1382 1131//1382
f 1052//1383 1053//1383 1133//1383
f 1052//1383 1133//1383 1132//1383
f 1053//1384 1054//1384 1134//1384
f 1053//1384 1134//1384 1133//1384
f 1054//1385 1055//1385 1135//1385
f 1054//1385 1135//1385 1134//1385
f 1055//1386 1056//1386 1136//1386
f 1055//1386 1136//1386 1135//1386
f 1056//1387 1057//1387 1137//1387
f 1056//1387 1137//1387 1136//1387
f 1057//1388 1058//1388 1138//1388
f 1057//1388 1138//1388 1137//1388
f 1058//1389 1059//1389 1139//1389
f 1058//1389 1139//1389 1138//1389
f 1059//1390 1060//1390 1140//1390
f 1059//1390 1140//1390 1139//1390
f 1060//1391 1061//1391 1141//1391
f 1060//1391 1141//1391 1140//1391
f 1061//1392 1062//1392 1142//1392
f 1061//1392 1142//1392 1141//1392
f 1062//1393 1063//1393 1143//1393
f 1062//1393 1143//1393 1142//1393
f 1063//1394 1064//1394 1144//1394
f 1063//1394 1144//1394 1143//1394
f 1064//1395 1065//1395 1145//1395
f 1064//1395 1145//1395 1144//1395
f 1065//1396 1066//1396 1146//1396
f 1065//1396 1146//1396 1145//1396
f 1066//1397 1067//1397 1147//1397
f 1066//1397 1147//1397 1146//1397
f 1067//1398 1068//1398 1148//1398
f 1067//1398 1148//1398 1147//1398
f 1068//1399 1069//1399 1149//1399
f 1068//1399 1149//1399 1148//1399
f 1069//1400 1070//1400 1150//1400
f 1069//1400 1150//1400 1149//1400
f 1070//1401 1071//1401 1151//1401
f 1070//1401 1151//1401 1150//1401
f 1071//1402 1072//1402 1152//1402
f 1071//1402 1152//1402 1151//1402
f 1072//1403 1073//1403 1153//1403
f 1072//1403 1153//1403 1152//1403
f 1073//1404 1074//1404 1154//1404
f 1073//1404 1154//1404 1153//1404
f 1074//1405 1075//1405 1155//1405
f 1074//1405 1155//1405 1154//1405
f 1075//1406 1076//1406 1156//1406
f 1075//1406 1156//1406 1155//1406
f 1076//1407 1077//1407 1157//1407
f 1076//1407 1157//1407 1156//1407
f 1077//1408 1078//1408 1158//1408
f 1077//1408 1158//1408 1157//1408
f 1078//1409 1079//1409 1159//1409
f 1078//1409 1159//1409 1158//1409
f 1079//1410 1080//1410 1160//1410
f 1079//1410 1160//1410 1159//1410
f 1081//1410 1082//1410 1162//1410
f 1081//1410 1162//1410 1161//1410
f 1082//1409 1083//1409 1163//1409
f 1082//1409 1163//1409 1162//1409
f 1083//1408 1084//1408 1164//1408
f 1083//1408 1164//1408 1163//1408
f 1084//1407 1085//1407 1165//1407
f 1084//1407 1165//1407 1164//1407
f 1085//1406 1086//1406 1166//1406
f 1085//1406 1166//1406 1165//1406
f 1086//1405 1087//1405 1167//1405
f 1086//1405 1167//1405 1166//1405
f 1087//1404 1088//1404 1168//1404
f 1087//1404 1168//1404 1167//1404
f 1088//1403 1089//1403 1169//1403
f 1088//1403 1169//1403 1168//1403
f 1089//1402 1090//1402 1170//1402
f 1089//1402 1170//1402 1169//1402
f 1090//1401 1091//1401 1171//1401
f 1090//1401 1171//1401 1170//1401
f 1091//1400 1092//1400 1172//1400
f 1091//1400 1172//1400 1171//1400
f 1092//1399 1093//1399 1173//1399
f 1092//1399 1173//1399 1172//1399
f 1093//1398 1094//1398 1174//1398
f 1093//1398 1174//1398 1173//1398
f 1094//1397 1095//1397 1175//1397
f 1094//1397 1175//1397 1174//1397
f 1095//1396 1096//1396 1176//1396
f 1095//1396 1176//1396 1175//1396
f 1096//1395 1097//1395 1177//1395
f 1096//1395 1177//1395 1176//1395
f 1097//1394 1098//1394 1178//1394
f 1097//1394 1178//1394 1177//1394
f 1098//1393 1099//1393 1179//1393
f 1098//1393 1179//1393 1178//1393
f 1099//1392 1100//1392 1180//1392
f 1099//1392 1180//1392 1179//1392
f 1100//1391 1101//1391 1181//1391
f 1100//1391 1181//1391 1180//1391
f 1101//1390 1102//1390 1182//1390
f 1101//1390 1182//1390 1181//1390
f 1102//1389 1103//1389 1183//1389
f 1102//1389 1183//1389 1182//1389
f 1103//1388 1104//1388 1184//1388
f 1103//1388 1184//1388 1183//1388
f 1104//1387 1105//1387 1185//1387
f 1104//1387 1185//1387 1184//1387
f 1105//1386 1106//1386 1186//1386
f 1105//1386 1186//1386 1185//1386
f 1106//1385 1107//1385 1187//1385
f 1106//1385 1187//1385 1186//1385
f 1107//1384 1108//1384 1188//1384
f 1107//1384 1188//1384 1187//1384
f 1108//1383 1109//1383 1189//1383
f 1108//1383 1189//1383 1188//1383
f 1109//1382 1110//1382 1190//1382
f 1109//1382 1190//1382 1189//1382
f 1110//1381 1111//1381 1191//1381
f 1110//1381 1191//1381 1190//1381
f 1111//1380 1112//1380 1192//1380
f 1111//1380 1192//1380 1191//1380
f 1112//1379 1113//1379 1193//1379
f 1112//1379 1193//1379 1192//1379
f 1113//1378 1114//1378 1194//1378
f 1113//1378 1194//1378 1193//1378
f 1114//1377 1115//1377 1195//1377
f 1114//1377 1195//1377 1194//1377
f 1115//1376 1116//1376 1196//1376
f 1115//1376 1196//1376 1195//1376
f 1116//1375 1117//1375 1197//1375
f 1116//1375 1197//1375 1196//1375
f 1117//1374 1118//1374 1198//1374
f 1117//1374 1198//1374 1197//1374
f 1118//1373 1119//1373 1199//1373
f 1118//1373 1199//1373 1198//1373
f 1119//1372 1120//1372 1200//1372
f 1119//1372 1200//1372 1199//1372
f 1122//1411 1121//1411 1201//1411
f 1122//1412 1201//1412 1202//1412
f 1121//1413 1123//1413 1203//1413
f 1121//1414 1203//1414 1201//1414
f 1123//1415 1124//1415 1204//1415
f 1123//1416 1204//1416 1203//1416
f 1124//1417 1125//1417 1205//1417
f 1124//1418 1205//1418 1204//1418
f 1125//1419 1126//1419 1206//1419
f 1125//1420 1206//1420 1205//1420
f 1126//1421 1127//1421 1207//1421
f 1126//1422 1207//1422 1206//1422
f 1127//1423 1128//1423 1208//1423
f 1127//1424 1208//1424 1207//1424
f 1128//1425 1129//1425 1209//1425
f 1128//1426 1209//1426 1208//1426
f 1129//1427 1130//1427 1210//1427
f 1129//1428 1210//1428 1209//1428
f 1130//1429 1131//1429 1211//1429
f 1130//1430 1211//1430 1210//1430
f 1131//1431 1132//1431 1212//1431
f 1131//1432 1212//1432 1211//1432
f 1132//1433 1133//1433 1213//1433
f 1132//1434 1213//1434 1212//1434
f 1133//1435 1134//1435 1214//1435
f 1133//1436 1214//1436 1213//1436
f 1134//1437 1135//1437 1215//1437
f 1134//1438 1215//1438 1214//1438
f 1135//1439 1136//1439 1216//1439
f 1135//1440 1216//1440 1215//1440
f 1136//1441 1137//1441 1217//1441
f 1136//1442 1217//1442 1216//1442
f 1137//1443 1138//1443 1218//1443
f 1137//1444 1218//1444 1217//1444
f 1138//1445 1139//1445 1219//1445
f 1138//1446 1219//1446 1218//1446
f 1139//1447 1140//1447 1220//1447
f 1139//1448 1220//1448 1219//1448
f 1140//1449 1141//1449 1221//1449
f 1140//1450 1221//1450 1220//1450
f 1141//1451 1142//1451 1222//1451
f 1141//1452 1222//1452 1221//1452
f 1142//1453 1143//1453 1223//1453
f 1142//1454 1223//1454 1222//1454
f 1143//1455 1144//1455 1224//1455
f 1143//1456 1224//1456 1223//1456
f 1144//1457 1145//1457 1225//1457
f 1144//1458 1225//1458 1224//1458
f 1145//1459 1146//1459 1226//1459
f 1145//1460 1226//1460 1225//1460
f 1146//1461 1147//1461 1227//1461
f 1146//1462 1227//1462 1226//1462
f 1147//1463 1148//1463 1228//1463
f 1147//1464 1228//1464 1227//1464
f 1148//1465 1149//1465 1229//1465
f 1148//1466 1229//1466 1228//1466
f 1149//1467 1150//1467 1230//1467
f 1149//1468 1230//1468 1229//1468
f 1150//1469 1151//1469 1231//1469
f 1150//1470 1231//1470 1230//1470
f 1151//1471 1152//1471 1232//1471
f 1151//1472 1232//1472 1231//1472
f 1152//1473 1153//1473 1233//1473
f 1152//1474 1233//1474 1232//1474
f 1153//1475 1154//1475 1234//1475
f 1153//1476 1234//1476 1233//1476
f 1154//1477 1155//1477 1235//1477
f 1154//1478 1235//1478 1234//1478
f 1155//1479 1156//1479 1236//1479
f 1155//1480 1236//1480 1235//1480
f 1156//1481 1157//1481 1237//1481
f 1156//1482 1237//1482 1236//1482
f 1157//1483 1158//1483 1238//1483
f 1157//1484 1238//1484 1237//1484
f 1158//1485 1159//1485 1239//1485
f 1158//1486 1239//1486 1238//1486
f 1159//1487 1160//1487 1240//1487
f 1159//1488 1240//1488 1239//1488
f 1160//1489 1161//1489 1241//1489
f 1160//1489 1241//1489 1240//1489
f 1161//1490 1162//1490 1242//1490
f 1161//1491 1242//1491 1241//1491
f 1162//1492 1163//1492 1243//1492
f 1162//1493 1243//1493 1242//1493
f 1163//1494 1164//1494 1244//1494
f 1163//1495 1244//1495 1243//1495
f 1164//1496 1165//1496 1245//1496
f 1164//1497 1245//1497 1244//1497
f 1165//1498 1166//1498 1246//1498
f 1165//1499 1246//1499 1245//1499
f 1166//1500 1167//1500 1247//1500
f 1166//1501 1247//1501 1246//1501
f 1167//1502 1168//1502 1248//1502
f 1167//1503 1248//1503 1247//1503
f 1168//1504 1169//1504 1249//1504
f 1168//1505 1249//1505 1248//1505
f 1169//1506 1170//1506 1250//1506
f 1169//1507 1250//1507 1249//1507
f 1170//1508 1171//1508 1251//1508
f 1170//1509 1251//1509 1250//1509
f 1171//1510 1172//1510 1252//1510
f 1171//1511 1252//1511 1251//1511
f 1172//1512 1173//1512 1253//1512
f 1172//1513 1253//1513 1252//1513
f 1173//1514 1174//1514 1254//1514
f 1173//1515 1254//1515 1253//1515
f 1174//1516 1175//1516 1255//1516
f 1174//1517 1255//1517 1254//1517
f 1175//1518 1176//1518 1256//1518
f 1175//1519 1256//1519 1255//1519
f 1176//1520 1177//1520 1257//1520
f 1176//1521 1257//1521 1256//1521
f 1177//1522 1178//1522 1258//1522
f 1177//1523 1258//1523 1257//1523
f 1178//1524 1179//1524 1259//1524
f 1178//1525 1259//1525 1258//1525
f 1179//1526 1180//1526 1260//1526
f 1179//1527 1260//1527 1259//1527
f 1180//1528 1181//1528 1261//1528
f 1180//1529 1261//1529 1260//1529
f 1181//1530 1182//1530 1262//1530
f 1181//1531 1262//1531 1261//1531
f 1182//1532 1183//1532 1263//1532
f 1182//1533 1263//1533 1262//1533
f 1183//1534 1184//1534 1264//1534
f 1183//1535 1264//1535 1263//1535
f 1184//1536 1185//1536 1265//1536
f 1184//1537 1265//1537 1264//1537
f 1185//1538 1186//1538 1266//1538
f 1185//1539 1266//1539 1265//1539
f 1186//1540 1187//1540 1267//1540
f 1186//1541 1267//1541 1266//1541
f 1187//1542 1188//1542 1268//1542
f 1187//1543 1268//1543 1267//1543
f 1188//1544 1189//1544 1269//1544
f 1188//1545 1269//1545 1268//1545
f 1189//1546 1190//1546 1270//1546
f 1189//1547 1270//1547 1269//1547
f 1190//1548 1191//1548 1271//1548
f 1190//1549 1271//1549 1270//1549
f 1191//1550 1192//1550 1272//1550
f 1191//1551 1272//1551 1271//1551
f 1192//1552 1193//1552 1273//1552
f 1192//1553 1273//1553 1272//1553
f 1193//1554 1194//1554 1274//1554
f 1193//1555 1274//1555 1273//1555
f 1194//1556 1195//1556 1275//1556
f 1194//1557 1275//1557 1274//1557
f 1195//1558 1196//1558 1276//1558
f 1195//1559 1276//1559 1275//1559
f 1196//1560 1197//1560 1277//1560
f 1196//1561 1277//1561 1276//1561
f 1197//1562 1198//1562 1278//1562
f 1197//1563 1278//1563 1277//1563
f 1198//1564 1199//1564 1279//1564
f 1198//1565 1279//1565 1278//1565
f 1199//1566 1200//1566 1280//1566
f 1199//1567 1280//1567 1279//1567
f 1200//393 1122//393 1202//393
f 1200//393 1202//393 1280//393
f 1202//1568 1201//1568 1281//1568
f 1202//1568 1281//1568 1282//1568
f 1201//1569 1203//1569 1283//1569
f 1201//1569 1283//1569 1281//1569
f 1203//1570 1204//1570 1284//1570
f 1203//1570 1284//1570 1283//1570
f 1204//1571 1205//1571 1285//1571
f 1204//1571 1285//1571 1284//1571
f 1205//1572 1206//1572 1286//1572
f 1205//1572 1286//1572 1285//1572
f 1206//1573 1207//1573 1287//1573
f 1206//1573 1287//1573 1286//1573
f 1207//1574 1208//1574 1288//1574
f 1207//1574 1288//1574 1287//1574
f 1208//1575 1209//1575 1289//1575
f 1208//1575 1289//1575 1288//1575
f 1209//1576 1210//1576 1290//1576
f 1209//1576 1290//1576 1289//1576
f 1210//1577 1211//1577 1291//1577
f 1210//1577 1291//1577 1290//1577
f 1211//1578 1212//1578 1292//1578
f 1211//1578 1292//1578 1291//1578
f 1212//1579 1213//1579 1293//1579
f 1212//1579 1293//1579 1292//1579
f 1213//1580 1214//1580 1294//1580
f 1213//1580 1294//1580 1293//1580
f 1214//1581 1215//1581 1295//1581
f 1214//1581 1295//1581 1294//1581
f 1215//1582 1216//1582 1296//1582
f 1215//1582 1296//1582 1295//1582
f 1216//1583 1217//1583 1297//1583
f 1216//1583 1297//1583 1296//1583
f 1217//1584 1218//1584 1298//1584
f 1217//1584 1298//1584 1297//1584
f 1218//1585 1219//1585 1299//1585
f 1218//1585 1299//1585 1298//1585
f 1219//1586 1220//1586 1300//1586
f 1219//1586 1300//1586 1299//1586
f 1220//1391 1221//1391 1301//1391
f 1220//1391 1301//1391 1300//1391
f 1221//1587 1222//1587 1302//1587
f 1221//1587 1302//1587 1301//1587
f 1222//1588 1223//1588 1303//1588
f 1222//1588 1303//1588 1302//1588
f 1223//1589 1224//1589 1304//1589
f 1223//1589 1304//1589 1303//1589
f 1224//1590 1225//1590 1305//1590
f 1224//1590 1305//1590 1304//1590
f 1225//1591 1226//1591 1306//1591
f 1225//1591 1306//1591 1305//1591
f 1226//1592 1227//1592 1307//1592
f 1226//1592 1307//1592 1306//1592
f 1227//1593 1228//1593 1308//1593
f 1227//1593 1308//1593 1307//1593
f 1228//1594 1229//1594 1309//1594
f 1228//1594 1309//1594 1308//1594
f 1229//1595 1230//1595 1310//1595
f 1229//1595 1310//1595 1309//1595
f 1230//1596 1231//1596 1311//1596
f 1230//1596 1311//1596 1310//1596
f 1231//1597 1232//1597 1312//1597
f 1231//1597 1312//1597 1311//1597
f 1232//1598 1233//1598 1313//1598
f 1232//1598 1313//1598 1312//1598
f 1233//1599 1234//1599 1314//1599
f 1233//1599 1314//1599 1313//1599
f 1234//1600 1235//1600 1315//1600
f 1234//1600 1315//1600 1314//1600
f 1235//1601 1236//1601 1316//1601
f 1235//1601 1316//1601 1315//1601
f 1236//1602 1237//1602 1317//1602
f 1236//1602 1317//1602 1316//1602
f 1237//1603 1238//1603 1318//1603
f 1237//1603 1318//1603 1317//1603
f 1238//1604 1239//1604 1319//1604
f 1238//1604 1319//1604 1318//1604
f 1239//1605 1240//1605 1320//1605
f 1239//1605 1320//1605 1319//1605
f 1241//1605 1242//1605 1322//1605
f 1241//1605 1322//1605 1321//1605
f 1242//1604 1243//1604 1323//1604
f 1242//1604 1323//1604 1322//1604
f 1243//1603 1244//1603 1324//1603
f 1243//1603 1324//1603 1323//1603
f 1244//1602 1245//1602 1325//1602
f 1244//1602 1325//1602 1324//1602
f 1245//1601 1246//1601 1326//1601
f 1245//1601 1326//1601 1325//1601
f 1246//1600 1247//1600 1327//1600
f 1246//1600 1327//1600 1326//1600
f 1247//1599 1248//1599 1328//1599
f 1247//1599 1328//1599 1327//1599
f 1248//1598 1249//1598 1329//1598
f 1248//1598 1329//1598 1328//1598
f 1249//1597 1250//1597 1330//1597
f 1249//1597 1330//1597 1329//1597
f 1250//1596 1251//1596 1331//1596
f 1250//1596 1331//1596 1330//1596
f 1251//1595 1252//1595 1332//1595
f 1251//1595 1332//1595 1331//1595
f 1252//1594 1253//1594 1333//1594
f 1252//1594 1333//1594 1332//1594
f 1253//1593 1254//1593 1334//1593
f 1253//1593 1334//1593 1333//1593
f 1254//1592 1255//1592 1335//1592
f 1254//1592 1335//1592 1334//1592
f 1255//1591 1256//1591 1336//1591
f 1255//1591 1336//1591 1335//1591
f 1256//1590 1257//1590 1337//1590
f 1256//1590 1337//1590 1336//1590
f 1257//1589 1258//1589 1338//1589
f 1257//1589 1338//1589 1337//1589
f 1258//1588 1259//1588 1339//1588
f 1258//1588 1339//1588 1338//1588
f 1259//1587 1260//1587 1340//1587
f 1259//1587 1340//1587 1339//1587
f 1260//1391 1261//1391 1341//1391
f 1260//1391 1341//1391 1340//1391
f 1261//1586 1262//1586 1342//1586
f 1261//1586 1342//1586 1341//1586
f 1262//1585 1263//1585 1343//1585
f 1262//1585 1343//1585 1342//1585
f 1263//1584 1264//1584 1344//1584
f 1263//1584 1344//1584 1343//1584
f 1264//1583 1265//1583 1345//1583
f 1264//1583 1345//1583 1344//1583
f 1265//1582 1266//1582 1346//1582
f 1265//1582 1346//1582 1345//1582
f 1266//1581 1267//1581 1347//1581
f 1266//1581 1347//1581 1346//1581
f 1267//1580 1268//1580 1348//1580
f 1267//1580 1348//1580 1347//1580
f 1268//1579 1269//1579 1349//1579
f 1268//1579 1349//1579 1348//1579
f 1269//1578 1270//1578 1350//1578
f 1269//1578 1350//1578 1349//1578
f 1270//1577 1271//1577 1351//1577
f 1270//1577 1351//1577 1350//1577
f 1271//1576 1272//1576 1352//1576
f 1271//1576 1352//1576 1351//1576
f 1272//1575 1273//1575 1353//1575
f 1272//1575 1353//1575 1352//1575
f 1273//1574 1274//1574 1354//1574
f 1273//1574 1354//1574 1353//1574
f 1274//1573 1275//1573 1355//1573
f 1274//1573 1355//1573 1354//1573
f 1275//1572 1276//1572 1356//1572
f 1275//1572 1356//1572 1355//1572
f 1276//1571 1277//1571 1357//1571
f 1276//1571 1357//1571 1356//1571
f 1277//1570 1278//1570 1358//1570
f 1277//1570 1358//1570 1357//1570
f 1278//1569 1279//1569 1359//1569
f 1278//1569 1359//1569 1358//1569
f 1279//1568 1280//1568 1360//1568
f 1279//1568 1360//1568 1359//1568
f 1282//1606 1281//1606 1361//1606
f 1282//1607 1361//1607 1362//1607
f 1281//1608 1283//1608 1363//1608
f 1281//1609 1363//1609 1361//1609
f 1283//1610 1284//1610 1364//1610
f 1283//1611 1364//1611 1363//1611
f 1284//1612 1285//1612 1365//1612
f 1284//1613 1365//1613 1364//1613
f 1285//1614 1286//1614 1366//1614
f 1285//1615 1366//1615 1365//1615
f 1286//1616 1287//1616 1367//1616
f 1286//1617 1367//1617 1366//1617
f 1287//1618 1288//1618 1368//1618
f 1287//1619 1368//1619 1367//1619
f 1288//1620 1289//1620 1369//1620
f 1288//1621 1369//1621 1368//1621
f 1289//1622 1290//1622 1370//1622
f 1289//1623 1370//1623 1369//1623
f 1290//1624 1291//1624 1371//1624
f 1290//1625 1371//1625 1370//1625
f 1291//1626 1292//1626 1372//1626
f 1291//1627 1372//1627 1371//1627
f 1292//1628 1293//1628 1373//1628
f 1292//1629 1373//1629 1372//1629
f 1293//1630 1294//1630 1374//1630
f 1293//1631 1374//1631 1373//1631
f 1294//1632 1295//1632 1375//1632
f 1294//1633 1375//1633 1374//1633
f 1295//1634 1296//1634 1376//1634
f 1295//1635 1376//1635 1375//1635
f 1296//1636 1297//1636 1377//1636
f 1296//1637 1377//1637 1376//1637
f 1297//1638 1298//1638 1378//1638
f 1297//1639 1378//1639 1377//1639
f 1298//1640 1299//1640 1379//1640
f 1298//1641 1379//1641 1378//1641
f 1299//1642 1300//1642 1380//1642
f 1299//1643 1380//1643 1379//1643
f 1300//1644 1301//1644 1381//1644
f 1300//1645 1381//1645 1380//1645
f 1301//1646 1302//1646 1382//1646
f 1301//1647 1382//1647 1381//1647
f 1302//1648 1303//1648 1383//1648
f 1302//1649 1383//1649 1382//1649
f 1303//1650 1304//1650 1384//1650
f 1303//1651 1384//1651 1383//1651
f 1304//1652 1305//1652 1385//1652
f 1304//1653 1385//1653 1384//1653
f 1305//1654 1306//1654 1386//1654
f 1305//1655 1386//1655 1385//1655
f 1306//1656 1307//1656 1387//1656
f 1306//1657 1387//1657 1386//1657
f 1307//1658 1308//1658 1388//1658
f 1307//1659 1388//1659 1387//1659
f 1308//1660 1309//1660 1389//1660
f 1308//1661 1389//1661 1388//1661
f 1309//1662 1310//1662 1390//1662
f 1309//1663 1390//1663 1389//1663
f 1310//1664 1311//1664 1391//1664
f 1310//1665 1391//1665 1390//1665
f 1311//1666 1312//1666 1392//1666
f 1311//1667 1392//1667 1391//1667
f 1312//1668 1313//1668 1393//1668
f 1312//1669 1393//1669 1392//1669
f 1313//1670 1314//1670 1394//1670
f 1313//1671 1394//1671 1393//1671
f 1314//1672 1315//1672 1395//1672
f 1314//1673 1395//1673 1394//1673
f 1315//1674 1316//1674 1396//1674
f 1315//1675 1396//1675 1395//1675
f 1316//1676 1317//1676 1397//1676
f 1316//1677 1397//1677 1396//1677
f 1317//1678 1318//1678 1398//1678
f 1317//1679 1398//1679 1397//1679
f 1318//1680 1319//1680 1399//1680
f 1318//1681 1399//1681 1398//1681
f 1319//1682 1320//1682 1400//1682
f 1319//1683 1400//1683 1399//1683
f 1320//1489 1321//1489 1401//1489
f 1320//1489 1401//1489 1400//1489
f 1321//1684 1322//1684 1402//1684
f 1321//1685 1402//1685 1401//1685
f 1322//1686 1323//1686 1403//1686
f 1322//1687 1403//1687 1402//1687
f 1323//1688 1324//1688 1404//1688
f 1323//1689 1404//1689 1403//1689
f 1324//1690 1325//1690 1405//1690
f 1324//1691 1405//1691 1404//1691
f 1325//1692 1326//1692 1406//1692
f 1325//1693 1406//1693 1405//1693
f 1326//1694 1327//1694 1407//1694
f 1326//1695 1407//1695 1406//1695
f 1327//1696 1328//1696 1408//1696
f 1327//1697 1408//1697 1407//1697
f 1328//1698 1329//1698 1409//1698
f 1328//1699 1409//1699 1408//1699
f 1329//1700 1330//1700 1410//1700
f 1329//1701 1410//1701 1409//1701
f 1330//1702 1331//1702 1411//1702
f 1330//1703 1411//1703 1410//1703
f 1331//1704 1332//1704 1412//1704
f 1331//1705 1412//1705 1411//1705
f 1332//1706 1333//1706 1413//1706
f 1332//1707 1413//1707 1412//1707
f 1333//1708 1334//1708 1414//1708
f 1333//1709 1414//1709 1413//1709
f 1334//1710 1335//1710 1415//1710
f 1334//1711 1415//1711 1414//1711
f 1335//1712 1336//1712 1416//1712
f 1335//1713 1416//1713 1415//1713
f 1336//1714 1337//1714 1417//1714
f 1336//1715 1417//1715 1416//1715
f 1337//1716 1338//1716 1418//1716
f 1337//1717 1418//1717 1417//1717
f 1338//1718 1339//1718 1419//1718
f 1338//1719 1419//1719 1418//1719
f 1339//1720 1340//1720 1420//1720
f 1339//1721 1420//1721 1419//1721
f 1340//1722 1341//1722 1421//1722
f 1340//1723 1421//1723 1420//1723
f 1341//1724 1342//1724 1422//1724
f 1341//1725 1422//1725 1421//1725
f 1342//1726 1343//1726 1423//1726
f 1342//1727 1423//1727 1422//1727
f 1343//1728 1344//1728 1424//1728
f 1343//1729 1424//1729 1423//1729
f 1344//1730 1345//1730 1425//1730
f 1344//1731 1425//1731 1424//1731
f 1345//1732 1346//1732 1426//1732
f 1345//1733 1426//1733 1425//1733
f 1346//1734 1347//1734 1427//1734
f 1346//1735 1427//1735 1426//1735
f 1347//1736 1348//1736 1428//1736
f 1347//1737 1428//1737 1427//1737
f 1348//1738 1349//1738 1429//1738
f 1348//1739 1429//1739 1428//1739
f 1349//1740 1350//1740 1430//1740
f 1349//1741 1430//1741 1429//1741
f 1350//1742 1351//1742 1431//1742
f 1350//1743 1431//1743 1430//1743
f 1351//1744 1352//1744 1432//1744
f 1351//1745 1432//1745 1431//1745
f 1352//1746 1353//1746 1433//1746
f 1352//1747 1433//1747 1432//1747
f 1353//1748 1354//1748 1434//1748
f 1353//1749 1434//1749 1433//1749
f 1354//1750 1355//1750 1435//1750
f 1354//1751 1435//1751 1434//1751
f 1355//1752 1356//1752 1436//1752
f 1355//1753 1436//1753 1435//1753
f 1356//1754 1357//1754 1437//1754
f 1356//1755 1437//1755 1436//1755
f 1357//1756 1358//1756 1438//1756
f 1357//1757 1438//1757 1437//1757
f 1358//1758 1359//1758 1439//1758
f 1358//1759 1439//1759 1438//1759
f 1359//1760 1360//1760 1440//1760
f 1359//1761 1440//1761 1439//1761
f 1360//1371 1282//1371 1362//1371
f 1360//1371 1362//1371 1440//1371
f 1362//1762 1361//1762 1441//1762
f 1362//1762 1441//1762 1442//1762
f 1361//1763 1363//1763 1443//1763
f 1361//1763 1443//1763 1441//1763
f 1363//1764 1364//1764 1444//1764
f 1363//1764 1444//1764 1443//1764
f 1364//1765 1365//1765 1445//1765
f 1364//1765 1445//1765 1444//1765
f 1365//1766 1366//1766 1446//1766
f 1365//1766 1446//1766 1445//1766
f 1366//1767 1367//1767 1447//1767
f 1366//1767 1447//1767 1446//1767
f 1367//1768 1368//1768 1448//1768
f 1367//1768 1448//1768 1447//1768
f 1368//1769 1369//1769 1449//1769
f 1368//1769 1449//1769 1448//1769
f 1369//1770 1370//1770 1450//1770
f 1369//1770 1450//1770 1449//1770
f 1370//1771 1371//1771 1451//1771
f 1370//1771 1451//1771 1450//1771
f 1371//1772 1372//1772 1452//1772
f 1371//1772 1452//1772 1451//1772
f 1372//1773 1373//1773 1453//1773
f 1372//1773 1453//1773 1452//1773
f 1373//1774 1374//1774 1454//1774
f 1373//1774 1454//1774 1453//1774
f 1374//1775 1375//1775 1455//1775
f 1374//1775 1455//1775 1454//1775
f 1375//1776 1376//1776 1456//1776
f 1375//1776 1456//1776 1455//1776
f 1376//1777 1377//1777 1457//1777
f 1376//1777 1457//1777 1456//1777
f 1377//1778 1378//1778 1458//1778
f 1377//1778 1458//1778 1457//1778
f 1378//1779 1379//1779 1459//1779
f 1378//1779 1459//1779 1458//1779
f 1379//1780 1380//1780 1460//1780
f 1379//1780 1460//1780 1459//1780
f 1380//1391 1381//1391 1461//1391
f 1380//1391 1461//1391 1460//1391
f 1381//1781 1382//1781 1462//1781
f 1381//1781 1462//1781 1461//1781
f 1382//1782 1383//1782 1463//1782
f 1382//1782 1463//1782 1462//1782
f 1383//1783 1384//1783 1464//1783
f 1383//1783 1464//1783 1463//1783
f 1384//1784 1385//1784 1465//1784
f 1384//1784 1465//1784 1464//1784
f 1385//1785 1386//1785 1466//1785
f 1385//1785 1466//1785 1465//1785
f 1386//1786 1387//1786 1467//1786
f 1386//1786 1467//1786 1466//1786
f 1387//1787 1388//1787 1468//1787
f 1387//1787 1468//1787 1467//1787
f 1388//1788 1389//1788 1469//1788
f 1388//1788 1469//1788 1468//1788
f 1389//1789 1390//1789 1470//1789
f 1389//1789 1470//1789 1469//1789
f 1390//1790 1391//1790 1471//1790
f 1390//1790 1471//1790 1470//1790
f 1391//1791 1392//1791 1472//1791
f 1391//1791 1472//1791 1471//1791
f 1392//1792 1393//1792 1473//1792
f 1392//1792 1473//1792 1472//1792
f 1393//1793 1394//1793 1474//1793
f 1393//1793 1474//1793 1473//1793
f 1394//1794 1395//1794 1475//1794
f 1394//1794 1475//1794 1474//1794
f 1395//1795 1396//1795 1476//1795
f 1395//1795 1476//1795 1475//1795
f 1396//1796 1397//1796 1477//1796
f 1396//1796 1477//1796 1476//1796
f 1397//1797 1398//1797 1478//1797
f 1397//1797 1478//1797 1477//1797
f 1398//1798 1399//1798 1479//1798
f 1398//1798 1479//1798 1478//1798
f 1399//1799 1400//1799 1480//1799
f 1399//1799 1480//1799 1479//1799
f 1401//1799 1402//1799 1482//1799
f 1401//1799 1482//1799 1481//1799
f 1402//1798 1403//1798 1483//1798
f 1402//1798 1483//1798 1482//1798
f 1403//1797 1404//1797 1484//1797
f 1403//1797 1484//1797 1483//1797
f 1404//1796 1405//1796 1485//1796
f 1404//1796 1485//1796 1484//1796
f 1405//1795 1406//1795 1486//1795
f 1405//1795 1486//1795 1485//1795
f 1406//1794 1407//1794 1487//1794
f 1406//1794 1487//1794 1486//1794
f 1407//1793 1408//1793 1488//1793
f 1407//1793 1488//1793 1487//1793
f 1408//1792 1409//1792 1489//1792
f 1408//1792 1489//1792 1488//1792
f 1409//1791 1410//1791 1490//1791
f 1409//1791 1490//1791 1489//1791
f 1410//1790 1411//1790 1491//1790
f 1410//1790 1491//1790 1490//1790
f 1411//1789 1412//1789 1492//1789
f 1411//1789 1492//1789 1491//1789
f 1412//1788 1413//1788 1493//1788
f 1412//1788 1493//1788 1492//1788
f 1413//1787 1414//1787 1494//1787
f 1413//1787 1494//1787 1493//1787
f 1414//1786 1415//1786 1495//1786
f 1414//1786 1495//1786 1494//1786
f 1415//1785 1416//1785 1496//1785
f 1415//1785 1496//1785 1495//1785
f 1416//1784 1417//1784 1497//1784
f 1416//1784 1497//1784 1496//1784
f 1417//1783 1418//1783 1498//1783
f 1417//1783 1498//1783 1497//1783
f 1418//1782 1419//1782 1499//1782
f 1418//1782 1499//1782 1498//1782
f 1419//1781 1420//1781 1500//1781
f 1419//1781 1500//1781 1499//1781
f 1420//1391 1421//1391 1501//1391
f 1420//1391 1501//1391 1500//1391
f 1421//1780 1422//1780 1502//1780
f 1421//1780 1502//1780 1501//1780
f 1422//1779 1423//1779 1503//1779
f 1422//1779 1503//1779 1502//1779
f 1423//1778 1424//1778 1504//1778
f 1423//1778 1504//1778 1503//1778
f 1424//1777 1425//1777 1505//1777
f 1424//1777 1505//1777 1504//1777
f 1425//1776 1426//1776 1506//1776
f 1425//1776 1506//1776 1505//1776
f 1426//1775 1427//1775 1507//1775
f 1426//1775 1507//1775 1506//1775
f 1427//1774 1428//1774 1508//1774
f 1427//1774 1508//1774 1507//1774
f 1428//1773 1429//1773 1509//1773
f 1428//1773 1509//1773 1508//1773
f 1429//1772 1430//1772 1510//1772
f 1429//1772 1510//1772 1509//1772
f 1430//1771 1431//1771 1511//1771
f 1430//1771 1511//1771 1510//1771
f 1431//1770 1432//1770 1512//1770
f 1431//1770 1512//1770 1511//1770
f 1432//1769 1433//1769 1513//1769
f 1432//1769 1513//1769 1512//1769
f 1433//1768 1434//1768 1514//1768
f 1433//1768 1514//1768 1513//1768
f 1434//1767 1435//1767 1515//1767
f 1434//1767 1515//1767 1514//1767
f 1435//1766 1436//1766 1516//1766
f 1435//1766 1516//1766 1515//1766
f 1436//1765 1437//1765 1517//1765
f 1436//1765 1517//1765 1516//1765
f 1437//1764 1438//1764 1518//1764
f 1437//1764 1518//1764 1517//1764
f 1438//1763 1439//1763 1519//1763
f 1438//1763 1519//1763 1518//1763
f 1439//1762 1440//1762 1520//1762
f 1439//1762 1520//1762 1519//1762
f 1442//1800 1441//1800 1521//1800
f 1442//1801 1521//1801 1522//1801
f 1441//1802 1443//1802 1523//1802
f 1441//1803 1523//1803 1521//1803
f 1443//1804 1444//1804 1524//1804
f 1443//1805 1524//1805 1523//1805
f 1444//1806 1445//1806 1525//1806
f 1444//1807 1525//1807 1524//1807
f 1445//1808 1446//1808 1526//1808
f 1445//1809 1526//1809 1525//1809
f 1446//1810 1447//1810 1527//1810
f 1446//1811 1527//1811 1526//1811
f 1447//1812 1448//1812 1528//1812
f 1447//1813 1528//1813 1527//1813
f 1448//1814 1449//1814 1529//1814
f 1448//1815 1529//1815 1528//1815
f 1449//1816 1450//1816 1530//1816
f 1449//1817 1530//1817 1529//1817
f 1450//1818 1451//1818 1531//1818
f 1450//1819 1531//1819 1530//1819
f 1451//1820 1452//1820 1532//1820
f 1451//1821 1532//1821 1531//1821
f 1452//1822 1453//1822 1533//1822
f 1452//1823 1533//1823 1532//1823
f 1453//1824 1454//1824 1534//1824
f 1453//1825 1534//1825 1533//1825
f 1454//1826 1455//1826 1535//1826
f 1454//1827 1535//1827 1534//1827
f 1455//1828 1456//1828 1536//1828
f 1455//1829 1536//1829 1535//1829
f 1456//1830 1457//1830 1537//1830
f 1456//1831 1537//1831 1536//1831
f 1457//1832 1458//1832 1538//1832
f 1457//1833 1538//1833 1537//1833
f 1458//1834 1459//1834 1539//1834
f 1458//1835 1539//1835 1538//1835
f 1459//1836 1460//1836 1540//1836
f 1459//1837 1540//1837 1539//1837
f 1460//1838 1461//1838 1541//1838
f 1460//1839 1541//1839 1540//1839
f 1461//1840 1462//1840 1542//1840
f 1461//1841 1542//1841 1541//1841
f 1462//1842 1463//1842 1543//1842
f 1462//1843 1543//1843 1542//1843
f 1463//1844 1464//1844 1544//1844
f 1463//1845 1544//1845 1543//1845
f 1464//1846 1465//1846 1545//1846
f 1464//1847 1545//1847 1544//1847
f 1465//1848 1466//1848 1546//1848
f 1465//1849 1546//1849 1545//1849
f 1466//1850 1467//1850 1547//1850
f 1466//1851 1547//1851 1546//1851
f 1467//1852 1468//1852 1548//1852
f 1467//1853 1548//1853 1547//1853
f 1468//1854 1469//1854 1549//1854
f 1468//1855 1549//1855 1548//1855
f 1469//1856 1470//1856 1550//1856
f 1469//1857 1550//1857 1549//1857
f 1470//1858 1471//1858 1551//1858
f 1470//1859 1551//1859 1550//1859
f 1471//1860 1472//1860 1552//1860
f 1471//1861 1552//1861 1551//1861
f 1472//1862 1473//1862 1553//1862
f 1472//1863 1553//1863 1552//1863
f 1473//1864 1474//1864 1554//1864
f 1473//1865 1554//1865 1553//1865
f 1474//1866 1475//1866 1555//1866
f 1474//1867 1555//1867 1554//1867
f 1475//1868 1476//1868 1556//1868
f 1475//1869 1556//1869 1555//1869
f 1476//1870 1477//1870 1557//1870
f 1476//1871 1557//1871 1556//1871
f 1477//1872 1478//1872 1558//1872
f 1477//1873 1558//1873 1557//1873
f 1478//1874 1479//1874 1559//1874
f 1478//1875 1559//1875 1558//1875
f 1479//1876 1480//1876 1560//1876
f 1479//1877 1560//1877 1559//1877
f 1480//1098 1481//1098 1561//1098
f 1480//1098 1561//1098 1560//1098
f 1481//1878 1482//1878 1562//1878
f 1481//1879 1562//1879 1561//1879
f 1482//1880 1483//1880 1563//1880
f 1482//1881 1563//1881 1562//1881
f 1483//1882 1484//1882 1564//1882
f 1483//1883 1564//1883 1563//1883
f 1484//1884 1485//1884 1565//1884
f 1484//1885 1565//1885 1564//1885
f 1485//1886 1486//1886 1566//1886
f 1485//1887 1566//1887 1565//1887
f 1486//1888 1487//1888 1567//1888
f 1486//1889 1567//1889 1566//1889
f 1487//1890 1488//1890 1568//1890
f 1487//1891 1568//1891 1567//1891
f 1488//1892 1489//1892 1569//1892
f 1488//1893 1569//1893 1568//1893
f 1489//1894 1490//1894 1570//1894
f 1489//1895 1570//1895 1569//1895
f 1490//1896 1491//1896 1571//1896
f 1490//1897 1571//1897 1570//1897
f 1491//1898 1492//1898 1572//1898
f 1491//1899 1572//1899 1571//1899
f 1492//1900 1493//1900 1573//1900
f 1492//1901 1573//1901 1572//1901
f 1493//1902 1494//1902 1574//1902
f 1493//1903 1574//1903 1573//1903
f 1494//1904 1495//1904 1575//1904
f 1494//1905 1575//1905 1574//1905
f 1495//1906 1496//1906 1576//1906
f 1495//1907 1576//1907 1575//1907
f 1496//1908 1497//1908 1577//1908
f 1496//1909 1577//1909 1576//1909
f 1497//1910 1498//1910 1578//1910
f 1497//1911 1578//1911 1577//1911
f 1498//1912 1499//1912 1579//1912
f 1498//1913 1579//1913 1578//1913
f 1499//1914 1500//1914 1580//1914
f 1499//1915 1580//1915 1579//1915
f 1500//1916 1501//1916 1581//1916
f 1500//1917 1581//1917 1580//1917
f 1501//1918 1502//1918 1582//1918
f 1501//1919 1582//1919 1581//1919
f 1502//1920 1503//1920 1583//1920
f 1502//1921 1583//1921 1582//1921
f 1503//1922 1504//1922 1584//1922
f 1503//1923 1584//1923 1583//1923
f 1504//1924 1505//1924 1585//1924
f 1504//1925 1585//1925 1584//1925
f 1505//1926 1506//1926 1586//1926
f 1505//1927 1586//1927 1585//1927
f 1506//1928 1507//1928 1587//1928
f 1506//1929 1587//1929 1586//1929
f 1507//1930 1508//1930 1588//1930
f 1507//1931 1588//1931 1587//1931
f 1508//1932 1509//1932 1589//1932
f 1508//1933 1589//1933 1588//1933
f 1509//1934 1510//1934 1590//1934
f 1509//1935 1590//1935 1589//1935
f 1510//1936 1511//1936 1591//1936
f 1510//1937 1591//1937 1590//1937
f 1511//1938 1512//1938 1592//1938
f 1511//1939 1592//1939 1591//1939
f 1512//1940 1513//1940 1593//1940
f 1512//1941 1593//1941 1592//1941
f 1513//1942 1514//1942 1594//1942
f 1513//1943 1594//1943 1593//1943
f 1514//1944 1515//1944 1595//1944
f 1514//1945 1595//1945 1594//1945
f 1515//1946 1516//1946 1596//1946
f 1515//1947 1596//1947 1595//1947
f 1516//1948 1517//1948 1597//1948
f 1516//1949 1597//1949 1596//1949
f 1517//1950 1518//1950 1598//1950
f 1517//1951 1598//1951 1597//1951
f 1518//1952 1519//1952 1599//1952
f 1518//1953 1599//1953 1598//1953
f 1519//1954 1520//1954 1600//1954
f 1519//1955 1600//1955 1599//1955
f 1520//1956 1442//1956 1522//1956
f 1520//1956 1522//1956 1600//1956
f 1522//1957 1521//1957 1601//1957
f 1522//1957 1601//1957 1602//1957
f 1521//1958 1523//1958 1603//1958
f 1521//1958 1603//1958 1601//1958
f 1523//1959 1524//1959 1604//1959
f 1523//1959 1604//1959 1603//1959
f 1524//1960 1525//1960 1605//1960
f 1524//1960 1605//1960 1604//1960
f 1525//1961 1526//1961 1606//1961
f 1525//1961 1606//1961 1605//1961
f 1526//1962 1527//1962 1607//1962
f 1526//1962 1607//1962 1606//1962
f 1527//1963 1528//1963 1608//1963
f 1527//1963 1608//1963 1607//1963
f 1528//1964 1529//1964 1609//1964
f 1528//1964 1609//1964 1608//1964
f 1529//1965 1530//1965 1610//1965
f 1529//1965 1610//1965 1609//1965
f 1530//1966 1531//1966 1611//1966
f 1530//1966 1611//1966 1610//1966
f 1531//1967 1532//1967 1612//1967
f 1531//1967 1612//1967 1611//1967
f 1532//1968 1533//1968 1613//1968
f 1532//1968 1613//1968 1612//1968
f 1533//1969 1534//1969 1614//1969
f 1533//1969 1614//1969 1613//1969
f 1534//1970 1535//1970 1615//1970
f 1534//1970 1615//1970 1614//1970
f 1535//1971 1536//1971 1616//1971
f 1535//1971 1616//1971 1615//1971
f 1536//1972 1537//1972 1617//1972
f 1536//1972 1617//1972 1616//1972
f 1537//1973 1538//1973 1618//1973
f 1537//1973 1618//1973 1617//1973
f 1538//1974 1539//1974 1619//1974
f 1538//1974 1619//1974 1618//1974
f 1539//1975 1540//1975 1620//1975
f 1539//1975 1620//1975 1619//1975
f 1540//1391 1541//1391 1621//1391
f 1540//1391 1621//1391 1620//1391
f 1541//1976 1542//1976 1622//1976
f 1541//1976 1622//1976 1621//1976
f 1542//1977 1543//1977 1623//1977
f 1542//1977 1623//1977 1622//1977
f 1543//1978 1544//1978 1624//1978
f 1543//1978 1624//1978 1623//1978
f 1544//1979 1545//1979 1625//1979
f 1544//1979 1625//1979 1624//1979
f 1545//1980 1546//1980 1626//1980
f 1545//1980 1626//1980 1625//1980
f 1546//1981 1547//1981 1627//1981
f 1546//1981 1627//1981 1626//1981
f 1547//1982 1548//1982 1628//1982
f 1547//1982 1628//1982 1627//1982
f 1548//1983 1549//1983 1629//1983
f 1548//1983 1629//1983 1628//1983
f 1549//1984 1550//1984 1630//1984
f 1549//1984 1630//1984 1629//1984
f 1550//1985 1551//1985 1631//1985
f 1550//1985 1631//1985 1630//1985
f 1551//1986 1552//1986 1632//1986
f 1551//1986 1632//1986 1631//1986
f 1552//1987 1553//1987 1633//1987
f 1552//1987 1633//1987 1632//1987
f 1553//1988 1554//1988 1634//1988
f 1553//1988 1634//1988 1633//1988
f 1554//1989 1555//1989 1635//1989
f 1554//1989 1635//1989 1634//1989
f 1555//1990 1556//1990 1636//1990
f 1555//1990 1636//1990 1635//1990
f 1556//1991 1557//1991 1637//1991
f 1556//1991 1637//1991 1636//1991
f 1557//1992 1558//1992 1638//1992
f 1557//1992 1638//1992 1637//1992
f 1558//1993 1559//1993 1639//1993
f 1558//1993 1639//1993 1638//1993
f 1559//1994 1560//1994 1640//1994
f 1559//1994 1640//1994 1639//1994
f 1561//1994 1562//1994 1642//1994
f 1561//1994 1642//1994 1641//1994
f 1562//1993 1563//1993 1643//1993
f 1562//1993 1643//1993 1642//1993
f 1563//1992 1564//1992 1644//1992
f 1563//1992 1644//1992 1643//1992
f 1564//1991 1565//1991 1645//1991
f 1564//1991 1645//1991 1644//1991
f 1565//1990 1566//1990 1646//1990
f 1565//1990 1646//1990 1645//1990
f 1566//1989 1567//1989 1647//1989
f 1566//1989 1647//1989 1646//1989
f 1567//1988 1568//1988 1648//1988
f 1567//1988 1648//1988 1647//1988
f 1568//1987 1569//1987 1649//1987
f 1568//1987 1649//1987 1648//1987
f 1569//1986 1570//1986 1650//1986
f 1569//1986 1650//1986 1649//1986
f 1570//1985 1571//1985 1651//1985
f 1570//1985 1651//1985 1650//1985
f 1571//1984 1572//1984 1652//1984
f 1571//1984 1652//1984 1651//1984
f 1572//1983 1573//1983 1653//1983
f 1572//1983 1653//1983 1652//1983
f 1573//1982 1574//1982 1654//1982
f 1573//1982 1654//1982 1653//1982
f 1574//1981 1575//1981 1655//1981
f 1574//1981 1655//1981 1654//1981
f 1575//1980 1576//1980 1656//1980
f 1575//1980 1656//1980 1655//1980
f 1576//1979 1577//1979 1657//1979
f 1576//1979 1657//1979 1656//1979
f 1577//1978 1578//1978 1658//1978
f 1577//1978 1658//1978 1657//1978
f 1578//1977 1579//1977 1659//1977
f 1578//1977 1659//1977 1658//1977
f 1579//1976 1580//1976 1660//1976
f 1579//1976 1660//1976 1659//1976
f 1580//1391 1581//1391 1661//1391
f 1580//1391 1661//1391 1660//1391
f 1581//1975 1582//1975 1662//1975
f 1581//1975 1662//1975 1661//1975
f 1582//1974 1583//1974 1663//1974
f 1582//1974 1663//1974 1662//1974
f 1583//1973 1584//1973 1664//1973
f 1583//1973 1664//1973 1663//1973
f 1584//1972 1585//1972 1665//1972
f 1584//1972 1665//1972 1664//1972
f 1585//1971 1586//1971 1666//1971
f 1585//1971 1666//1971 1665//1971
f 1586//1970 1587//1970 1667//1970
f 1586//1970 1667//1970 1666//1970
f 1587//1969 1588//1969 1668//1969
f 1587//1969 1668//1969 1667//1969
f 1588//1968 1589//1968 1669//1968
f 1588//1968 1669//1968 1668//1968
f 1589//1967 1590//1967 1670//1967
f 1589//1967 1670//1967 1669//1967
f 1590//1966 1591//1966 1671//1966
f 1590//1966 1671//1966 1670//1966
f 1591//1965 1592//1965 1672//1965
f 1591//1965 1672//1965 1671//1965
f 1592//1964 1593//1964 1673//1964
f 1592//1964 1673//1964 1672//1964
f 1593//1963 1594//1963 1674//1963
f 1593//1963 1674//1963 1673//1963
f 1594//1962 1595//1962 1675//1962
f 1594//1962 1675//1962 1674//1962
f 1595//1961 1596//1961 1676//1961
f 1595//1961 1676//1961 1675//1961
f 1596//1960 1597//1960 1677//1960
f 1596//1960 1677//1960 1676//1960
f 1597//1959 1598//1959 1678//1959
f 1597//1959 1678//1959 1677//1959
f 1598//1958 1599//1958 1679//1958
f 1598//1958 1679//1958 1678//1958
f 1599//1957 1600//1957 1680//1957
f 1599//1957 1680//1957 1679//1957
f 1602//1995 1601//1995 1681//1995
f 1602//1996 1681//1996 1682//1996
f 1601//1997 1603//1997 1683//1997
f 1601//1998 1683//1998 1681//1998
f 1603//1999 1604//1999 1684//1999
f 1603//2000 1684//2000 1683//2000
f 1604//2001 1605//2001 1685//2001
f 1604//2002 1685//2002 1684//2002
f 1605//2003 1606//2003 1686//2003
f 1605//2004 1686//2004 1685//2004
f 1606//2005 1607//2005 1687//2005
f 1606//2006 1687//2006 1686//2006
f 1607//2007 1608//2007 1688//2007
f 1607//2008 1688//2008 1687//2008
f 1608//2009 1609//2009 1689//2009
f 1608//2010 1689//2010 1688//2010
f 1609//2011 1610//2011 1690//2011
f 1609//2012 1690//2012 1689//2012
f 1610//2013 1611//2013 1691//2013
f 1610//2014 1691//2014 1690//2014
f 1611//2015 1612//2015 1692//2015
f 1611//2016 1692//2016 1691//2016
f 1612//2017 1613//2017 1693//2017
f 1612//2018 1693//2018 1692//2018
f 1613//2019 1614//2019 1694//2019
f 1613//2020 1694//2020 1693//2020
f 1614//2021 1615//2021 1695//2021
f 1614//2022 1695//2022 1694//2022
f 1615//2023 1616//2023 1696//2023
f 1615//2024 1696//2024 1695//2024
f 1616//2025 1617//2025 1697//2025
f 1616//2026 1697//2026 1696//2026
f 1617//2027 1618//2027 1698//2027
f 1617//2028 1698//2028 1697//2028
f 1618//2029 1619//2029 1699//2029
f 1618//2030 1699//2030 1698//2030
f 1619//2031 1620//2031 1700//2031
f 1619//2032 1700//2032 1699//2032
f 1620//2033 1621//2033 1701//2033
f 1620//2034 1701//2034 1700//2034
f 1621//2035 1622//2035 1702//2035
f 1621//2036 1702//2036 1701//2036
f 1622//2037 1623//2037 1703//2037
f 1622//2038 1703//2038 1702//2038
f 1623//2039 1624//2039 1704//2039
f 1623//2040 1704//2040 1703//2040
f 1624//2041 1625//2041 1705//2041
f 1624//2042 1705//2042 1704//2042
f 1625//2043 1626//2043 1706//2043
f 1625//2044 1706//2044 1705//2044
f 1626//2045 1627//2045 1707//2045
f 1626//2046 1707//2046 1706//2046
f 1627//2047 1628//2047 1708//2047
f 1627//2048 1708//2048 1707//2048
f 1628//2049 1629//2049 1709//2049
f 1628//2050 1709//2050 1708//2050
f 1629//2051 1630//2051 1710//2051
f 1629//2052 1710//2052 1709//2052
f 1630//2053 1631//2053 1711//2053
f 1630//2054 1711//2054 1710//2054
f 1631//2055 1632//2055 1712//2055
f 1631//2056 1712//2056 1711//2056
f 1632//2057 1633//2057 1713//2057
f 1632//2058 1713//2058 1712//2058
f 1633//2059 1634//2059 1714//2059
f 1633//2060 1714//2060 1713//2060
f 1634//2061 1635//2061 1715//2061
f 1634//2062 1715//2062 1714//2062
f 1635//2063 1636//2063 1716//2063
f 1635//2064 1716//2064 1715//2064
f 1636//2065 1637//2065 1717//2065
f 1636//2066 1717//2066 1716//2066
f 1637//2067 1638//2067 1718//2067
f 1637//2068 1718//2068 1717//2068
f 1638//2069 1639//2069 1719//2069
f 1638//2070 1719//2070 1718//2070
f 1639//2071 1640//2071 1720//2071
f 1639//2072 1720//2072 1719//2072
f 1640//1489 1641//1489 1721//1489
f 1640//1489 1721//1489 1720//1489
f 1641//2073 1642//2073 1722//2073
f 1641//2074 1722//2074 1721//2074
f 1642//2075 1643//2075 1723//2075
f 1642//2076 1723//2076 1722//2076
f 1643//2077 1644//2077 1724//2077
f 1643//2078 1724//2078 1723//2078
f 1644//2079 1645//2079 1725//2079
f 1644//2080 1725//2080 1724//2080
f 1645//2081 1646//2081 1726//2081
f 1645//2082 1726//2082 1725//2082
f 1646//2083 1647//2083 1727//2083
f 1646//2084 1727//2084 1726//2084
f 1647//2085 1648//2085 1728//2085
f 1647//2086 1728//2086 1727//2086
f 1648//2087 1649//2087 1729//2087
f 1648//2088 1729//2088 1728//2088
f 1649//2089 1650//2089 1730//2089
f 1649//2090 1730//2090 1729//2090
f 1650//2091 1651//2091 1731//2091
f 1650//2092 1731//2092 1730//2092
f 1651//2093 1652//2093 1732//2093
f 1651//2094 1732//2094 1731//2094
f 1652//2095 1653//2095 1733//2095
f 1652//2096 1733//2096 1732//2096
f 1653//2097 1654//2097 1734//2097
f 1653//2098 1734//2098 1733//2098
f 1654//2099 1655//2099 1735//2099
f 1654//2100 1735//2100 1734//2100
f 1655//2101 1656//2101 1736//2101
f 1655//2102 1736//2102 1735//2102
f 1656//2103 1657//2103 1737//2103
f 1656//2104 1737//2104 1736//2104
f 1657//2105 1658//2105 1738//2105
f 1657//2106 1738//2106 1737//2106
f 1658//2107 1659//2107 1739//2107
f 1658//2108 1739//2108 1738//2108
f 1659//2109 1660//2109 1740//2109
f 1659//2110 1740//2110 1739//2110
f 1660//2111 1661//2111 1741//2111
f 1660//2112 1741//2112 1740//2112
f 1661//2113 1662//2113 1742//2113
f 1661//2114 1742//2114 1741//2114
f 1662//2115 1663//2115 1743//2115
f 1662//2116 1743//2116 1742//2116
f 1663//2117 1664//2117 1744//2117
f 1663//2118 1744//2118 1743//2118
f 1664//2119 1665//2119 1745//2119
f 1664//2120 1745//2120 1744//2120
f 1665//2121 1666//2121 1746//2121
f 1665//2122 1746//2122 1745//2122
f 1666//2123 1667//2123 1747//2123
f 1666//2124 1747//2124 1746//2124
f 1667//2125 1668//2125 1748//2125
f 1667//2126 1748//2126 1747//2126
f 1668//2127 1669//2127 1749//2127
f 1668//2128 1749//2128 1748//2128
f 1669//2129 1670//2129 1750//2129
f 1669//2130 1750//2130 1749//2130
f 1670//2131 1671//2131 1751//2131
f 1670//2132 1751//2132 1750//2132
f 1671//2133 1672//2133 1752//2133
f 1671//2134 1752//2134 1751//2134
f 1672//2135 1673//2135 1753//2135
f 1672//2136 1753//2136 1752//2136
f 1673//2137 1674//2137 1754//2137
f 1673//2138 1754//2138 1753//2138
f 1674//2139 1675//2139 1755//2139
f 1674//2140 1755//2140 1754//2140
f 1675//2141 1676//2141 1756//2141
f 1675//2142 1756//2142 1755//2142
f 1676//2143 1677//2143 1757//2143
f 1676//2144 1757//2144 1756//2144
f 1677//2145 1678//2145 1758//2145
f 1677//2146 1758//2146 1757//2146
f 1678//2147 1679//2147 1759//2147
f 1678//2148 1759//2148 1758//2148
f 1679//2149 1680//2149 1760//2149
f 1679//2150 1760//2150 1759//2150
f 1680//2151 1602//2151 1682//2151
f 1680//2151 1682//2151 1760//2151
f 1682//2152 1681//2152 1761//2152
f 1682//2152 1761//2152 1762//2152
f 1681//2153 1683//2153 1763//2153
f 1681//2153 1763//2153 1761//2153
f 1683//2154 1684//2154 1764//2154
f 1683//2154 1764//2154 1763//2154
f 1684//2155 1685//2155 1765//2155
f 1684//2155 1765//2155 1764//2155
f 1685//2156 1686//2156 1766//2156
f 1685//2156 1766//2156 1765//2156
f 1686//2157 1687//2157 1767//2157
f 1686//2157 1767//2157 1766//2157
f 1687//2158 1688//2158 1768//2158
f 1687//2158 1768//2158 1767//2158
f 1688//2159 1689//2159 1769//2159
f 1688//2159 1769//2159 1768//2159
f 1689//2160 1690//2160 1770//2160
f 1689//2160 1770//2160 1769//2160
f 1690//2161 1691//2161 1771//2161
f 1690//2161 1771//2161 1770//2161
f 1691//2162 1692//2162 1772//2162
f 1691//2162 1772//2162 1771//2162
f 1692//2163 1693//2163 1773//2163
f 1692//2163 1773//2163 1772//2163
f 1693//2164 1694//2164 1774//2164
f 1693//2164 1774//2164 1773//2164
f 1694//2165 1695//2165 1775//2165
f 1694//2165 1775//2165 1774//2165
f 1695//2166 1696//2166 1776//2166
f 1695//2166 1776//2166 1775//2166
f 1696//2167 1697//2167 1777//2167
f 1696//2167 1777//2167 1776//2167
f 1697//2168 1698//2168 1778//2168
f 1697//2168 1778//2168 1777//2168
f 1698//2169 1699//2169 1779//2169
f 1698//2169 1779//2169 1778//2169
f 1699//2170 1700//2170 1780//2170
f 1699//2170 1780//2170 1779//2170
f 1700//2171 1701//2171 1781//2171
f 1700//2171 1781//2171 1780//2171
f 1701//2172 1702//2172 1782//2172
f 1701//2172 1782//2172 1781//2172
f 1702//2173 1703//2173 1783//2173
f 1702//2173 1783//2173 1782//2173
f 1703//2174 1704//2174 1784//2174
f 1703//2174 1784//2174 1783//2174
f 1704//2175 1705//2175 1785//2175
f 1704//2175 1785//2175 1784//2175
f 1705//2176 1706//2176 1786//2176
f 1705//2176 1786//2176 1785//2176
f 1706//2177 1707//2177 1787//2177
f 1706//2177 1787//2177 1786//2177
f 1707//2178 1708//2178 1788//2178
f 1707//2178 1788//2178 1787//2178
f 1708//2179 1709//2179 1789//2179
f 1708//2179 1789//2179 1788//2179
f 1709//2180 1710//2180 1790//2180
f 1709//2180 1790//2180 1789//2180
f 1710//2181 1711//2181 1791//2181
f 1710//2181 1791//2181 1790//2181
f 1711//2182 1712//2182 1792//2182
f 1711//2182 1792//2182 1791//2182
f 1712//2183 1713//2183 1793//2183
f 1712//2183 1793//2183 1792//2183
f 1713//2184 1714//2184 1794//2184
f 1713//2184 1794//2184 1793//2184
f 1714//2185 1715//2185 1795//2185
f 1714//2185 1795//2185 1794//2185
f 1715//2186 1716//2186 1796//2186
f 1715//2186 1796//2186 1795//2186
f 1716//2187 1717//2187 1797//2187
f 1716//2187 1797//2187 1796//2187
f 1717//2188 1718//2188 1798//2188
f 1717//2188 1798//2188 1797//2188
f 1718//2189 1719//2189 1799//2189
f 1718//2189 1799//2189 1798//2189
f 1719//2190 1720//2190 1800//2190
f 1719//2190 1800//2190 1799//2190
f 1721//2190 1722//2190 1802//2190
f 1721//2190 1802//2190 1801//2190
f 1722//2189 1723//2189 1803//2189
f 1722//2189 1803//2189 1802//2189
f 1723//2188 1724//2188 1804//2188
f 1723//2188 1804//2188 1803//2188
f 1724//2187 1725//2187 1805//2187
f 1724//2187 1805//2187 1804//2187
f 1725//2186 1726//2186 1806//2186
f 1725//2186 1806//2186 1805//2186
f 1726//2185 1727//2185 1807//2185
f 1726//2185 1807//2185 1806//2185
f 1727//2184 1728//2184 1808//2184
f 1727//2184 1808//2184 1807//2184
f 1728//2183 1729//2183 1809//2183
f 1728//2183 1809//2183 1808//2183
f 1729//2182 1730//2182 1810//2182
f 1729//2182 1810//2182 1809//2182
f 1730//2181 1731//2181 1811//2181
f 1730//2181 1811//2181 1810//2181
f 1731//2180 1732//2180 1812//2180
f 1731//2180 1812//2180 1811//2180
f 1732//2179 1733//2179 1813//2179
f 1732//2179 1813//2179 1812//2179
f 1733//2178 1734//2178 1814//2178
f 1733//2178 1814//2178 1813//2178
f 1734//2177 1735//2177 1815//2177
f 1734//2177 1815//2177 1814//2177
f 1735//2176 1736//2176 1816//2176
f 1735//2176 1816//2176 1815//2176
f 1736//2175 1737//2175 1817//2175
f 1736//2175 1817//2175 1816//2175
f 1737//2174 1738//2174 1818//2174
f 1737//2174 1818//2174 1817//2174
f 1738//2173 1739//2173 1819//2173
f 1738//2173 1819//2173 1818//2173
f 1739//2172 1740//2172 1820//2172
f 1739//2172 1820//2172 1819//2172
f 1740//2171 1741//2171 1821//2171
f 1740//2171 1821//2171 1820//2171
f 1741//2170 1742//2170 1822//2170
f 1741//2170 1822//2170 1821//2170
f 1742//2169 1743//2169 1823//2169
f 1742//2169 1823//2169 1822//2169
f 1743//2168 1744//2168 1824//2168
f 1743//2168 1824//2168 1823//2168
f 1744//2167 1745//2167 1825//2167
f 1744//2167 1825//2167 1824//2167
f 1745//2166 1746//2166 1826//2166
f 1745//2166 1826//2166 1825//2166
f 1746//2165 1747//2165 1827//2165
f 1746//2165 1827//2165 1826//2165
f 1747//2164 1748//2164 1828//2164
f 1747//2164 1828//2164 1827//2164
f 1748//2163 1749//2163 1829//2163
f 1748//2163 1829//2163 1828//2163
f 1749//2162 1750//2162 1830//2162
f 1749//2162 1830//2162 1829//2162
f 1750//2161 1751//2161 1831//2161
f 1750//2161 1831//2161 1830//2161
f 1751//2160 1752//2160 1832//2160
f 1751//2160 1832//2160 1831//2160
f 1752//2159 1753//2159 1833//2159
f 1752//2159 1833//2159 1832//2159
f 1753//2158 1754//2158 1834//2158
f 1753//2158 1834//2158 1833//2158
f 1754//2157 1755//2157 1835//2157
f 1754//2157 1835//2157 1834//2157
f 1755//2156 1756//2156 1836//2156
f 1755//2156 1836//2156 1835//2156
f 1756//2155 1757//2155 1837//2155
f 1756//2155 1837//2155 1836//2155
f 1757//2154 1758//2154 1838//2154
f 1757//2154 1838//2154 1837//2154
f 1758//2153 1759//2153 1839//2153
f 1758//2153 1839//2153 1838//2153
f 1759//2152 1760//2152 1840//2152
f 1759//2152 1840//2152 1839//2152
f 1762//2191 1761//2191 1841//2191
f 1762//2192 1841//2192 1842//2192
f 1761//2193 1763//2193 1843//2193
f 1761//2194 1843//2194 1841//2194
f 1763//2195 1764//2195 1844//2195
f 1763//2196 1844//2196 1843//2196
f 1764//2197 1765//2197 1845//2197
f 1764//2198 1845//2198 1844//2198
f 1765//2199 1766//2199 1846//2199
f 1765//2200 1846//2200 1845//2200
f 1766//2201 1767//2201 1847//2201
f 1766//2202 1847//2202 1846//2202
f 1767//2203 1768//2203 1848//2203
f 1767//2204 1848//2204 1847//2204
f 1768//2205 1769//2205 1849//2205
f 1768//2206 1849//2206 1848//2206
f 1769//2207 1770//2207 1850//2207
f 1769//2208 1850//2208 1849//2208
f 1770//2209 1771//2209 1851//2209
f 1770//2210 1851//2210 1850//2210
f 1771//2211 1772//2211 1852//2211
f 1771//2212 1852//2212 1851//2212
f 1772//2213 1773//2213 1853//2213
f 1772//2214 1853//2214 1852//2214
f 1773//2215 1774//2215 1854//2215
f 1773//2216 1854//2216 1853//2216
f 1774//2217 1775//2217 1855//2217
f 1774//2218 1855//2218 1854//2218
f 1775//2219 1776//2219 1856//2219
f 1775//2220 1856//2220 1855//2220
f 1776//2221 1777//2221 1857//2221
f 1776//2222 1857//2222 1856//2222
f 1777//2223 1778//2223 1858//2223
f 1777//2224 1858//2224 1857//2224
f 1778//2225 1779//2225 1859//2225
f 1778//2226 1859//2226 1858//2226
f 1779//2227 1780//2227 1860//2227
f 1779//2228 1860//2228 1859//2228
f 1780//2229 1781//2229 1861//2229
f 1780//2230 1861//2230 1860//2230
f 1781//2231 1782//2231 1862//2231
f 1781//2232 1862//2232 1861//2232
f 1782//2233 1783//2233 1863//2233
f 1782//2234 1863//2234 1862//2234
f 1783//2235 1784//2235 1864//2235
f 1783//2236 1864//2236 1863//2236
f 1784//2237 1785//2237 1865//2237
f 1784//2238 1865//2238 1864//2238
f 1785//2239 1786//2239 1866//2239
f 1785//2240 1866//2240 1865//2240
f 1786//2241 1787//2241 1867//2241
f 1786//2242 1867//2242 1866//2242
f 1787//2243 1788//2243 1868//2243
f 1787//2244 1868//2244 1867//2244
f 1788//2245 1789//2245 1869//2245
f 1788//2246 1869//2246 1868//2246
f 1789//2247 1790//2247 1870//2247
f 1789//2248 1870//2248 1869//2248
f 1790//2249 1791//2249 1871//2249
f 1790//2250 1871//2250 1870//2250
f 1791//2251 1792//2251 1872//2251
f 1791//2252 1872//2252 1871//2252
f 1792//2253 1793//2253 1873//2253
f 1792//2254 1873//2254 1872//2254
f 1793//2255 1794//2255 1874//2255
f 1793//2256 1874//2256 1873//2256
f 1794//2257 1795//2257 1875//2257
f 1794//2258 1875//2258 1874//2258
f 1795//2259 1796//2259 1876//2259
f 1795//2260 1876//2260 1875//2260
f 1796//2261 1797//2261 1877//2261
f 1796//2262 1877//2262 1876//2262
f 1797//2263 1798//2263 1878//2263
f 1797//2264 1878//2264 1877//2264
f 1798//2265 1799//2265 1879//2265
f 1798//2266 1879//2266 1878//2266
f 1799//2267 1800//2267 1880//2267
f 1799//2268 1880//2268 1879//2268
f 1800//1098 1801//1098 1881//1098
f 1800//1098 1881//1098 1880//1098
f 1801//2269 1802//2269 1882//2269
f 1801//2270 1882//2270 1881//2270
f 1802//2271 1803//2271 1883//2271
f 1802//2272 1883//2272 1882//2272
f 1803//2273 1804//2273 1884//2273
f 1803//2274 1884//2274 1883//2274
f 1804//2275 1805//2275 1885//2275
f 1804//2276 1885//2276 1884//2276
f 1805//2277 1806//2277 1886//2277
f 1805//2278 1886//2278 1885//2278
f 1806//2279 1807//2279 1887//2279
f 1806//2280 1887//2280 1886//2280
f 1807//2281 1808//2281 1888//2281
f 1807//2282 1888//2282 1887//2282
f 1808//2283 1809//2283 1889//2283
f 1808//2284 1889//2284 1888//2284
f 1809//2285 1810//2285 1890//2285
f 1809//2286 1890//2286 1889//2286
f 1810//2287 1811//2287 1891//2287
f 1810//2288 1891//2288 1890//2288
f 1811//2289 1812//2289 1892//2289
f 1811//2290 1892//2290 1891//2290
f 1812//2291 1813//2291 1893//2291
f 1812//2292 1893//2292 1892//2292
f 1813//2293 1814//2293 1894//2293
f 1813//2294 1894//2294 1893//2294
f 1814//2295 1815//2295 1895//2295
f 1814//2296 1895//2296 1894//2296
f 1815//2297 1816//2297 1896//2297
f 1815//2298 1896//2298 1895//2298
f 1816//2299 1817//2299 1897//2299
f 1816//2300 1897//2300 1896//2300
f 1817//2301 1818//2301 1898//2301
f 1817//2302 1898//2302 1897//2302
f 1818//2303 1819//2303 1899//2303
f 1818//2304 1899//2304 1898//2304
f 1819//2305 1820//2305 1900//2305
f 1819//2306 1900//2306 1899//2306
f 1820//2307 1821//2307 1901//2307
f 1820//2308 1901//2308 1900//2308
f 1821//2309 1822//2309 1902//2309
f 1821//2310 1902//2310 1901//2310
f 1822//2311 1823//2311 1903//2311
f 1822//2312 1903//2312 1902//2312
f 1823//2313 1824//2313 1904//2313
f 1823//2314 1904//2314 1903//2314
f 1824//2315 1825//2315 1905//2315
f 1824//2316 1905//2316 1904//2316
f 1825//2317 1826//2317 1906//2317
f 1825//2318 1906//2318 1905//2318
f 1826//2319 1827//2319 1907//2319
f 1826//2320 1907//2320 1906//2320
f 1827//2321 1828//2321 1908//2321
f 1827//2322 1908//2322 1907//2322
f 1828//2323 1829//2323 1909//2323
f 1828//2324 1909//2324 1908//2324
f 1829//2325 1830//2325 1910//2325
f 1829//2326 1910//2326 1909//2326
f 1830//2327 1831//2327 1911//2327
f 1830//2328 1911//2328 1910//2328
f 1831//2329 1832//2329 1912//2329
f 1831//2330 1912//2330 1911//2330
f 1832//2331 1833//2331 1913//2331
f 1832//2332 1913//2332 1912//2332
f 1833//2333 1834//2333 1914//2333
f 1833//2334 1914//2334 1913//2334
f 1834//2335 1835//2335 1915//2335
f 1834//2336 1915//2336 1914//2336
f 1835//2337 1836//2337 1916//2337
f 1835//2338 1916//2338 1915//2338
f 1836//2339 1837//2339 1917//2339
f 1836//2340 1917//2340 1916//2340
f 1837//2341 1838//2341 1918//2341
f 1837//2342 1918//2342 1917//2342
f 1838//2343 1839//2343 1919//2343
f 1838//2344 1919//2344 1918//2344
f 1839//2345 1840//2345 1920//2345
f 1839//2346 1920//2346 1919//2346
f 1840//2151 1762//2151 1842//2151
f 1840//2151 1842//2151 1920//2151
f 1842//2347 1841//2347 1921//2347
f 1842//2347 1921//2347 1922//2347
f 1841//2348 1843//2348 1923//2348
f 1841//2348 1923//2348 1921//2348
f 1843//2349 1844//2349 1924//2349
f 1843//2349 1924//2349 1923//2349
f 1844//2350 1845//2350 1925//2350
f 1844//2350 1925//2350 1924//2350
f 1845//2351 1846//2351 1926//2351
f 1845//2351 1926//2351 1925//2351
f 1846//2352 1847//2352 1927//2352
f 1846//2352 1927//2352 1926//2352
f 1847//2353 1848//2353 1928//2353
f 1847//2353 1928//2353 1927//2353
f 1848//2354 1849//2354 1929//2354
f 1848//2354 1929//2354 1928//2354
f 1849//2355 1850//2355 1930//2355
f 1849//2355 1930//2355 1929//2355
f 1850//2356 1851//2356 1931//2356
f 1850//2356 1931//2356 1930//2356
f 1851//2357 1852//2357 1932//2357
f 1851//2357 1932//2357 1931//2357
f 1852//2358 1853//2358 1933//2358
f 1852//2358 1933//2358 1932//2358
f 1853//2359 1854//2359 1934//2359
f 1853//2359 1934//2359 1933//2359
f 1854//2360 1855//2360 1935//2360
f 1854//2360 1935//2360 1934//2360
f 1855//2361 1856//2361 1936//2361
f 1855//2361 1936//2361 1935//2361
f 1856//2362 1857//2362 1937//2362
f 1856//2362 1937//2362 1936//2362
f 1857//2363 1858//2363 1938//2363
f 1857//2363 1938//2363 1937//2363
f 1858//2364 1859//2364 1939//2364
f 1858//2364 1939//2364 1938//2364
f 1859//2365 1860//2365 1940//2365
f 1859//2365 1940//2365 1939//2365
f 1860//2171 1861//2171 1941//2171
f 1860//2171 1941//2171 1940//2171
f 1861//2366 1862//2366 1942//2366
f 1861//2366 1942//2366 1941//2366
f 1862//2367 1863//2367 1943//2367
f 1862//2367 1943//2367 1942//2367
f 1863//2368 1864//2368 1944//2368
f 1863//2368 1944//2368 1943//2368
f 1864//2369 1865//2369 1945//2369
f 1864//2369 1945//2369 1944//2369
f 1865//2370 1866//2370 1946//2370
f 1865//2370 1946//2370 1945//2370
f 1866//2371 1867//2371 1947//2371
f 1866//2371 1947//2371 1946//2371
f 1867//2372 1868//2372 1948//2372
f 1867//2372 1948//2372 1947//2372
f 1868//2373 1869//2373 1949//2373
f 1868//2373 1949//2373 1948//2373
f 1869//2374 1870//2374 1950//2374
f 1869//2374 1950//2374 1949//2374
f 1870//2375 1871//2375 1951//2375
f 1870//2375 1951//2375 1950//2375
f 1871//2376 1872//2376 1952//2376
f 1871//2376 1952//2376 1951//2376
f 1872//2377 1873//2377 1953//2377
f 1872//2377 1953//2377 1952//2377
f 1873//2378 1874//2378 1954//2378
f 1873//2378 1954//2378 1953//2378
f 1874//2379 1875//2379 1955//2379
f 1874//2379 1955//2379 1954//2379
f 1875//2380 1876//2380 1956//2380
f 1875//2380 1956//2380 1955//2380
f 1876//2381 1877//2381 1957//2381
f 1876//2381 1957//2381 1956//2381
f 1877//2382 1878//2382 1958//2382
f 1877//2382 1958//2382 1957//2382
f 1878//2383 1879//2383 1959//2383
f 1878//2383 1959//2383 1958//2383
f 1879//2384 1880//2384 1960//2384
f 1879//2384 1960//2384 1959//2384
f 1881//2384 1882//2384 1962//2384
f 1881//2384 1962//2384 1961//2384
f 1882//2383 1883//2383 1963//2383
f 1882//2383 1963//2383 1962//2383
f 1883//2382 1884//2382 1964//2382
f 1883//2382 1964//2382 1963//2382
f 1884//2381 1885//2381 1965//2381
f 1884//2381 1965//2381 1964//2381
f 1885//2380 1886//2380 1966//2380
f 1885//2380 1966//2380 1965//2380
f 1886//2379 1887//2379 1967//2379
f 1886//2379 1967//2379 1966//2379
f 1887//2378 1888//2378 1968//2378
f 1887//2378 1968//2378 1967//2378
f 1888//2377 1889//2377 1969//2377
f 1888//2377 1969//2377 1968//2377
f 1889//2376 1890//2376 1970//2376
f 1889//2376 1970//2376 1969//2376
f 1890//2375 1891//2375 1971//2375
f 1890//2375 1971//2375 1970//2375
f 1891//2374 1892//2374 1972//2374
f 1891//2374 1972//2374 1971//2374
f 1892//2373 1893//2373 1973//2373
f 1892//2373 1973//2373 1972//2373
f 1893//2372 1894//2372 1974//2372
f 1893//2372 1974//2372 1973//2372
f 1894//2371 1895//2371 1975//2371
f 1894//2371 1975//2371 1974//2371
f 1895//2370 1896//2370 1976//2370
f 1895//2370 1976//2370 1975//2370
f 1896//2369 1897//2369 1977//2369
f 1896//2369 1977//2369 1976//2369
f 1897//2368 1898//2368 1978//2368
f 1897//2368 1978//2368 1977//2368
f 1898//2367 1899//2367 1979//2367
f 1898//2367 1979//2367 1978//2367
f 1899//2366 1900//2366 1980//2366
f 1899//2366 1980//2366 1979//2366
f 1900//2171 1901//2171 1981//2171
f 1900//2171 1981//2171 1980//2171
f 1901//2365 1902//2365 1982//2365
f 1901//2365 1982//2365 1981//2365
f 1902//2364 1903//2364 1983//2364
f 1902//2364 1983//2364 1982//2364
f 1903//2363 1904//2363 1984//2363
f 1903//2363 1984//2363 1983//2363
f 1904//2362 1905//2362 1985//2362
f 1904//2362 1985//2362 1984//2362
f 1905//2361 1906//2361 1986//2361
f 1905//2361 1986//2361 1985//2361
f 1906//2360 1907//2360 1987//2360
f 1906//2360 1987//2360 1986//2360
f 1907//2359 1908//2359 1988//2359
f 1907//2359 1988//2359 1987//2359
f 1908//2358 1909//2358 1989//2358
f 1908//2358 1989//2358 1988//2358
f 1909//2357 1910//2357 1990//2357
f 1909//2357 1990//2357 1989//2357
f 1910//2356 1911//2356 1991//2356
f 1910//2356 1991//2356 1990//2356
f 1911//2355 1912//2355 1992//2355
f 1911//2355 1992//2355 1991//2355
f 1912//2354 1913//2354 1993//2354
f 1912//2354 1993//2354 1992//2354
f 1913//2353 1914//2353 1994//2353
f 1913//2353 1994//2353 1993//2353
f 1914//2352 1915//2352 1995//2352
f 1914//2352 1995//2352 1994//2352
f 1915//2351 1916//2351 1996//2351
f 1915//2351 1996//2351 1995//2351
f 1916//2350 1917//2350 1997//2350
f 1916//2350 1997//2350 1996//2350
f 1917//2349 1918//2349 1998//2349
f 1917//2349 1998//2349 1997//2349
f 1918//2348 1919//2348 1999//2348
f 1918//2348 1999//2348 1998//2348
f 1919//2347 1920//2347 2000//2347
f 1919//2347 2000//2347 1999//2347
f 1922//2385 1921//2385 2001//2385
f 1922//2386 2001//2386 2002//2386
f 1921//2387 1923//2387 2003//2387
f 1921//2388 2003//2388 2001//2388
f 1923//2389 1924//2389 2004//2389
f 1923//2390 2004//2390 2003//2390
f 1924//2391 1925//2391 2005//2391
f 1924//2392 2005//2392 2004//2392
f 1925//2393 1926//2393 2006//2393
f 1925//2394 2006//2394 2005//2394
f 1926//2395 1927//2395 2007//2395
f 1926//2396 2007//2396 2006//2396
f 1927//2397 1928//2397 2008//2397
f 1927//2398 2008//2398 2007//2398
f 1928//2399 1929//2399 2009//2399
f 1928//2400 2009//2400 2008//2400
f 1929//2401 1930//2401 2010//2401
f 1929//2402 2010//2402 2009//2402
f 1930//2403 1931//2403 2011//2403
f 1930//2404 2011//2404 2010//2404
f 1931//2405 1932//2405 2012//2405
f 1931//2406 2012//2406 2011//2406
f 1932//2407 1933//2407 2013//2407
f 1932//2408 2013//2408 2012//2408
f 1933//2409 1934//2409 2014//2409
f 1933//2410 2014//2410 2013//2410
f 1934//2411 1935//2411 2015//2411
f 1934//2412 2015//2412 2014//2412
f 1935//2413 1936//2413 2016//2413
f 1935//2414 2016//2414 2015//2414
f 1936//2415 1937//2415 2017//2415
f 1936//2416 2017//2416 2016//2416
f 1937//2417 1938//2417 2018//2417
f 1937//2418 2018//2418 2017//2418
f 1938//2419 1939//2419 2019//2419
f 1938//2420 2019//2420 2018//2420
f 1939//2421 1940//2421 2020//2421
f 1939//2422 2020//2422 2019//2422
f 1940//2423 1941//2423 2021//2423
f 1940//2424 2021//2424 2020//2424
f 1941//2425 1942//2425 2022//2425
f 1941//2426 2022//2426 2021//2426
f 1942//2427 1943//2427 2023//2427
f 1942//2428 2023//2428 2022//2428
f 1943//2429 1944//2429 2024//2429
f 1943//2430 2024//2430 2023//2430
f 1944//2431 1945//2431 2025//2431
f 1944//2432 2025//2432 2024//2432
f 1945//2433 1946//2433 2026//2433
f 1945//2434 2026//2434 2025//2434
f 1946//2435 1947//2435 2027//2435
f 1946//2436 2027//2436 2026//2436
f 1947//2437 1948//2437 2028//2437
f 1947//2438 2028//2438 2027//2438
f 1948//2439 1949//2439 2029//2439
f 1948//2440 2029//2440 2028//2440
f 1949//2441 1950//2441 2030//2441
f 1949//2442 2030//2442 2029//2442
f 1950//2443 1951//2443 2031//2443
f 1950//2444 2031//2444 2030//2444
f 1951//2445 1952//2445 2032//2445
f 1951//2446 2032//2446 2031//2446
f 1952//2447 1953//2447 2033//2447
f 1952//2448 2033//2448 2032//2448
f 1953//2449 1954//2449 2034//2449
f 1953//2450 2034//2450 2033//2450
f 1954//2451 1955//2451 2035//2451
f 1954//2452 2035//2452 2034//2452
f 1955//2453 1956//2453 2036//2453
f 1955//2454 2036//2454 2035//2454
f 1956//2455 1957//2455 2037//2455
f 1956//2456 2037//2456 2036//2456
f 1957//2457 1958//2457 2038//2457
f 1957//2458 2038//2458 2037//2458
f 1958//2459 1959//2459 2039//2459
f 1958//2460 2039//2460 2038//2460
f 1959//2461 1960//2461 2040//2461
f 1959//2462 2040//2462 2039//2462
f 1960//118 1961//118 2041//118
f 1960//118 2041//118 2040//118
f 1961//2463 1962//2463 2042//2463
f 1961//2464 2042//2464 2041//2464
f 1962//2465 1963//2465 2043//2465
f 1962//2466 2043//2466 2042//2466
f 1963//2467 1964//2467 2044//2467
f 1963//2468 2044//2468 2043//2468
f 1964//2469 1965//2469 2045//2469
f 1964//2470 2045//2470 2044//2470
f 1965//2471 1966//2471 2046//2471
f 1965//2472 2046//2472 2045//2472
f 1966//2473 1967//2473 2047//2473
f 1966//2474 2047//2474 2046//2474
f 1967//2475 1968//2475 2048//2475
f 1967//2476 2048//2476 2047//2476
f 1968//2477 1969//2477 2049//2477
f 1968//2478 2049//2478 2048//2478
f 1969//2479 1970//2479 2050//2479
f 1969//2480 2050//2480 2049//2480
f 1970//2481 1971//2481 2051//2481
f 1970//2482 2051//2482 2050//2482
f 1971//2483 1972//2483 2052//2483
f 1971//2484 2052//2484 2051//2484
f 1972//2485 1973//2485 2053//2485
f 1972//2486 2053//2486 2052//2486
f 1973//2487 1974//2487 2054//2487
f 1973//2488 2054//2488 2053//2488
f 1974//2489 1975//2489 2055//2489
f 1974//2490 2055//2490 2054//2490
f 1975//2491 1976//2491 2056//2491
f 1975//2492 2056//2492 2055//2492
f 1976//2493 1977//2493 2057//2493
f 1976//2494 2057//2494 2056//2494
f 1977//2495 1978//2495 2058//2495
f 1977//2496 2058//2496 2057//2496
f 1978//2497 1979//2497 2059//2497
f 1978//2498 2059//2498 2058//2498
f 1979//2499 1980//2499 2060//2499
f 1979//2500 2060//2500 2059//2500
f 1980//2501 1981//2501 2061//2501
f 1980//2502 2061//2502 2060//2502
f 1981//2503 1982//2503 2062//2503
f 1981//2504 2062//2504 2061//2504
f 1982//2505 1983//2505 2063//2505
f 1982//2506 2063//2506 2062//2506
f 1983//2507 1984//2507 2064//2507
f 1983//2508 2064//2508 2063//2508
f 1984//2509 1985//2509 2065//2509
f 1984//2510 2065//2510 2064//2510
f 1985//2511 1986//2511 2066//2511
f 1985//2512 2066//2512 2065//2512
f 1986//2513 1987//2513 2067//2513
f 1986//2514 2067//2514 2066//2514
f 1987//2515 1988//2515 2068//2515
f 1987//2516 2068//2516 2067//2516
f 1988//2517 1989//2517 2069//2517
f 1988//2518 2069//2518 2068//2518
f 1989//2519 1990//2519 2070//2519
f 1989//2520 2070//2520 2069//2520
f 1990//2521 1991//2521 2071//2521
f 1990//2522 2071//2522 2070//2522
f 1991//2523 1992//2523 2072//2523
f 1991//2524 2072//2524 2071//2524
f 1992//2525 1993//2525 2073//2525
f 1992//2526 2073//2526 2072//2526
f 1993//2527 1994//2527 2074//2527
f 1993//2528 2074//2528 2073//2528
f 1994//2529 1995//2529 2075//2529
f 1994//2530 2075//2530 2074//2530
f 1995//2531 1996//2531 2076//2531
f 1995//2532 2076//2532 2075//2532
f 1996//2533 1997//2533 2077//2533
f 1996//2534 2077//2534 2076//2534
f 1997//2535 1998//2535 2078//2535
f 1997//2536 2078//2536 2077//2536
f 1998//2537 1999//2537 2079//2537
f 1998//2538 2079//2538 2078//2538
f 1999//2539 2000//2539 2080//2539
f 1999//2540 2080//2540 2079//2540
f 2000//2151 1922//2151 2002//2151
f 2000//2151 2002//2151 2080//2151
f 2002//2541 2001//2541 2081//2541
f 2002//2541 2081//2541 2082//2541
f 2001//2542 2003//2542 2083//2542
f 2001//2542 2083//2542 2081//2542
f 2003//2543 2004//2543 2084//2543
f 2003//2543 2084//2543 2083//2543
f 2004//2544 2005//2544 2085//2544
f 2004//2544 2085//2544 2084//2544
f 2005//2545 2006//2545 2086//2545
f 2005//2545 2086//2545 2085//2545
f 2006//2546 2007//2546 2087//2546
f 2006//2546 2087//2546 2086//2546
f 2007//2547 2008//2547 2088//2547
f 2007//2547 2088//2547 2087//2547
f 2008//2548 2009//2548 2089//2548
f 2008//2548 2089//2548 2088//2548
f 2009//2549 2010//2549 2090//2549
f 2009//2549 2090//2549 2089//2549
f 2010//2550 2011//2550 2091//2550
f 2010//2550 2091//2550 2090//2550
f 2011//2551 2012//2551 2092//2551
f 2011//2551 2092//2551 2091//2551
f 2012//2552 2013//2552 2093//2552
f 2012//2552 2093//2552 2092//2552
f 2013//2553 2014//2553 2094//2553
f 2013//2553 2094//2553 2093//2553
f 2014//2554 2015//2554 2095//2554
f 2014//2554 2095//2554 2094//2554
f 2015//2555 2016//2555 2096//2555
f 2015//2555 2096//2555 2095//2555
f 2016//2556 2017//2556 2097//2556
f 2016//2556 2097//2556 2096//2556
f 2017//2557 2018//2557 2098//2557
f 2017//2557 2098//2557 2097//2557
f 2018//2558 2019//2558 2099//2558
f 2018//2558 2099//2558 2098//2558
f 2019//2559 2020//2559 2100//2559
f 2019//2559 2100//2559 2099//2559
f 2020//2171 2021//2171 2101//2171
f 2020//2171 2101//2171 2100//2171
f 2021//2560 2022//2560 2102//2560
f 2021//2560 2102//2560 2101//2560
f 2022//2561 2023//2561 2103//2561
f 2022//2561 2103//2561 2102//2561
f 2023//2562 2024//2562 2104//2562
f 2023//2562 2104//2562 2103//2562
f 2024//2563 2025//2563 2105//2563
f 2024//2563 2105//2563 2104//2563
f 2025//2564 2026//2564 2106//2564
f 2025//2564 2106//2564 2105//2564
f 2026//2565 2027//2565 2107//2565
f 2026//2565 2107//2565 2106//2565
f 2027//2566 2028//2566 2108//2566
f 2027//2566 2108//2566 2107//2566
f 2028//2567 2029//2567 2109//2567
f 2028//2567 2109//2567 2108//2567
f 2029//2568 2030//2568 2110//2568
f 2029//2568 2110//2568 2109//2568
f 2030//2569 2031//2569 2111//2569
f 2030//2569 2111//2569 2110//2569
f 2031//2570 2032//2570 2112//2570
f 2031//2570 2112//2570 2111//2570
f 2032//2571 2033//2571 2113//2571
f 2032//2571 2113//2571 2112//2571
f 2033//2572 2034//2572 2114//2572
f 2033//2572 2114//2572 2113//2572
f 2034//2573 2035//2573 2115//2573
f 2034//2573 2115//2573 2114//2573
f 2035//2574 2036//2574 2116//2574
f 2035//2574 2116//2574 2115//2574
f 2036//2575 2037//2575 2117//2575
f 2036//2575 2117//2575 2116//2575
f 2037//2576 2038//2576 2118//2576
f 2037//2576 2118//2576 2117//2576
f 2038//2577 2039//2577 2119//2577
f 2038//2577 2119//2577 2118//2577
f 2039//2578 2040//2578 2120//2578
f 2039//2578 2120//2578 2119//2578
f 2041//2578 2042//2578 2122//2578
f 2041//2578 2122//2578 2121//2578
f 2042//2577 2043//2577 2123//2577
f 2042//2577 2123//2577 2122//2577
f 2043//2576 2044//2576 2124//2576
f 2043//2576 2124//2576 2123//2576
f 2044//2575 2045//2575 2125//2575
f 2044//2575 2125//2575 2124//2575
f 2045//2574 2046//2574 2126//2574
f 2045//2574 2126//2574 2125//2574
f 2046//2573 2047//2573 2127//2573
f 2046//2573 2127//2573 2126//2573
f 2047//2572 2048//2572 2128//2572
f 2047//2572 2128//2572 2127//2572
f 2048//2571 2049//2571 2129//2571
f 2048//2571 2129//2571 2128//2571
f 2049//2570 2050//2570 2130//2570
f 2049//2570 2130//2570 2129//2570
f 2050//2569 2051//2569 2131//2569
f 2050//2569 2131//2569 2130//2569
f 2051//2568 2052//2568 2132//2568
f 2051//2568 2132//2568 2131//2568
f 2052//2567 2053//2567 2133//2567
f 2052//2567 2133//2567 2132//2567
f 2053//2566 2054//2566 2134//2566
f 2053//2566 2134//2566 2133//2566
f 2054//2565 2055//2565 2135//2565
f 2054//2565 2135//2565 2134//2565
f 2055//2564 2056//2564 2136//2564
f 2055//2564 2136//2564 2135//2564
f 2056//2563 2057//2563 2137//2563
f 2056//2563 2137//2563 2136//2563
f 2057//2562 2058//2562 2138//2562
f 2057//2562 2138//2562 2137//2562
f 2058//2561 2059//2561 2139//2561
f 2058//2561 2139//2561 2138//2561
f 2059//2560 2060//2560 2140//2560
f 2059//2560 2140//2560 2139//2560
f 2060//2171 2061//2171 2141//2171
f 2060//2171 2141//2171 2140//2171
f 2061//2559 2062//2559 2142//2559
f 2061//2559 2142//2559 2141//2559
f 2062//2558 2063//2558 2143//2558
f 2062//2558 2143//2558 2142//2558
f 2063//2557 2064//2557 2144//2557
f 2063//2557 2144//2557 2143//2557
f 2064//2556 2065//2556 2145//2556
f 2064//2556 2145//2556 2144//2556
f 2065//2555 2066//2555 2146//2555
f 2065//2555 2146//2555 2145//2555
f 2066//2554 2067//2554 2147//2554
f 2066//2554 2147//2554 2146//2554
f 2067//2553 2068//2553 2148//2553
f 2067//2553 2148//2553 2147//2553
f 2068//2552 2069//2552 2149//2552
f 2068//2552 2149//2552 2148//2552
f 2069//2551 2070//2551 2150//2551
f 2069//2551 2150//2551 2149//2551
f 2070//2550 2071//2550 2151//2550
f 2070//2550 2151//2550 2150//2550
f 2071//2549 2072//2549 2152//2549
f 2071//2549 2152//2549 2151//2549
f 2072//2548 2073//2548 2153//2548
f 2072//2548 2153//2548 2152//2548
f 2073//2547 2074//2547 2154//2547
f 2073//2547 2154//2547 2153//2547
f 2074//2546 2075//2546 2155//2546
f 2074//2546 2155//2546 2154//2546
f 2075//2545 2076//2545 2156//2545
f 2075//2545 2156//2545 2155//2545
f 2076//2544 2077//2544 2157//2544
f 2076//2544 2157//2544 2156//2544
f 2077//2543 2078//2543 2158//2543
f 2077//2543 2158//2543 2157//2543
f 2078//2542 2079//2542 2159//2542
f 2078//2542 2159//2542 2158//2542
f 2079//2541 2080//2541 2160//2541
f 2079//2541 2160//2541 2159//2541
f 2082//2579 2081//2579 2161//2579
f 2082//2580 2161//2580 2162//2580
f 2081//2581 2083//2581 2163//2581
f 2081//2582 2163//2582 2161//2582
f 2083//2583 2084//2583 2164//2583
f 2083//2584 2164//2584 2163//2584
f 2084//2585 2085//2585 2165//2585
f 2084//2586 2165//2586 2164//2586
f 2085//2587 2086//2587 2166//2587
f 2085//2588 2166//2588 2165//2588
f 2086//2589 2087//2589 2167//2589
f 2086//2590 2167//2590 2166//2590
f 2087//2591 2088//2591 2168//2591
f 2087//2592 2168//2592 2167//2592
f 2088//2593 2089//2593 2169//2593
f 2088//2594 2169//2594 2168//2594
f 2089//2595 2090//2595 2170//2595
f 2089//2596 2170//2596 2169//2596
f 2090//2597 2091//2597 2171//2597
f 2090//2598 2171//2598 2170//2598
f 2091//2599 2092//2599 2172//2599
f 2091//2600 2172//2600 2171//2600
f 2092//2601 2093//2601 2173//2601
f 2092//2602 2173//2602 2172//2602
f 2093//2603 2094//2603 2174//2603
f 2093//2604 2174//2604 2173//2604
f 2094//2605 2095//2605 2175//2605
f 2094//2606 2175//2606 2174//2606
f 2095//2607 2096//2607 2176//2607
f 2095//2608 2176//2608 2175//2608
f 2096//2609 2097//2609 2177//2609
f 2096//2610 2177//2610 2176//2610
f 2097//2611 2098//2611 2178//2611
f 2097//2612 2178//2612 2177//2612
f 2098//2613 2099//2613 2179//2613
f 2098//2614 2179//2614 2178//2614
f 2099//2615 2100//2615 2180//2615
f 2099//2616 2180//2616 2179//2616
f 2100//2617 2101//2617 2181//2617
f 2100//2618 2181//2618 2180//2618
f 2101//2619 2102//2619 2182//2619
f 2101//2620 2182//2620 2181//2620
f 2102//2621 2103//2621 2183//2621
f 2102//2622 2183//2622 2182//2622
f 2103//2623 2104//2623 2184//2623
f 2103//2624 2184//2624 2183//2624
f 2104//2625 2105//2625 2185//2625
f 2104//2626 2185//2626 2184//2626
f 2105//2627 2106//2627 2186//2627
f 2105//2628 2186//2628 2185//2628
f 2106//2629 2107//2629 2187//2629
f 2106//2630 2187//2630 2186//2630
f 2107//2631 2108//2631 2188//2631
f 2107//2632 2188//2632 2187//2632
f 2108//2633 2109//2633 2189//2633
f 2108//2634 2189//2634 2188//2634
f 2109//2635 2110//2635 2190//2635
f 2109//2636 2190//2636 2189//2636
f 2110//2637 2111//2637 2191//2637
f 2110//2638 2191//2638 2190//2638
f 2111//2639 2112//2639 2192//2639
f 2111//2640 2192//2640 2191//2640
f 2112//2641 2113//2641 2193//2641
f 2112//2642 2193//2642 2192//2642
f 2113//2643 2114//2643 2194//2643
f 2113//2644 2194//2644 2193//2644
f 2114//2645 2115//2645 2195//2645
f 2114//2646 2195//2646 2194//2646
f 2115//2647 2116//2647 2196//2647
f 2115//2648 2196//2648 2195//2648
f 2116//2649 2117//2649 2197//2649
f 2116//2650 2197//2650 2196//2650
f 2117//2651 2118//2651 2198//2651
f 2117//2652 2198//2652 2197//2652
f 2118//2653 2119//2653 2199//2653
f 2118//2654 2199//2654 2198//2654
f 2119//2655 2120//2655 2200//2655
f 2119//2656 2200//2656 2199//2656
f 2120//902 2121//902 2201//902
f 2120//902 2201//902 2200//902
f 2121//2657 2122//2657 2202//2657
f 2121//2658 2202//2658 2201//2658
f 2122//2659 2123//2659 2203//2659
f 2122//2660 2203//2660 2202//2660
f 2123//2661 2124//2661 2204//2661
f 2123//2662 2204//2662 2203//2662
f 2124//2663 2125//2663 2205//2663
f 2124//2664 2205//2664 2204//2664
f 2125//2665 2126//2665 2206//2665
f 2125//2666 2206//2666 2205//2666
f 2126//2667 2127//2667 2207//2667
f 2126//2668 2207//2668 2206//2668
f 2127//2669 2128//2669 2208//2669
f 2127//2670 2208//2670 2207//2670
f 2128//2671 2129//2671 2209//2671
f 2128//2672 2209//2672 2208//2672
f 2129//2673 2130//2673 2210//2673
f 2129//2674 2210//2674 2209//2674
f 2130//2675 2131//2675 2211//2675
f 2130//2676 2211//2676 2210//2676
f 2131//2677 2132//2677 2212//2677
f 2131//2678 2212//2678 2211//2678
f 2132//2679 2133//2679 2213//2679
f 2132//2680 2213//2680 2212//2680
f 2133//2681 2134//2681 2214//2681
f 2133//2682 2214//2682 2213//2682
f 2134//2683 2135//2683 2215//2683
f 2134//2684 2215//2684 2214//2684
f 2135//2685 2136//2685 2216//2685
f 2135//2686 2216//2686 2215//2686
f 2136//2687 2137//2687 2217//2687
f 2136//2688 2217//2688 2216//2688
f 2137//2689 2138//2689 2218//2689
f 2137//2690 2218//2690 2217//2690
f 2138//2691 2139//2691 2219//2691
f 2138//2692 2219//2692 2218//2692
f 2139//2693 2140//2693 2220//2693
f 2139//2694 2220//2694 2219//2694
f 2140//2695 2141//2695 2221//2695
f 2140//2696 2221//2696 2220//2696
f 2141//2697 2142//2697 2222//2697
f 2141//2698 2222//2698 2221//2698
f 2142//2699 2143//2699 2223//2699
f 2142//2700 2223//2700 2222//2700
f 2143//2701 2144//2701 2224//2701
f 2143//2702 2224//2702 2223//2702
f 2144//2703 2145//2703 2225//2703
f 2144//2704 2225//2704 2224//2704
f 2145//2705 2146//2705 2226//2705
f 2145//2706 2226//2706 2225//2706
f 2146//2707 2147//2707 2227//2707
f 2146//2708 2227//2708 2226//2708
f 2147//2709 2148//2709 2228//2709
f 2147//2710 2228//2710 2227//2710
f 2148//2711 2149//2711 2229//2711
f 2148//2712 2229//2712 2228//2712
f 2149//2713 2150//2713 2230//2713
f 2149//2714 2230//2714 2229//2714
f 2150//2715 2151//2715 2231//2715
f 2150//2716 2231//2716 2230//2716
f 2151//2717 2152//2717 2232//2717
f 2151//2718 2232//2718 2231//2718
f 2152//2719 2153//2719 2233//2719
f 2152//2720 2233//2720 2232//2720
f 2153//2721 2154//2721 2234//2721
f 2153//2722 2234//2722 2233//2722
f 2154//2723 2155//2723 2235//2723
f 2154//2724 2235//2724 2234//2724
f 2155//2725 2156//2725 2236//2725
f 2155//2726 2236//2726 2235//2726
f 2156//2727 2157//2727 2237//2727
f 2156//2728 2237//2728 2236//2728
f 2157//2729 2158//2729 2238//2729
f 2157//2730 2238//2730 2237//2730
f 2158//2731 2159//2731 2239//2731
f 2158//2732 2239//2732 2238//2732
f 2159//2733 2160//2733 2240//2733
f 2159//2734 2240//2734 2239//2734
f 2160//981 2082//981 2162//981
f 2160//981 2162//981 2240//981
f 2162//2735 2161//2735 2241//2735
f 2162//2735 2241//2735 2242//2735
f 2161//2736 2163//2736 2243//2736
f 2161//2736 2243//2736 2241//2736
f 2163//2737 2164//2737 2244//2737
f 2163//2737 2244//2737 2243//2737
f 2164//2738 2165//2738 2245//2738
f 2164//2738 2245//2738 2244//2738
f 2165//2739 2166//2739 2246//2739
f 2165//2739 2246//2739 2245//2739
f 2166//2740 2167//2740 2247//2740
f 2166//2740 2247//2740 2246//2740
f 2167//2741 2168//2741 2248//2741
f 2167//2741 2248//2741 2247//2741
f 2168//2742 2169//2742 2249//2742
f 2168//2742 2249//2742 2248//2742
f 2169//2743 2170//2743 2250//2743
f 2169//2743 2250//2743 2249//2743
f 2170//2744 2171//2744 2251//2744
f 2170//2744 2251//2744 2250//2744
f 2171//2745 2172//2745 2252//2745
f 2171//2745 2252//2745 2251//2745
f 2172//2746 2173//2746 2253//2746
f 2172//2746 2253//2746 2252//2746
f 2173//2747 2174//2747 2254//2747
f 2173//2747 2254//2747 2253//2747
f 2174//2748 2175//2748 2255//2748
f 2174//2748 2255//2748 2254//2748
f 2175//2749 2176//2749 2256//2749
f 2175//2749 2256//2749 2255//2749
f 2176//2750 2177//2750 2257//2750
f 2176//2750 2257//2750 2256//2750
f 2177//2751 2178//2751 2258//2751
f 2177//2751 2258//2751 2257//2751
f 2178//2752 2179//2752 2259//2752
f 2178//2752 2259//2752 2258//2752
f 2179//2753 2180//2753 2260//2753
f 2179//2753 2260//2753 2259//2753
f 2180//2754 2181//2754 2261//2754
f 2180//2754 2261//2754 2260//2754
f 2181//2755 2182//2755 2262//2755
f 2181//2755 2262//2755 2261//2755
f 2182//2756 2183//2756 2263//2756
f 2182//2756 2263//2756 2262//2756
f 2183//2757 2184//2757 2264//2757
f 2183//2757 2264//2757 2263//2757
f 2184//2758 2185//2758 2265//2758
f 2184//2758 2265//2758 2264//2758
f 2185//2759 2186//2759 2266//2759
f 2185//2759 2266//2759 2265//2759
f 2186//2760 2187//2760 2267//2760
f 2186//2760 2267//2760 2266//2760
f 2187//2761 2188//2761 2268//2761
f 2187//2761 2268//2761 2267//2761
f 2188//2762 2189//2762 2269//2762
f 2188//2762 2269//2762 2268//2762
f 2189//2763 2190//2763 2270//2763
f 2189//2763 2270//2763 2269//2763
f 2190//2764 2191//2764 2271//2764
f 2190//2764 2271//2764 2270//2764
f 2191//2765 2192//2765 2272//2765
f 2191//2765 2272//2765 2271//2765
f 2192//2766 2193//2766 2273//2766
f 2192//2766 2273//2766 2272//2766
f 2193//2767 2194//2767 2274//2767
f 2193//2767 2274//2767 2273//2767
f 2194//2768 2195//2768 2275//2768
f 2194//2768 2275//2768 2274//2768
f 2195//2769 2196//2769 2276//2769
f 2195//2769 2276//2769 2275//2769
f 2196//2770 2197//2770 2277//2770
f 2196//2770 2277//2770 2276//2770
f 2197//2771 2198//2771 2278//2771
f 2197//2771 2278//2771 2277//2771
f 2198//2772 2199//2772 2279//2772
f 2198//2772 2279//2772 2278//2772
f 2199//2773 2200//2773 2280//2773
f 2199//2773 2280//2773 2279//2773
f 2201//2773 2202//2773 2282//2773
f 2201//2773 2282//2773 2281//2773
f 2202//2772 2203//2772 2283//2772
f 2202//2772 2283//2772 2282//2772
f 2203//2771 2204//2771 2284//2771
f 2203//2771 2284//2771 2283//2771
f 2204//2770 2205//2770 2285//2770
f 2204//2770 2285//2770 2284//2770
f 2205//2769 2206//2769 2286//2769
f 2205//2769 2286//2769 2285//2769
f 2206//2768 2207//2768 2287//2768
f 2206//2768 2287//2768 2286//2768
f 2207//2767 2208//2767 2288//2767
f 2207//2767 2288//2767 2287//2767
f 2208//2766 2209//2766 2289//2766
f 2208//2766 2289//2766 2288//2766
f 2209//2765 2210//2765 2290//2765
f 2209//2765 2290//2765 2289//2765
f 2210//2764 2211//2764 2291//2764
f 2210//2764 2291//2764 2290//2764
f 2211//2763 2212//2763 2292//2763
f 2211//2763 2292//2763 2291//2763
f 2212//2762 2213//2762 2293//2762
f 2212//2762 2293//2762 2292//2762
f 2213//2761 2214//2761 2294//2761
f 2213//2761 2294//2761 2293//2761
f 2214//2760 2215//2760 2295//2760
f 2214//2760 2295//2760 2294//2760
f 2215//2759 2216//2759 2296//2759
f 2215//2759 2296//2759 2295//2759
f 2216//2758 2217//2758 2297//2758
f 2216//2758 2297//2758 2296//2758
f 2217//2757 2218//2757 2298//2757
f 2217//2757 2298//2757 2297//2757
f 2218//2756 2219//2756 2299//2756
f 2218//2756 2299//2756 2298//2756
f 2219//2755 2220//2755 2300//2755
f 2219//2755 2300//2755 2299//2755
f 2220//2754 2221//2754 2301//2754
f 2220//2754 2301//2754 2300//2754
f 2221//2753 2222//2753 2302//2753
f 2221//2753 2302//2753 2301//2753
f 2222//2752 2223//2752 2303//2752
f 2222//2752 2303//2752 2302//2752
f 2223//2751 2224//2751 2304//2751
f 2223//2751 2304//2751 2303//2751
f 2224//2750 2225//2750 2305//2750
f 2224//2750 2305//2750 2304//2750
f 2225//2749 2226//2749 2306//2749
f 2225//2749 2306//2749 2305//2749
f 2226//2748 2227//2748 2307//2748
f 2226//2748 2307//2748 2306//2748
f 2227//2747 2228//2747 2308//2747
f 2227//2747 2308//2747 2307//2747
f 2228//2746 2229//2746 2309//2746
f 2228//2746 2309//2746 2308//2746
f 2229//2745 2230//2745 2310//2745
f 2229//2745 2310//2745 2309//2745
f 2230//2744 2231//2744 2311//2744
f 2230//2744 2311//2744 2310//2744
f 2231//2743 2232//2743 2312//2743
f 2231//2743 2312//2743 2311//2743
f 2232//2742 2233//2742 2313//2742
f 2232//2742 2313//2742 2312//2742
f 2233//2741 2234//2741 2314//2741
f 2233//2741 2314//2741 2313//2741
f 2234//2740 2235//2740 2315//2740
f 2234//2740 2315//2740 2314//2740
f 2235//2739 2236//2739 2316//2739
f 2235//2739 2316//2739 2315//2739
f 2236//2738 2237//2738 2317//2738
f 2236//2738 2317//2738 2316//2738
f 2237//2737 2238//2737 2318//2737
f 2237//2737 2318//2737 2317//2737
f 2238//2736 2239//2736 2319//2736
f 2238//2736 2319//2736 2318//2736
f 2239//2735 2240//2735 2320//2735
f 2239//2735 2320//2735 2319//2735
f 2242//2774 2241//2774 2321//2774
f 2242//2775 2321//2775 2322//2775
f 2241//2776 2243//2776 2323//2776
f 2241//2777 2323//2777 2321//2777
f 2243//2778 2244//2778 2324//2778
f 2243//2779 2324//2779 2323//2779
f 2244//2780 2245//2780 2325//2780
f 2244//2781 2325//2781 2324//2781
f 2245//2782 2246//2782 2326//2782
f 2245//2783 2326//2783 2325//2783
f 2246//2784 2247//2784 2327//2784
f 2246//2785 2327//2785 2326//2785
f 2247//2786 2248//2786 2328//2786
f 2247//2787 2328//2787 2327//2787
f 2248//2788 2249//2788 2329//2788
f 2248//2789 2329//2789 2328//2789
f 2249//2790 2250//2790 2330//2790
f 2249//2791 2330//2791 2329//2791
f 2250//2792 2251//2792 2331//2792
f 2250//2793 2331//2793 2330//2793
f 2251//2794 2252//2794 2332//2794
f 2251//2795 2332//2795 2331//2795
f 2252//2796 2253//2796 2333//2796
f 2252//2797 2333//2797 2332//2797
f 2253//2798 2254//2798 2334//2798
f 2253//2799 2334//2799 2333//2799
f 2254//2800 2255//2800 2335//2800
f 2254//2801 2335//2801 2334//2801
f 2255//2802 2256//2802 2336//2802
f 2255//2803 2336//2803 2335//2803
f 2256//2804 2257//2804 2337//2804
f 2256//2805 2337//2805 2336//2805
f 2257//2806 2258//2806 2338//2806
f 2257//2807 2338//2807 2337//2807
f 2258//2808 2259//2808 2339//2808
f 2258//2809 2339//2809 2338//2809
f 2259//2810 2260//2810 2340//2810
f 2259//2811 2340//2811 2339//2811
f 2260//2812 2261//2812 2341//2812
f 2260//2813 2341//2813 2340//2813
f 2261//2814 2262//2814 2342//2814
f 2261//2815 2342//2815 2341//2815
f 2262//2816 2263//2816 2343//2816
f 2262//2817 2343//2817 2342//2817
f 2263//2818 2264//2818 2344//2818
f 2263//2819 2344//2819 2343//2819
f 2264//2820 2265//2820 2345//2820
f 2264//2821 2345//2821 2344//2821
f 2265//2822 2266//2822 2346//2822
f 2265//2823 2346//2823 2345//2823
f 2266//2824 2267//2824 2347//2824
f 2266//2825 2347//2825 2346//2825
f 2267//2826 2268//2826 2348//2826
f 2267//2827 2348//2827 2347//2827
f 2268//2828 2269//2828 2349//2828
f 2268//2829 2349//2829 2348//2829
f 2269//2830 2270//2830 2350//2830
f 2269//2831 2350//2831 2349//2831
f 2270//2832 2271//2832 2351//2832
f 2270//2833 2351//2833 2350//2833
f 2271//2834 2272//2834 2352//2834
f 2271//2835 2352//2835 2351//2835
f 2272//2836 2273//2836 2353//2836
f 2272//2837 2353//2837 2352//2837
f 2273//2838 2274//2838 2354//2838
f 2273//2839 2354//2839 2353//2839
f 2274//2840 2275//2840 2355//2840
f 2274//2841 2355//2841 2354//2841
f 2275//2842 2276//2842 2356//2842
f 2275//2843 2356//2843 2355//2843
f 2276//2844 2277//2844 2357//2844
f 2276//2845 2357//2845 2356//2845
f 2277//2846 2278//2846 2358//2846
f 2277//2847 2358//2847 2357//2847
f 2278//2848 2279//2848 2359//2848
f 2278//2849 2359//2849 2358//2849
f 2279//2850 2280//2850 2360//2850
f 2279//2851 2360//2851 2359//2851
f 2280//705 2281//705 2361//705
f 2280//705 2361//705 2360//705
f 2281//2852 2282//2852 2362//2852
f 2281//2853 2362//2853 2361//2853
f 2282//2854 2283//2854 2363//2854
f 2282//2855 2363//2855 2362//2855
f 2283//2856 2284//2856 2364//2856
f 2283//2857 2364//2857 2363//2857
f 2284//2858 2285//2858 2365//2858
f 2284//2859 2365//2859 2364//2859
f 2285//2860 2286//2860 2366//2860
f 2285//2861 2366//2861 2365//2861
f 2286//2862 2287//2862 2367//2862
f 2286//2863 2367//2863 2366//2863
f 2287//2864 2288//2864 2368//2864
f 2287//2865 2368//2865 2367//2865
f 2288//2866 2289//2866 2369//2866
f 2288//2867 2369//2867 2368//2867
f 2289//2868 2290//2868 2370//2868
f 2289//2869 2370//2869 2369//2869
f 2290//2870 2291//2870 2371//2870
f 2290//2871 2371//2871 2370//2871
f 2291//2872 2292//2872 2372//2872
f 2291//2873 2372//2873 2371//2873
f 2292//2874 2293//2874 2373//2874
f 2292//2875 2373//2875 2372//2875
f 2293//2876 2294//2876 2374//2876
f 2293//2877 2374//2877 2373//2877
f 2294//2878 2295//2878 2375//2878
f 2294//2879 2375//2879 2374//2879
f 2295//2880 2296//2880 2376//2880
f 2295//2881 2376//2881 2375//2881
f 2296//2882 2297//2882 2377//2882
f 2296//2883 2377//2883 2376//2883
f 2297//2884 2298//2884 2378//2884
f 2297//2885 2378//2885 2377//2885
f 2298//2886 2299//2886 2379//2886
f 2298//2887 2379//2887 2378//2887
f 2299//2888 2300//2888 2380//2888
f 2299//2889 2380//2889 2379//2889
f 2300//2890 2301//2890 2381//2890
f 2300//2891 2381//2891 2380//2891
f 2301//2892 2302//2892 2382//2892
f 2301//2893 2382//2893 2381//2893
f 2302//2894 2303//2894 2383//2894
f 2302//2895 2383//2895 2382//2895
f 2303//2896 2304//2896 2384//2896
f 2303//2897 2384//2897 2383//2897
f 2304//2898 2305//2898 2385//2898
f 2304//2899 2385//2899 2384//2899
f 2305//2900 2306//2900 2386//2900
f 2305//2901 2386//2901 2385//2901
f 2306//2902 2307//2902 2387//2902
f 2306//2903 2387//2903 2386//2903
f 2307//2904 2308//2904 2388//2904
f 2307//2905 2388//2905 2387//2905
f 2308//2906 2309//2906 2389//2906
f 2308//2907 2389//2907 2388//2907
f 2309//2908 2310//2908 2390//2908
f 2309//2909 2390//2909 2389//2909
f 2310//2910 2311//2910 2391//2910
f 2310//2911 2391//2911 2390//2911
f 2311//2912 2312//2912 2392//2912
f 2311//2913 2392//2913 2391//2913
f 2312//2914 2313//2914 2393//2914
f 2312//2915 2393//2915 2392//2915
f 2313//2916 2314//2916 2394//2916
f 2313//2917 2394//2917 2393//2917
f 2314//2918 2315//2918 2395//2918
f 2314//2919 2395//2919 2394//2919
f 2315//2920 2316//2920 2396//2920
f 2315//2921 2396//2921 2395//2921
f 2316//2922 2317//2922 2397//2922
f 2316//2923 2397//2923 2396//2923
f 2317//2924 2318//2924 2398//2924
f 2317//2925 2398//2925 2397//2925
f 2318//2926 2319//2926 2399//2926
f 2318//2927 2399//2927 2398//2927
f 2319//2928 2320//2928 2400//2928
f 2319//2929 2400//2929 2399//2929
f 2320//2930 2242//2930 2322//2930
f 2320//2930 2322//2930 2400//2930
f 2322//2931 2321//2931 2401//2931
f 2322//2931 2401//2931 2402//2931
f 2321//2932 2323//2932 2403//2932
f 2321//2932 2403//2932 2401//2932
f 2323//2933 2324//2933 2404//2933
f 2323//2933 2404//2933 2403//2933
f 2324//2934 2325//2934 2405//2934
f 2324//2934 2405//2934 2404//2934
f 2325//2935 2326//2935 2406//2935
f 2325//2935 2406//2935 2405//2935
f 2326//2936 2327//2936 2407//2936
f 2326//2936 2407//2936 2406//2936
f 2327//2937 2328//2937 2408//2937
f 2327//2937 2408//2937 2407//2937
f 2328//2938 2329//2938 2409//2938
f 2328//2938 2409//2938 2408//2938
f 2329//2939 2330//2939 2410//2939
f 2329//2939 2410//2939 2409//2939
f 2330//2940 2331//2940 2411//2940
f 2330//2940 2411//2940 2410//2940
f 2331//2163 2332//2163 2412//2163
f 2331//2163 2412//2163 2411//2163
f 2332//2941 2333//2941 2413//2941
f 2332//2941 2413//2941 2412//2941
f 2333//2942 2334//2942 2414//2942
f 2333//2942 2414//2942 2413//2942
f 2334//2943 2335//2943 2415//2943
f 2334//2943 2415//2943 2414//2943
f 2335//2944 2336//2944 2416//2944
f 2335//2944 2416//2944 2415//2944
f 2336//2945 2337//2945 2417//2945
f 2336//2945 2417//2945 2416//2945
f 2337//2946 2338//2946 2418//2946
f 2337//2946 2418//2946 2417//2946
f 2338//2947 2339//2947 2419//2947
f 2338//2947 2419//2947 2418//2947
f 2339//2948 2340//2948 2420//2948
f 2339//2948 2420//2948 2419//2948
f 2340//2949 2341//2949 2421//2949
f 2340//2949 2421//2949 2420//2949
f 2341//2950 2342//2950 2422//2950
f 2341//2950 2422//2950 2421//2950
f 2342//2951 2343//2951 2423//2951
f 2342//2951 2423//2951 2422//2951
f 2343//2952 2344//2952 2424//2952
f 2343//2952 2424//2952 2423//2952
f 2344//2953 2345//2953 2425//2953
f 2344//2953 2425//2953 2424//2953
f 2345//2954 2346//2954 2426//2954
f 2345//2954 2426//2954 2425//2954
f 2346//2955 2347//2955 2427//2955
f 2346//2955 2427//2955 2426//2955
f 2347//2956 2348//2956 2428//2956
f 2347//2956 2428//2956 2427//2956
f 2348//2957 2349//2957 2429//2957
f 2348//2957 2429//2957 2428//2957
f 2349//2958 2350//2958 2430//2958
f 2349//2958 2430//2958 2429//2958
f 2350//2959 2351//2959 2431//2959
f 2350//2959 2431//2959 2430//2959
f 2351//2960 2352//2960 2432//2960
f 2351//2960 2432//2960 2431//2960
f 2352//2961 2353//2961 2433//2961
f 2352//2961 2433//2961 2432//2961
f 2353//2962 2354//2962 2434//2962
f 2353//2962 2434//2962 2433//2962
f 2354//2963 2355//2963 2435//2963
f 2354//2963 2435//2963 2434//2963
f 2355//2964 2356//2964 2436//2964
f 2355//2964 2436//2964 2435//2964
f 2356//2965 2357//2965 2437//2965
f 2356//2965 2437//2965 2436//2965
f 2357//2966 2358//2966 2438//2966
f 2357//2966 2438//2966 2437//2966
f 2358//2967 2359//2967 2439//2967
f 2358//2967 2439//2967 2438//2967
f 2359//2968 2360//2968 2440//2968
f 2359//2968 2440//2968 2439//2968
f 2361//2968 2362//2968 2442//2968
f 2361//2968 2442//2968 2441//2968
f 2362//2967 2363//2967 2443//2967
f 2362//2967 2443//2967 2442//2967
f 2363//2966 2364//2966 2444//2966
f 2363//2966 2444//2966 2443//2966
f 2364//2965 2365//2965 2445//2965
f 2364//2965 2445//2965 2444//2965
f 2365//2964 2366//2964 2446//2964
f 2365//2964 2446//2964 2445//2964
f 2366//2963 2367//2963 2447//2963
f 2366//2963 2447//2963 2446//2963
f 2367//2962 2368//2962 2448//2962
f 2367//2962 2448//2962 2447//2962
f 2368//2961 2369//2961 2449//2961
f 2368//2961 2449//2961 2448//2961
f 2369//2960 2370//2960 2450//2960
f 2369//2960 2450//2960 2449//2960
f 2370//2959 2371//2959 2451//2959
f 2370//2959 2451//2959 2450//2959
f 2371//2958 2372//2958 2452//2958
f 2371//2958 2452//2958 2451//2958
f 2372//2957 2373//2957 2453//2957
f 2372//2957 2453//2957 2452//2957
f 2373//2956 2374//2956 2454//2956
f 2373//2956 2454//2956 2453//2956
f 2374//2955 2375//2955 2455//2955
f 2374//2955 2455//2955 2454//2955
f 2375//2954 2376//2954 2456//2954
f 2375//2954 2456//2954 2455//2954
f 2376//2953 2377//2953 2457//2953
f 2376//2953 2457//2953 2456//2953
f 2377//2952 2378//2952 2458//2952
f 2377//2952 2458//2952 2457//2952
f 2378//2951 2379//2951 2459//2951
f 2378//2951 2459//2951 2458//2951
f 2379//2950 2380//2950 2460//2950
f 2379//2950 2460//2950 2459//2950
f 2380//2949 2381//2949 2461//2949
f 2380//2949 2461//2949 2460//2949
f 2381//2948 2382//2948 2462//2948
f 2381//2948 2462//2948 2461//2948
f 2382//2947 2383//2947 2463//2947
f 2382//2947 2463//2947 2462//2947
f 2383//2946 2384//2946 2464//2946
f 2383//2946 2464//2946 2463//2946
f 2384//2945 2385//2945 2465//2945
f 2384//2945 2465//2945 2464//2945
f 2385//2944 2386//2944 2466//2944
f 2385//2944 2466//2944 2465//2944
f 2386//2943 2387//2943 2467//2943
f 2386//2943 2467//2943 2466//2943
f 2387//2942 2388//2942 2468//2942
f 2387//2942 2468//2942 2467//2942
f 2388//2941 2389//2941 2469//2941
f 2388//2941 2469//2941 2468//2941
f 2389//2163 2390//2163 2470//2163
f 2389//2163 2470//2163 2469//2163
f 2390//2940 2391//2940 2471//2940
f 2390//2940 2471//2940 2470//2940
f 2391//2939 2392//2939 2472//2939
f 2391//2939 2472//2939 2471//2939
f 2392//2938 2393//2938 2473//2938
f 2392//2938 2473//2938 2472//2938
f 2393//2937 2394//2937 2474//2937
f 2393//2937 2474//2937 2473//2937
f 2394//2936 2395//2936 2475//2936
f 2394//2936 2475//2936 2474//2936
f 2395//2935 2396//2935 2476//2935
f 2395//2935 2476//2935 2475//2935
f 2396//2934 2397//2934 2477//2934
f 2396//2934 2477//2934 2476//2934
f 2397//2933 2398//2933 2478//2933
f 2397//2933 2478//2933 2477//2933
f 2398//2932 2399//2932 2479//2932
f 2398//2932 2479//2932 2478//2932
f 2399//2931 2400//2931 2480//2931
f 2399//2931 2480//2931 2479//2931
f 2402//2969 2401//2969 2481//2969
f 2402//2970 2481//2970 2482//2970
f 2401//2971 2403//2971 2483//2971
f 2401//2972 2483//2972 2481//2972
f 2403//2973 2404//2973 2484//2973
f 2403//2974 2484//2974 2483//2974
f 2404//2975 2405//2975 2485//2975
f 2404//2976 2485//2976 2484//2976
f 2405//2977 2406//2977 2486//2977
f 2405//2978 2486//2978 2485//2978
f 2406//2979 2407//2979 2487//2979
f 2406//2980 2487//2980 2486//2980
f 2407//2981 2408//2981 2488//2981
f 2407//2982 2488//2982 2487//2982
f 2408//2983 2409//2983 2489//2983
f 2408//2984 2489//2984 2488//2984
f 2409//2985 2410//2985 2490//2985
f 2409//2986 2490//2986 2489//2986
f 2410//2987 2411//2987 2491//2987
f 2410//2988 2491//2988 2490//2988
f 2411//2989 2412//2989 2492//2989
f 2411//2990 2492//2990 2491//2990
f 2412//2991 2413//2991 2493//2991
f 2412//2992 2493//2992 2492//2992
f 2413//2993 2414//2993 2494//2993
f 2413//2994 2494//2994 2493//2994
f 2414//2995 2415//2995 2495//2995
f 2414//2996 2495//2996 2494//2996
f 2415//2997 2416//2997 2496//2997
f 2415//2998 2496//2998 2495//2998
f 2416//2999 2417//2999 2497//2999
f 2416//3000 2497//3000 2496//3000
f 2417//3001 2418//3001 2498//3001
f 2417//3002 2498//3002 2497//3002
f 2418//3003 2419//3003 2499//3003
f 2418//3004 2499//3004 2498//3004
f 2419//3005 2420//3005 2500//3005
f 2419//3006 2500//3006 2499//3006
f 2420//3007 2421//3007 2501//3007
f 2420//3008 2501//3008 2500//3008
f 2421//3009 2422//3009 2502//3009
f 2421//3010 2502//3010 2501//3010
f 2422//3011 2423//3011 2503//3011
f 2422//3012 2503//3012 2502//3012
f 2423//3013 2424//3013 2504//3013
f 2423//3014 2504//3014 2503//3014
f 2424//3015 2425//3015 2505//3015
f 2424//3016 2505//3016 2504//3016
f 2425//3017 2426//3017 2506//3017
f 2425//3018 2506//3018 2505//3018
f 2426//3019 2427//3019 2507//3019
f 2426//3020 2507//3020 2506//3020
f 2427//3021 2428//3021 2508//3021
f 2427//3022 2508//3022 2507//3022
f 2428//3023 2429//3023 2509//3023
f 2428//3024 2509//3024 2508//3024
f 2429//3025 2430//3025 2510//3025
f 2429//3026 2510//3026 2509//3026
f 2430//3027 2431//3027 2511//3027
f 2430//3028 2511//3028 2510//3028
f 2431//3029 2432//3029 2512//3029
f 2431//3030 2512//3030 2511//3030
f 2432//3031 2433//3031 2513//3031
f 2432//3032 2513//3032 2512//3032
f 2433//3033 2434//3033 2514//3033
f 2433//3034 2514//3034 2513//3034
f 2434//3035 2435//3035 2515//3035
f 2434//3036 2515//3036 2514//3036
f 2435//3037 2436//3037 2516//3037
f 2435//3038 2516//3038 2515//3038
f 2436//3039 2437//3039 2517//3039
f 2436//3040 2517//3040 2516//3040
f 2437//3041 2438//3041 2518//3041
f 2437//3042 2518//3042 2517//3042
f 2438//3043 2439//3043 2519//3043
f 2438//3044 2519//3044 2518//3044
f 2439//3045 2440//3045 2520//3045
f 2439//3046 2520//3046 2519//3046
f 2440//1098 2441//1098 2521//1098
f 2440//1098 2521//1098 2520//1098
f 2441//3047 2442//3047 2522//3047
f 2441//3048 2522//3048 2521//3048
f 2442//3049 2443//3049 2523//3049
f 2442//3050 2523//3050 2522//3050
f 2443//3051 2444//3051 2524//3051
f 2443//3052 2524//3052 2523//3052
f 2444//3053 2445//3053 2525//3053
f 2444//3054 2525//3054 2524//3054
f 2445//3055 2446//3055 2526//3055
f 2445//3056 2526//3056 2525//3056
f 2446//3057 2447//3057 2527//3057
f 2446//3058 2527//3058 2526//3058
f 2447//3059 2448//3059 2528//3059
f 2447//3060 2528//3060 2527//3060
f 2448//3061 2449//3061 2529//3061
f 2448//3062 2529//3062 2528//3062
f 2449//3063 2450//3063 2530//3063
f 2449//3064 2530//3064 2529//3064
f 2450//3065 2451//3065 2531//3065
f 2450//3066 2531//3066 2530//3066
f 2451//3067 2452//3067 2532//3067
f 2451//3068 2532//3068 2531//3068
f 2452//3069 2453//3069 2533//3069
f 2452//3070 2533//3070 2532//3070
f 2453//3071 2454//3071 2534//3071
f 2453//3072 2534//3072 2533//3072
f 2454//3073 2455//3073 2535//3073
f 2454//3074 2535//3074 2534//3074
f 2455//3075 2456//3075 2536//3075
f 2455//3076 2536//3076 2535//3076
f 2456//3077 2457//3077 2537//3077
f 2456//3078 2537//3078 2536//3078
f 2457//3079 2458//3079 2538//3079
f 2457//3080 2538//3080 2537//3080
f 2458//3081 2459//3081 2539//3081
f 2458//3082 2539//3082 2538//3082
f 2459//3083 2460//3083 2540//3083
f 2459//3084 2540//3084 2539//3084
f 2460//3085 2461//3085 2541//3085
f 2460//3086 2541//3086 2540//3086
f 2461//3087 2462//3087 2542//3087
f 2461//3088 2542//3088 2541//3088
f 2462//3089 2463//3089 2543//3089
f 2462//3090 2543//3090 2542//3090
f 2463//3091 2464//3091 2544//3091
f 2463//3092 2544//3092 2543//3092
f 2464//3093 2465//3093 2545//3093
f 2464//3094 2545//3094 2544//3094
f 2465//3095 2466//3095 2546//3095
f 2465//3096 2546//3096 2545//3096
f 2466//3097 2467//3097 2547//3097
f 2466//3098 2547//3098 2546//3098
f 2467//3099 2468//3099 2548//3099
f 2467//3100 2548//3100 2547//3100
f 2468//3101 2469//3101 2549//3101
f 2468//3102 2549//3102 2548//3102
f 2469//3103 2470//3103 2550//3103
f 2469//3104 2550//3104 2549//3104
f 2470//3105 2471//3105 2551//3105
f 2470//3106 2551//3106 2550//3106
f 2471//3107 2472//3107 2552//3107
f 2471//3108 2552//3108 2551//3108
f 2472//3109 2473//3109 2553//3109
f 2472//3110 2553//3110 2552//3110
f 2473//3111 2474//3111 2554//3111
f 2473//3112 2554//3112 2553//3112
f 2474//3113 2475//3113 2555//3113
f 2474//3114 2555//3114 2554//3114
f 2475//3115 2476//3115 2556//3115
f 2475//3116 2556//3116 2555//3116
f 2476//3117 2477//3117 2557//3117
f 2476//3118 2557//3118 2556//3118
f 2477//3119 2478//3119 2558//3119
f 2477//3120 2558//3120 2557//3120
f 2478//3121 2479//3121 2559//3121
f 2478//3122 2559//3122 2558//3122
f 2479//3123 2480//3123 2560//3123
f 2479//3124 2560//3124 2559//3124
f 2480//784 2402//784 2482//784
f 2480//784 2482//784 2560//784
f 2482//3125 2481//3125 2561//3125
f 2482//3125 2561//3125 2562//3125
f 2481//3126 2483//3126 2563//3126
f 2481//3126 2563//3126 2561//3126
f 2483//3127 2484//3127 2564//3127
f 2483//3127 2564//3127 2563//3127
f 2484//3128 2485//3128 2565//3128
f 2484//3128 2565//3128 2564//3128
f 2485//3129 2486//3129 2566//3129
f 2485//3129 2566//3129 2565//3129
f 2486//3130 2487//3130 2567//3130
f 2486//3130 2567//3130 2566//3130
f 2487//3131 2488//3131 2568//3131
f 2487//3131 2568//3131 2567//3131
f 2488//3132 2489//3132 2569//3132
f 2488//3132 2569//3132 2568//3132
f 2489//3133 2490//3133 2570//3133
f 2489//3133 2570//3133 2569//3133
f 2490//3134 2491//3134 2571//3134
f 2490//3134 2571//3134 2570//3134
f 2491//3135 2492//3135 2572//3135
f 2491//3135 2572//3135 2571//3135
f 2492//3136 2493//3136 2573//3136
f 2492//3136 2573//3136 2572//3136
f 2493//3137 2494//3137 2574//3137
f 2493//3137 2574//3137 2573//3137
f 2494//3138 2495//3138 2575//3138
f 2494//3138 2575//3138 2574//3138
f 2495//3139 2496//3139 2576//3139
f 2495//3139 2576//3139 2575//3139
f 2496//3140 2497//3140 2577//3140
f 2496//3140 2577//3140 2576//3140
f 2497//3141 2498//3141 2578//3141
f 2497//3141 2578//3141 2577//3141
f 2498//3142 2499//3142 2579//3142
f 2498//3142 2579//3142 2578//3142
f 2499//3143 2500//3143 2580//3143
f 2499//3143 2580//3143 2579//3143
f 2500//2949 2501//2949 2581//2949
f 2500//2949 2581//2949 2580//2949
f 2501//3144 2502//3144 2582//3144
f 2501//3144 2582//3144 2581//3144
f 2502//3145 2503//3145 2583//3145
f 2502//3145 2583//3145 2582//3145
f 2503//3146 2504//3146 2584//3146
f 2503//3146 2584//3146 2583//3146
f 2504//3147 2505//3147 2585//3147
f 2504//3147 2585//3147 2584//3147
f 2505//3148 2506//3148 2586//3148
f 2505//3148 2586//3148 2585//3148
f 2506//3149 2507//3149 2587//3149
f 2506//3149 2587//3149 2586//3149
f 2507//3150 2508//3150 2588//3150
f 2507//3150 2588//3150 2587//3150
f 2508//3151 2509//3151 2589//3151
f 2508//3151 2589//3151 2588//3151
f 2509//3152 2510//3152 2590//3152
f 2509//3152 2590//3152 2589//3152
f 2510//3153 2511//3153 2591//3153
f 2510//3153 2591//3153 2590//3153
f 2511//3154 2512//3154 2592//3154
f 2511//3154 2592//3154 2591//3154
f 2512//3155 2513//3155 2593//3155
f 2512//3155 2593//3155 2592//3155
f 2513//3156 2514//3156 2594//3156
f 2513//3156 2594//3156 2593//3156
f 2514//3157 2515//3157 2595//3157
f 2514//3157 2595//3157 2594//3157
f 2515//3158 2516//3158 2596//3158
f 2515//3158 2596//3158 2595//3158
f 2516//3159 2517//3159 2597//3159
f 2516//3159 2597//3159 2596//3159
f 2517//3160 2518//3160 2598//3160
f 2517//3160 2598//3160 2597//3160
f 2518//3161 2519//3161 2599//3161
f 2518//3161 2599//3161 2598//3161
f 2519//3162 2520//3162 2600//3162
f 2519//3162 2600//3162 2599//3162
f 2521//3162 2522//3162 2602//3162
f 2521//3162 2602//3162 2601//3162
f 2522//3161 2523//3161 2603//3161
f 2522//3161 2603//3161 2602//3161
f 2523//3160 2524//3160 2604//3160
f 2523//3160 2604//3160 2603//3160
f 2524//3159 2525//3159 2605//3159
f 2524//3159 2605//3159 2604//3159
f 2525//3158 2526//3158 2606//3158
f 2525//3158 2606//3158 2605//3158
f 2526//3157 2527//3157 2607//3157
f 2526//3157 2607//3157 2606//3157
f 2527//3156 2528//3156 2608//3156
f 2527//3156 2608//3156 2607//3156
f 2528//3155 2529//3155 2609//3155
f 2528//3155 2609//3155 2608//3155
f 2529//3154 2530//3154 2610//3154
f 2529//3154 2610//3154 2609//3154
f 2530//3153 2531//3153 2611//3153
f 2530//3153 2611//3153 2610//3153
f 2531//3152 2532//3152 2612//3152
f 2531//3152 2612//3152 2611//3152
f 2532//3151 2533//3151 2613//3151
f 2532//3151 2613//3151 2612//3151
f 2533//3150 2534//3150 2614//3150
f 2533//3150 2614//3150 2613//3150
f 2534//3149 2535//3149 2615//3149
f 2534//3149 2615//3149 2614//3149
f 2535//3148 2536//3148 2616//3148
f 2535//3148 2616//3148 2615//3148
f 2536//3147 2537//3147 2617//3147
f 2536//3147 2617//3147 2616//3147
f 2537//3146 2538//3146 2618//3146
f 2537//3146 2618//3146 2617//3146
f 2538//3145 2539//3145 2619//3145
f 2538//3145 2619//3145 2618//3145
f 2539//3144 2540//3144 2620//3144
f 2539//3144 2620//3144 2619//3144
f 2540//2949 2541//2949 2621//2949
f 2540//2949 2621//2949 2620//2949
f 2541//3143 2542//3143 2622//3143
f 2541//3143 2622//3143 2621//3143
f 2542//3142 2543//3142 2623//3142
f 2542//3142 2623//3142 2622//3142
f 2543//3141 2544//3141 2624//3141
f 2543//3141 2624//3141 2623//3141
f 2544//3140 2545//3140 2625//3140
f 2544//3140 2625//3140 2624//3140
f 2545//3139 2546//3139 2626//3139
f 2545//3139 2626//3139 2625//3139
f 2546//3138 2547//3138 2627//3138
f 2546//3138 2627//3138 2626//3138
f 2547//3137 2548//3137 2628//3137
f 2547//3137 2628//3137 2627//3137
f 2548//3136 2549//3136 2629//3136
f 2548//3136 2629//3136 2628//3136
f 2549//3135 2550//3135 2630//3135
f 2549//3135 2630//3135 2629//3135
f 2550//3134 2551//3134 2631//3134
f 2550//3134 2631//3134 2630//3134
f 2551//3133 2552//3133 2632//3133
f 2551//3133 2632//3133 2631//3133
f 2552//3132 2553//3132 2633//3132
f 2552//3132 2633//3132 2632//3132
f 2553//3131 2554//3131 2634//3131
f 2553//3131 2634//3131 2633//3131
f 2554//3130 2555//3130 2635//3130
f 2554//3130 2635//3130 2634//3130
f 2555//3129 2556//3129 2636//3129
f 2555//3129 2636//3129 2635//3129
f 2556//3128 2557//3128 2637//3128
f 2556//3128 2637//3128 2636//3128
f 2557//3127 2558//3127 2638//3127
f 2557//3127 2638//3127 2637//3127
f 2558//3126 2559//3126 2639//3126
f 2558//3126 2639//3126 2638//3126
f 2559//3125 2560//3125 2640//3125
f 2559//3125 2640//3125 2639//3125
f 2562//3163 2561//3163 2641//3163
f 2562//3164 2641//3164 2642//3164
f 2561//3165 2563//3165 2643//3165
f 2561//3166 2643//3166 2641//3166
f 2563//3167 2564//3167 2644//3167
f 2563//3168 2644//3168 2643//3168
f 2564//3169 2565//3169 2645//3169
f 2564//3170 2645//3170 2644//3170
f 2565//3171 2566//3171 2646//3171
f 2565//3172 2646//3172 2645//3172
f 2566//3173 2567//3173 2647//3173
f 2566//3174 2647//3174 2646//3174
f 2567//3175 2568//3175 2648//3175
f 2567//3176 2648//3176 2647//3176
f 2568//3177 2569//3177 2649//3177
f 2568//3178 2649//3178 2648//3178
f 2569//3179 2570//3179 2650//3179
f 2569//3180 2650//3180 2649//3180
f 2570//3181 2571//3181 2651//3181
f 2570//3182 2651//3182 2650//3182
f 2571//3183 2572//3183 2652//3183
f 2571//3184 2652//3184 2651//3184
f 2572//3185 2573//3185 2653//3185
f 2572//3186 2653//3186 2652//3186
f 2573//3187 2574//3187 2654//3187
f 2573//3188 2654//3188 2653//3188
f 2574//3189 2575//3189 2655//3189
f 2574//3190 2655//3190 2654//3190
f 2575//3191 2576//3191 2656//3191
f 2575//3192 2656//3192 2655//3192
f 2576//3193 2577//3193 2657//3193
f 2576//3194 2657//3194 2656//3194
f 2577//3195 2578//3195 2658//3195
f 2577//3196 2658//3196 2657//3196
f 2578//3197 2579//3197 2659//3197
f 2578//3198 2659//3198 2658//3198
f 2579//3199 2580//3199 2660//3199
f 2579//3200 2660//3200 2659//3200
f 2580//3201 2581//3201 2661//3201
f 2580//3202 2661//3202 2660//3202
f 2581//3203 2582//3203 2662//3203
f 2581//3204 2662//3204 2661//3204
f 2582//3205 2583//3205 2663//3205
f 2582//3206 2663//3206 2662//3206
f 2583//3207 2584//3207 2664//3207
f 2583//3208 2664//3208 2663//3208
f 2584//3209 2585//3209 2665//3209
f 2584//3210 2665//3210 2664//3210
f 2585//3211 2586//3211 2666//3211
f 2585//3212 2666//3212 2665//3212
f 2586//3213 2587//3213 2667//3213
f 2586//3214 2667//3214 2666//3214
f 2587//3215 2588//3215 2668//3215
f 2587//3216 2668//3216 2667//3216
f 2588//3217 2589//3217 2669//3217
f 2588//3218 2669//3218 2668//3218
f 2589//3219 2590//3219 2670//3219
f 2589//3220 2670//3220 2669//3220
f 2590//3221 2591//3221 2671//3221
f 2590//3222 2671//3222 2670//3222
f 2591//3223 2592//3223 2672//3223
f 2591//3224 2672//3224 2671//3224
f 2592//3225 2593//3225 2673//3225
f 2592//3226 2673//3226 2672//3226
f 2593//3227 2594//3227 2674//3227
f 2593//3228 2674//3228 2673//3228
f 2594//3229 2595//3229 2675//3229
f 2594//3230 2675//3230 2674//3230
f 2595//3231 2596//3231 2676//3231
f 2595//3232 2676//3232 2675//3232
f 2596//3233 2597//3233 2677//3233
f 2596//3234 2677//3234 2676//3234
f 2597//3235 2598//3235 2678//3235
f 2597//3236 2678//3236 2677//3236
f 2598//3237 2599//3237 2679//3237
f 2598//3238 2679//3238 2678//3238
f 2599//3239 2600//3239 2680//3239
f 2599//3240 2680//3240 2679//3240
f 2600//705 2601//705 2681//705
f 2600//705 2681//705 2680//705
f 2601//3241 2602//3241 2682//3241
f 2601//3242 2682//3242 2681//3242
f 2602//3243 2603//3243 2683//3243
f 2602//3244 2683//3244 2682//3244
f 2603//3245 2604//3245 2684//3245
f 2603//3246 2684//3246 2683//3246
f 2604//3247 2605//3247 2685//3247
f 2604//3248 2685//3248 2684//3248
f 2605//3249 2606//3249 2686//3249
f 2605//3250 2686//3250 2685//3250
f 2606//3251 2607//3251 2687//3251
f 2606//3252 2687//3252 2686//3252
f 2607//3253 2608//3253 2688//3253
f 2607//3254 2688//3254 2687//3254
f 2608//3255 2609//3255 2689//3255
f 2608//3256 2689//3256 2688//3256
f 2609//3257 2610//3257 2690//3257
f 2609//3258 2690//3258 2689//3258
f 2610//3259 2611//3259 2691//3259
f 2610//3260 2691//3260 2690//3260
f 2611//3261 2612//3261 2692//3261
f 2611//3262 2692//3262 2691//3262
f 2612//3263 2613//3263 2693//3263
f 2612//3264 2693//3264 2692//3264
f 2613//3265 2614//3265 2694//3265
f 2613//3266 2694//3266 2693//3266
f 2614//3267 2615//3267 2695//3267
f 2614//3268 2695//3268 2694//3268
f 2615//3269 2616//3269 2696//3269
f 2615//3270 2696//3270 2695//3270
f 2616//3271 2617//3271 2697//3271
f 2616//3272 2697//3272 2696//3272
f 2617//3273 2618//3273 2698//3273
f 2617//3274 2698//3274 2697//3274
f 2618//3275 2619//3275 2699//3275
f 2618//3276 2699//3276 2698//3276
f 2619//3277 2620//3277 2700//3277
f 2619//3278 2700//3278 2699//3278
f 2620//3279 2621//3279 2701//3279
f 2620//3280 2701//3280 2700//3280
f 2621//3281 2622//3281 2702//3281
f 2621//3282 2702//3282 2701//3282
f 2622//3283 2623//3283 2703//3283
f 2622//3284 2703//3284 2702//3284
f 2623//3285 2624//3285 2704//3285
f 2623//3286 2704//3286 2703//3286
f 2624//3287 2625//3287 2705//3287
f 2624//3288 2705//3288 2704//3288
f 2625//3289 2626//3289 2706//3289
f 2625//3290 2706//3290 2705//3290
f 2626//3291 2627//3291 2707//3291
f 2626//3292 2707//3292 2706//3292
f 2627//3293 2628//3293 2708//3293
f 2627//3294 2708//3294 2707//3294
f 2628//3295 2629//3295 2709//3295
f 2628//3296 2709//3296 2708//3296
f 2629//3297 2630//3297 2710//3297
f 2629//3298 2710//3298 2709//3298
f 2630//3299 2631//3299 2711//3299
f 2630//3300 2711//3300 2710//3300
f 2631//3301 2632//3301 2712//3301
f 2631//3302 2712//3302 2711//3302
f 2632//3303 2633//3303 2713//3303
f 2632//3304 2713//3304 2712//3304
f 2633//3305 2634//3305 2714//3305
f 2633//3306 2714//3306 2713//3306
f 2634//3307 2635//3307 2715//3307
f 2634//3308 2715//3308 2714//3308
f 2635//3309 2636//3309 2716//3309
f 2635//3310 2716//3310 2715//3310
f 2636//3311 2637//3311 2717//3311
f 2636//3312 2717//3312 2716//3312
f 2637//3313 2638//3313 2718//3313
f 2637//3314 2718//3314 2717//3314
f 2638//3315 2639//3315 2719//3315
f 2638//3316 2719//3316 2718//3316
f 2639//3317 2640//3317 2720//3317
f 2639//3318 2720//3318 2719//3318
f 2640//784 2562//784 2642//784
f 2640//784 2642//784 2720//784
f 2642//3319 2641//3319 2721//3319
f 2642//3319 2721//3319 2722//3319
f 2641//3320 2643//3320 2723//3320
f 2641//3320 2723//3320 2721//3320
f 2643//3321 2644//3321 2724//3321
f 2643//3321 2724//3321 2723//3321
f 2644//3322 2645//3322 2725//3322
f 2644//3322 2725//3322 2724//3322
f 2645//3323 2646//3323 2726//3323
f 2645//3323 2726//3323 2725//3323
f 2646//3324 2647//3324 2727//3324
f 2646//3324 2727//3324 2726//3324
f 2647//3325 2648//3325 2728//3325
f 2647//3325 2728//3325 2727//3325
f 2648//3326 2649//3326 2729//3326
f 2648//3326 2729//3326 2728//3326
f 2649//3327 2650//3327 2730//3327
f 2649//3327 2730//3327 2729//3327
f 2650//3328 2651//3328 2731//3328
f 2650//3328 2731//3328 2730//3328
f 2651//3329 2652//3329 2732//3329
f 2651//3329 2732//3329 2731//3329
f 2652//3330 2653//3330 2733//3330
f 2652//3330 2733//3330 2732//3330
f 2653//3331 2654//3331 2734//3331
f 2653//3331 2734//3331 2733//3331
f 2654//3332 2655//3332 2735//3332
f 2654//3332 2735//3332 2734//3332
f 2655//3333 2656//3333 2736//3333
f 2655//3333 2736//3333 2735//3333
f 2656//3334 2657//3334 2737//3334
f 2656//3334 2737//3334 2736//3334
f 2657//3335 2658//3335 2738//3335
f 2657//3335 2738//3335 2737//3335
f 2658//3336 2659//3336 2739//3336
f 2658//3336 2739//3336 2738//3336
f 2659//3337 2660//3337 2740//3337
f 2659//3337 2740//3337 2739//3337
f 2660//2949 2661//2949 2741//2949
f 2660//2949 2741//2949 2740//2949
f 2661//3338 2662//3338 2742//3338
f 2661//3338 2742//3338 2741//3338
f 2662//3339 2663//3339 2743//3339
f 2662//3339 2743//3339 2742//3339
f 2663//3340 2664//3340 2744//3340
f 2663//3340 2744//3340 2743//3340
f 2664//3341 2665//3341 2745//3341
f 2664//3341 2745//3341 2744//3341
f 2665//3342 2666//3342 2746//3342
f 2665//3342 2746//3342 2745//3342
f 2666//3343 2667//3343 2747//3343
f 2666//3343 2747//3343 2746//3343
f 2667//3344 2668//3344 2748//3344
f 2667//3344 2748//3344 2747//3344
f 2668//3345 2669//3345 2749//3345
f 2668//3345 2749//3345 2748//3345
f 2669//3346 2670//3346 2750//3346
f 2669//3346 2750//3346 2749//3346
f 2670//3347 2671//3347 2751//3347
f 2670//3347 2751//3347 2750//3347
f 2671//2764 2672//2764 2752//2764
f 2671//2764 2752//2764 2751//2764
f 2672//3348 2673//3348 2753//3348
f 2672//3348 2753//3348 2752//3348
f 2673//3349 2674//3349 2754//3349
f 2673//3349 2754//3349 2753//3349
f 2674//3350 2675//3350 2755//3350
f 2674//3350 2755//3350 2754//3350
f 2675//3351 2676//3351 2756//3351
f 2675//3351 2756//3351 2755//3351
f 2676//3352 2677//3352 2757//3352
f 2676//3352 2757//3352 2756//3352
f 2677//3353 2678//3353 2758//3353
f 2677//3353 2758//3353 2757//3353
f 2678//3354 2679//3354 2759//3354
f 2678//3354 2759//3354 2758//3354
f 2679//3355 2680//3355 2760//3355
f 2679//3355 2760//3355 2759//3355
f 2681//3355 2682//3355 2762//3355
f 2681//3355 2762//3355 2761//3355
f 2682//3354 2683//3354 2763//3354
f 2682//3354 2763//3354 2762//3354
f 2683//3353 2684//3353 2764//3353
f 2683//3353 2764//3353 2763//3353
f 2684//3352 2685//3352 2765//3352
f 2684//3352 2765//3352 2764//3352
f 2685//3351 2686//3351 2766//3351
f 2685//3351 2766//3351 2765//3351
f 2686//3350 2687//3350 2767//3350
f 2686//3350 2767//3350 2766//3350
f 2687//3349 2688//3349 2768//3349
f 2687//3349 2768//3349 2767//3349
f 2688//3348 2689//3348 2769//3348
f 2688//3348 2769//3348 2768//3348
f 2689//2764 2690//2764 2770//2764
f 2689//2764 2770//2764 2769//2764
f 2690//3347 2691//3347 2771//3347
f 2690//3347 2771//3347 2770//3347
f 2691//3346 2692//3346 2772//3346
f 2691//3346 2772//3346 2771//3346
f 2692//3345 2693//3345 2773//3345
f 2692//3345 2773//3345 2772//3345
f 2693//3344 2694//3344 2774//3344
f 2693//3344 2774//3344 2773//3344
f 2694//3343 2695//3343 2775//3343
f 2694//3343 2775//3343 2774//3343
f 2695//3342 2696//3342 2776//3342
f 2695//3342 2776//3342 2775//3342
f 2696//3341 2697//3341 2777//3341
f 2696//3341 2777//3341 2776//3341
f 2697//3340 2698//3340 2778//3340
f 2697//3340 2778//3340 2777//3340
f 2698//3339 2699//3339 2779//3339
f 2698//3339 2779//3339 2778//3339
f 2699//3338 2700//3338 2780//3338
f 2699//3338 2780//3338 2779//3338
f 2700//2949 2701//2949 2781//2949
f 2700//2949 2781//2949 2780//2949
f 2701//3337 2702//3337 2782//3337
f 2701//3337 2782//3337 2781//3337
f 2702//3336 2703//3336 2783//3336
f 2702//3336 2783//3336 2782//3336
f 2703//3335 2704//3335 2784//3335
f 2703//3335 2784//3335 2783//3335
f 2704//3334 2705//3334 2785//3334
f 2704//3334 2785//3334 2784//3334
f 2705//3333 2706//3333 2786//3333
f 2705//3333 2786//3333 2785//3333
f 2706//3332 2707//3332 2787//3332
f 2706//3332 2787//3332 2786//3332
f 2707//3331 2708//3331 2788//3331
f 2707//3331 2788//3331 2787//3331
f 2708//3330 2709//3330 2789//3330
f 2708//3330 2789//3330 2788//3330
f 2709//3329 2710//3329 2790//3329
f 2709//3329 2790//3329 2789//3329
f 2710//3328 2711//3328 2791//3328
f 2710//3328 2791//3328 2790//3328
f 2711//3327 2712//3327 2792//3327
f 2711//3327 2792//3327 2791//3327
f 2712//3326 2713//3326 2793//3326
f 2712//3326 2793//3326 2792//3326
f 2713//3325 2714//3325 2794//3325
f 2713//3325 2794//3325 2793//3325
f 2714//3324 2715//3324 2795//3324
f 2714//3324 2795//3324 2794//3324
f 2715//3323 2716//3323 2796//3323
f 2715//3323 2796//3323 2795//3323
f 2716//3322 2717//3322 2797//3322
f 2716//3322 2797//3322 2796//3322
f 2717//3321 2718//3321 2798//3321
f 2717//3321 2798//3321 2797//3321
f 2718//3320 2719//3320 2799//3320
f 2718//3320 2799//3320 2798//3320
f 2719//3319 2720//3319 2800//3319
f 2719//3319 2800//3319 2799//3319
f 2722//3356 2721//3356 2801//3356
f 2722//3357 2801//3357 2802//3357
f 2721//3358 2723//3358 2803//3358
f 2721//3359 2803//3359 2801//3359
f 2723//3360 2724//3360 2804//3360
f 2723//3361 2804//3361 2803//3361
f 2724//3362 2725//3362 2805//3362
f 2724//3363 2805//3363 2804//3363
f 2725//3364 2726//3364 2806//3364
f 2725//3365 2806//3365 2805//3365
f 2726//3366 2727//3366 2807//3366
f 2726//3367 2807//3367 2806//3367
f 2727//3368 2728//3368 2808//3368
f 2727//3369 2808//3369 2807//3369
f 2728//3370 2729//3370 2809//3370
f 2728//3371 2809//3371 2808//3371
f 2729//3372 2730//3372 2810//3372
f 2729//3373 2810//3373 2809//3373
f 2730//3374 2731//3374 2811//3374
f 2730//3375 2811//3375 2810//3375
f 2731//3376 2732//3376 2812//3376
f 2731//3377 2812//3377 2811//3377
f 2732//3378 2733//3378 2813//3378
f 2732//3379 2813//3379 2812//3379
f 2733//3380 2734//3380 2814//3380
f 2733//3381 2814//3381 2813//3381
f 2734//3382 2735//3382 2815//3382
f 2734//3383 2815//3383 2814//3383
f 2735//3384 2736//3384 2816//3384
f 2735//3385 2816//3385 2815//3385
f 2736//3386 2737//3386 2817//3386
f 2736//3387 2817//3387 2816//3387
f 2737//3388 2738//3388 2818//3388
f 2737//3389 2818//3389 2817//3389
f 2738//3390 2739//3390 2819//3390
f 2738//3391 2819//3391 2818//3391
f 2739//3392 2740//3392 2820//3392
f 2739//3393 2820//3393 2819//3393
f 2740//3394 2741//3394 2821//3394
f 2740//3395 2821//3395 2820//3395
f 2741//3396 2742//3396 2822//3396
f 2741//3397 2822//3397 2821//3397
f 2742//3398 2743//3398 2823//3398
f 2742//3399 2823//3399 2822//3399
f 2743//3400 2744//3400 2824//3400
f 2743//3401 2824//3401 2823//3401
f 2744//3402 2745//3402 2825//3402
f 2744//3403 2825//3403 2824//3403
f 2745//3404 2746//3404 2826//3404
f 2745//3405 2826//3405 2825//3405
f 2746//3406 2747//3406 2827//3406
f 2746//3407 2827//3407 2826//3407
f 2747//3408 2748//3408 2828//3408
f 2747//3409 2828//3409 2827//3409
f 2748//3410 2749//3410 2829//3410
f 2748//3411 2829//3411 2828//3411
f 2749//3412 2750//3412 2830//3412
f 2749//3413 2830//3413 2829//3413
f 2750//3414 2751//3414 2831//3414
f 2750//3415 2831//3415 2830//3415
f 2751//3416 2752//3416 2832//3416
f 2751//3417 2832//3417 2831//3417
f 2752//3418 2753//3418 2833//3418
f 2752//3419 2833//3419 2832//3419
f 2753//3420 2754//3420 2834//3420
f 2753//3421 2834//3421 2833//3421
f 2754//3422 2755//3422 2835//3422
f 2754//3423 2835//3423 2834//3423
f 2755//3424 2756//3424 2836//3424
f 2755//3425 2836//3425 2835//3425
f 2756//3426 2757//3426 2837//3426
f 2756//3427 2837//3427 2836//3427
f 2757//3428 2758//3428 2838//3428
f 2757//3429 2838//3429 2837//3429
f 2758//3430 2759//3430 2839//3430
f 2758//3431 2839//3431 2838//3431
f 2759//3432 2760//3432 2840//3432
f 2759//3433 2840//3433 2839//3433
f 2760//1489 2761//1489 2841//1489
f 2760//1489 2841//1489 2840//1489
f 2761//3434 2762//3434 2842//3434
f 2761//3435 2842//3435 2841//3435
f 2762//3436 2763//3436 2843//3436
f 2762//3437 2843//3437 2842//3437
f 2763//3438 2764//3438 2844//3438
f 2763//3439 2844//3439 2843//3439
f 2764//3440 2765//3440 2845//3440
f 2764//3441 2845//3441 2844//3441
f 2765//3442 2766//3442 2846//3442
f 2765//3443 2846//3443 2845//3443
f 2766//3444 2767//3444 2847//3444
f 2766//3445 2847//3445 2846//3445
f 2767//3446 2768//3446 2848//3446
f 2767//3447 2848//3447 2847//3447
f 2768//3448 2769//3448 2849//3448
f 2768//3449 2849//3449 2848//3449
f 2769//3450 2770//3450 2850//3450
f 2769//3451 2850//3451 2849//3451
f 2770//3452 2771//3452 2851//3452
f 2770//3453 2851//3453 2850//3453
f 2771//3454 2772//3454 2852//3454
f 2771//3455 2852//3455 2851//3455
f 2772//3456 2773//3456 2853//3456
f 2772//3457 2853//3457 2852//3457
f 2773//3458 2774//3458 2854//3458
f 2773//3459 2854//3459 2853//3459
f 2774//3460 2775//3460 2855//3460
f 2774//3461 2855//3461 2854//3461
f 2775//3462 2776//3462 2856//3462
f 2775//3463 2856//3463 2855//3463
f 2776//3464 2777//3464 2857//3464
f 2776//3465 2857//3465 2856//3465
f 2777//3466 2778//3466 2858//3466
f 2777//3467 2858//3467 2857//3467
f 2778//3468 2779//3468 2859//3468
f 2778//3469 2859//3469 2858//3469
f 2779//3470 2780//3470 2860//3470
f 2779//3471 2860//3471 2859//3471
f 2780//3472 2781//3472 2861//3472
f 2780//3473 2861//3473 2860//3473
f 2781//3474 2782//3474 2862//3474
f 2781//3475 2862//3475 2861//3475
f 2782//3476 2783//3476 2863//3476
f 2782//3477 2863//3477 2862//3477
f 2783//3478 2784//3478 2864//3478
f 2783//3479 2864//3479 2863//3479
f 2784//3480 2785//3480 2865//3480
f 2784//3481 2865//3481 2864//3481
f 2785//3482 2786//3482 2866//3482
f 2785//3483 2866//3483 2865//3483
f 2786//3484 2787//3484 2867//3484
f 2786//3485 2867//3485 2866//3485
f 2787//3486 2788//3486 2868//3486
f 2787//3487 2868//3487 2867//3487
f 2788//3488 2789//3488 2869//3488
f 2788//3489 2869//3489 2868//3489
f 2789//3490 2790//3490 2870//3490
f 2789//3491 2870//3491 2869//3491
f 2790//3492 2791//3492 2871//3492
f 2790//3493 2871//3493 2870//3493
f 2791//3494 2792//3494 2872//3494
f 2791//3495 2872//3495 2871//3495
f 2792//3496 2793//3496 2873//3496
f 2792//3497 2873//3497 2872//3497
f 2793//3498 2794//3498 2874//3498
f 2793//3499 2874//3499 2873//3499
f 2794//3500 2795//3500 2875//3500
f 2794//3501 2875//3501 2874//3501
f 2795//3502 2796//3502 2876//3502
f 2795//3503 2876//3503 2875//3503
f 2796//3504 2797//3504 2877//3504
f 2796//3505 2877//3505 2876//3505
f 2797//3506 2798//3506 2878//3506
f 2797//3507 2878//3507 2877//3507
f 2798//3508 2799//3508 2879//3508
f 2798//3509 2879//3509 2878//3509
f 2799//3510 2800//3510 2880//3510
f 2799//3511 2880//3511 2879//3511
f 2800//393 2722//393 2802//393
f 2800//393 2802//393 2880//393
f 2802//3512 2801//3512 2881//3512
f 2802//3512 2881//3512 2882//3512
f 2801//3513 2803//3513 2883//3513
f 2801//3513 2883//3513 2881//3513
f 2803//3514 2804//3514 2884//3514
f 2803//3514 2884//3514 2883//3514
f 2804//3515 2805//3515 2885//3515
f 2804//3515 2885//3515 2884//3515
f 2805//3516 2806//3516 2886//3516
f 2805//3516 2886//3516 2885//3516
f 2806//3517 2807//3517 2887//3517
f 2806//3517 2887//3517 2886//3517
f 2807//3518 2808//3518 2888//3518
f 2807//3518 2888//3518 2887//3518
f 2808//3519 2809//3519 2889//3519
f 2808//3519 2889//3519 2888//3519
f 2809//3520 2810//3520 2890//3520
f 2809//3520 2890//3520 2889//3520
f 2810//3521 2811//3521 2891//3521
f 2810//3521 2891//3521 2890//3521
f 2811//3522 2812//3522 2892//3522
f 2811//3522 2892//3522 2891//3522
f 2812//3523 2813//3523 2893//3523
f 2812//3523 2893//3523 2892//3523
f 2813//3524 2814//3524 2894//3524
f 2813//3524 2894//3524 2893//3524
f 2814//3525 2815//3525 2895//3525
f 2814//3525 2895//3525 2894//3525
f 2815//3526 2816//3526 2896//3526
f 2815//3526 2896//3526 2895//3526
f 2816//3527 2817//3527 2897//3527
f 2816//3527 2897//3527 2896//3527
f 2817//3528 2818//3528 2898//3528
f 2817//3528 2898//3528 2897//3528
f 2818//3529 2819//3529 2899//3529
f 2818//3529 2899//3529 2898//3529
f 2819//3530 2820//3530 2900//3530
f 2819//3530 2900//3530 2899//3530
f 2820//2949 2821//2949 2901//2949
f 2820//2949 2901//2949 2900//2949
f 2821//3531 2822//3531 2902//3531
f 2821//3531 2902//3531 2901//3531
f 2822//3532 2823//3532 2903//3532
f 2822//3532 2903//3532 2902//3532
f 2823//3533 2824//3533 2904//3533
f 2823//3533 2904//3533 2903//3533
f 2824//3534 2825//3534 2905//3534
f 2824//3534 2905//3534 2904//3534
f 2825//3535 2826//3535 2906//3535
f 2825//3535 2906//3535 2905//3535
f 2826//3536 2827//3536 2907//3536
f 2826//3536 2907//3536 2906//3536
f 2827//3537 2828//3537 2908//3537
f 2827//3537 2908//3537 2907//3537
f 2828//3538 2829//3538 2909//3538
f 2828//3538 2909//3538 2908//3538
f 2829//3539 2830//3539 2910//3539
f 2829//3539 2910//3539 2909//3539
f 2830//3540 2831//3540 2911//3540
f 2830//3540 2911//3540 2910//3540
f 2831//3541 2832//3541 2912//3541
f 2831//3541 2912//3541 2911//3541
f 2832//3542 2833//3542 2913//3542
f 2832//3542 2913//3542 2912//3542
f 2833//3543 2834//3543 2914//3543
f 2833//3543 2914//3543 2913//3543
f 2834//3544 2835//3544 2915//3544
f 2834//3544 2915//3544 2914//3544
f 2835//3545 2836//3545 2916//3545
f 2835//3545 2916//3545 2915//3545
f 2836//3546 2837//3546 2917//3546
f 2836//3546 2917//3546 2916//3546
f 2837//3547 2838//3547 2918//3547
f 2837//3547 2918//3547 2917//3547
f 2838//3548 2839//3548 2919//3548
f 2838//3548 2919//3548 2918//3548
f 2839//3549 2840//3549 2920//3549
f 2839//3549 2920//3549 2919//3549
f 2841//3549 2842//3549 2922//3549
f 2841//3549 2922//3549 2921//3549
f 2842//3548 2843//3548 2923//3548
f 2842//3548 2923//3548 2922//3548
f 2843//3547 2844//3547 2924//3547
f 2843//3547 2924//3547 2923//3547
f 2844//3546 2845//3546 2925//3546
f 2844//3546 2925//3546 2924//3546
f 2845//3545 2846//3545 2926//3545
f 2845//3545 2926//3545 2925//3545
f 2846//3544 2847//3544 2927//3544
f 2846//3544 2927//3544 2926//3544
f 2847//3543 2848//3543 2928//3543
f 2847//3543 2928//3543 2927//3543
f 2848//3542 2849//3542 2929//3542
f 2848//3542 2929//3542 2928//3542
f 2849//3541 2850//3541 2930//3541
f 2849//3541 2930//3541 2929//3541
f 2850//3540 2851//3540 2931//3540
f 2850//3540 2931//3540 2930//3540
f 2851//3539 2852//3539 2932//3539
f 2851//3539 2932//3539 2931//3539
f 2852//3538 2853//3538 2933//3538
f 2852//3538 2933//3538 2932//3538
f 2853//3537 2854//3537 2934//3537
f 2853//3537 2934//3537 2933//3537
f 2854//3536 2855//3536 2935//3536
f 2854//3536 2935//3536 2934//3536
f 2855//3535 2856//3535 2936//3535
f 2855//3535 2936//3535 2935//3535
f 2856//3534 2857//3534 2937//3534
f 2856//3534 2937//3534 2936//3534
f 2857//3533 2858//3533 2938//3533
f 2857//3533 2938//3533 2937//3533
f 2858//3532 2859//3532 2939//3532
f 2858//3532 2939//3532 2938//3532
f 2859//3531 2860//3531 2940//3531
f 2859//3531 2940//3531 2939//3531
f 2860//2949 2861//2949 2941//2949
f 2860//2949 2941//2949 2940//2949
f 2861//3530 2862//3530 2942//3530
f 2861//3530 2942//3530 2941//3530
f 2862//3529 2863//3529 2943//3529
f 2862//3529 2943//3529 2942//3529
f 2863//3528 2864//3528 2944//3528
f 2863//3528 2944//3528 2943//3528
f 2864//3527 2865//3527 2945//3527
f 2864//3527 2945//3527 2944//3527
f 2865//3526 2866//3526 2946//3526
f 2865//3526 2946//3526 2945//3526
f 2866//3525 2867//3525 2947//3525
f 2866//3525 2947//3525 2946//3525
f 2867//3524 2868//3524 2948//3524
f 2867//3524 2948//3524 2947//3524
f 2868//3523 2869//3523 2949//3523
f 2868//3523 2949//3523 2948//3523
f 2869//3522 2870//3522 2950//3522
f 2869//3522 2950//3522 2949//3522
f 2870//3521 2871//3521 2951//3521
f 2870//3521 2951//3521 2950//3521
f 2871//3520 2872//3520 2952//3520
f 2871//3520 2952//3520 2951//3520
f 2872//3519 2873//3519 2953//3519
f 2872//3519 2953//3519 2952//3519
f 2873//3518 2874//3518 2954//3518
f 2873//3518 2954//3518 2953//3518
f 2874//3517 2875//3517 2955//3517
f 2874//3517 2955//3517 2954//3517
f 2875//3516 2876//3516 2956//3516
f 2875//3516 2956//3516 2955//3516
f 2876//3515 2877//3515 2957//3515
f 2876//3515 2957//3515 2956//3515
f 2877//3514 2878//3514 2958//3514
f 2877//3514 2958//3514 2957//3514
f 2878//3513 2879//3513 2959//3513
f 2878//3513 2959//3513 2958//3513
f 2879//3512 2880//3512 2960//3512
f 2879//3512 2960//3512 2959//3512
f 2882//3550 2881//3550 2961//3550
f 2882//3551 2961//3551 2962//3551
f 2881//3552 2883//3552 2963//3552
f 2881//3553 2963//3553 2961//3553
f 2883//3554 2884//3554 2964//3554
f 2883//3555 2964//3555 2963//3555
f 2884//3556 2885//3556 2965//3556
f 2884//3557 2965//3557 2964//3557
f 2885//3558 2886//3558 2966//3558
f 2885//3559 2966//3559 2965//3559
f 2886//3560 2887//3560 2967//3560
f 2886//3561 2967//3561 2966//3561
f 2887//3562 2888//3562 2968//3562
f 2887//3563 2968//3563 2967//3563
f 2888//3564 2889//3564 2969//3564
f 2888//3565 2969//3565 2968//3565
f 2889//3566 2890//3566 2970//3566
f 2889//3567 2970//3567 2969//3567
f 2890//3568 2891//3568 2971//3568
f 2890//3569 2971//3569 2970//3569
f 2891//3570 2892//3570 2972//3570
f 2891//3571 2972//3571 2971//3571
f 2892//3572 2893//3572 2973//3572
f 2892//3573 2973//3573 2972//3573
f 2893//3574 2894//3574 2974//3574
f 2893//3575 2974//3575 2973//3575
f 2894//3576 2895//3576 2975//3576
f 2894//3577 2975//3577 2974//3577
f 2895//3578 2896//3578 2976//3578
f 2895//3579 2976//3579 2975//3579
f 2896//3580 2897//3580 2977//3580
f 2896//3581 2977//3581 2976//3581
f 2897//3582 2898//3582 2978//3582
f 2897//3583 2978//3583 2977//3583
f 2898//3584 2899//3584 2979//3584
f 2898//3585 2979//3585 2978//3585
f 2899//3586 2900//3586 2980//3586
f 2899//3587 2980//3587 2979//3587
f 2900//3588 2901//3588 2981//3588
f 2900//3589 2981//3589 2980//3589
f 2901//3590 2902//3590 2982//3590
f 2901//3591 2982//3591 2981//3591
f 2902//3592 2903//3592 2983//3592
f 2902//3593 2983//3593 2982//3593
f 2903//3594 2904//3594 2984//3594
f 2903//3595 2984//3595 2983//3595
f 2904//3596 2905//3596 2985//3596
f 2904//3597 2985//3597 2984//3597
f 2905//3598 2906//3598 2986//3598
f 2905//3599 2986//3599 2985//3599
f 2906//3600 2907//3600 2987//3600
f 2906//3601 2987//3601 2986//3601
f 2907//3602 2908//3602 2988//3602
f 2907//3603 2988//3603 2987//3603
f 2908//3604 2909//3604 2989//3604
f 2908//3605 2989//3605 2988//3605
f 2909//3606 2910//3606 2990//3606
f 2909//3607 2990//3607 2989//3607
f 2910//3608 2911//3608 2991//3608
f 2910//3609 2991//3609 2990//3609
f 2911//3610 2912//3610 2992//3610
f 2911//3611 2992//3611 2991//3611
f 2912//3612 2913//3612 2993//3612
f 2912//3613 2993//3613 2992//3613
f 2913//3614 2914//3614 2994//3614
f 2913//3615 2994//3615 2993//3615
f 2914//3616 2915//3616 2995//3616
f 2914//3617 2995//3617 2994//3617
f 2915//3618 2916//3618 2996//3618
f 2915//3619 2996//3619 2995//3619
f 2916//3620 2917//3620 2997//3620
f 2916//3621 2997//3621 2996//3621
f 2917//3622 2918//3622 2998//3622
f 2917//3623 2998//3623 2997//3623
f 2918//3624 2919//3624 2999//3624
f 2918//3625 2999//3625 2998//3625
f 2919//3626 2920//3626 3000//3626
f 2919//3627 3000//3627 2999//3627
f 2920//1098 2921//1098 3001//1098
f 2920//1098 3001//1098 3000//1098
f 2921//3628 2922//3628 3002//3628
f 2921//3629 3002//3629 3001//3629
f 2922//3630 2923//3630 3003//3630
f 2922//3631 3003//3631 3002//3631
f 2923//3632 2924//3632 3004//3632
f 2923//3633 3004//3633 3003//3633
f 2924//3634 2925//3634 3005//3634
f 2924//3635 3005//3635 3004//3635
f 2925//3636 2926//3636 3006//3636
f 2925//3637 3006//3637 3005//3637
f 2926//3638 2927//3638 3007//3638
f 2926//3639 3007//3639 3006//3639
f 2927//3640 2928//3640 3008//3640
f 2927//3641 3008//3641 3007//3641
f 2928//3642 2929//3642 3009//3642
f 2928//3643 3009//3643 3008//3643
f 2929//3644 2930//3644 3010//3644
f 2929//3645 3010//3645 3009//3645
f 2930//3646 2931//3646 3011//3646
f 2930//3647 3011//3647 3010//3647
f 2931//3648 2932//3648 3012//3648
f 2931//3649 3012//3649 3011//3649
f 2932//3650 2933//3650 3013//3650
f 2932//3651 3013//3651 3012//3651
f 2933//3652 2934//3652 3014//3652
f 2933//3653 3014//3653 3013//3653
f 2934//3654 2935//3654 3015//3654
f 2934//3655 3015//3655 3014//3655
f 2935//3656 2936//3656 3016//3656
f 2935//3657 3016//3657 3015//3657
f 2936//3658 2937//3658 3017//3658
f 2936//3659 3017//3659 3016//3659
f 2937//3660 2938//3660 3018//3660
f 2937//3661 3018//3661 3017//3661
f 2938//3662 2939//3662 3019//3662
f 2938//3663 3019//3663 3018//3663
f 2939//3664 2940//3664 3020//3664
f 2939//3665 3020//3665 3019//3665
f 2940//3666 2941//3666 3021//3666
f 2940//3667 3021//3667 3020//3667
f 2941//3668 2942//3668 3022//3668
f 2941//3669 3022//3669 3021//3669
f 2942//3670 2943//3670 3023//3670
f 2942//3671 3023//3671 3022//3671
f 2943//3672 2944//3672 3024//3672
f 2943//3673 3024//3673 3023//3673
f 2944//3674 2945//3674 3025//3674
f 2944//3675 3025//3675 3024//3675
f 2945//3676 2946//3676 3026//3676
f 2945//3677 3026//3677 3025//3677
f 2946//3678 2947//3678 3027//3678
f 2946//3679 3027//3679 3026//3679
f 2947//3680 2948//3680 3028//3680
f 2947//3681 3028//3681 3027//3681
f 2948//3682 2949//3682 3029//3682
f 2948//3683 3029//3683 3028//3683
f 2949//3684 2950//3684 3030//3684
f 2949//3685 3030//3685 3029//3685
f 2950//3686 2951//3686 3031//3686
f 2950//3687 3031//3687 3030//3687
f 2951//3688 2952//3688 3032//3688
f 2951//3689 3032//3689 3031//3689
f 2952//3690 2953//3690 3033//3690
f 2952//3691 3033//3691 3032//3691
f 2953//3692 2954//3692 3034//3692
f 2953//3693 3034//3693 3033//3693
f 2954//3694 2955//3694 3035//3694
f 2954//3695 3035//3695 3034//3695
f 2955//3696 2956//3696 3036//3696
f 2955//3697 3036//3697 3035//3697
f 2956//3698 2957//3698 3037//3698
f 2956//3699 3037//3699 3036//3699
f 2957//3700 2958//3700 3038//3700
f 2957//3701 3038//3701 3037//3701
f 2958//3702 2959//3702 3039//3702
f 2958//3703 3039//3703 3038//3703
f 2959//3704 2960//3704 3040//3704
f 2959//3705 3040//3705 3039//3705
f 2960//2151 2882//2151 2962//2151
f 2960//2151 2962//2151 3040//2151
f 2962//3706 2961//3706 3041//3706
f 2962//3706 3041//3706 3042//3706
f 2961//3707 2963//3707 3043//3707
f 2961//3707 3043//3707 3041//3707
f 2963//3708 2964//3708 3044//3708
f 2963//3708 3044//3708 3043//3708
f 2964//3709 2965//3709 3045//3709
f 2964//3709 3045//3709 3044//3709
f 2965//3710 2966//3710 3046//3710
f 2965//3710 3046//3710 3045//3710
f 2966//3711 2967//3711 3047//3711
f 2966//3711 3047//3711 3046//3711
f 2967//3712 2968//3712 3048//3712
f 2967//3712 3048//3712 3047//3712
f 2968//3713 2969//3713 3049//3713
f 2968//3713 3049//3713 3048//3713
f 2969//3714 2970//3714 3050//3714
f 2969//3714 3050//3714 3049//3714
f 2970//3715 2971//3715 3051//3715
f 2970//3715 3051//3715 3050//3715
f 2971//3716 2972//3716 3052//3716
f 2971//3716 3052//3716 3051//3716
f 2972//3717 2973//3717 3053//3717
f 2972//3717 3053//3717 3052//3717
f 2973//3718 2974//3718 3054//3718
f 2973//3718 3054//3718 3053//3718
f 2974//3719 2975//3719 3055//3719
f 2974//3719 3055//3719 3054//3719
f 2975//3720 2976//3720 3056//3720
f 2975//3720 3056//3720 3055//3720
f 2976//3721 2977//3721 3057//3721
f 2976//3721 3057//3721 3056//3721
f 2977//3722 2978//3722 3058//3722
f 2977//3722 3058//3722 3057//3722
f 2978//3723 2979//3723 3059//3723
f 2978//3723 3059//3723 3058//3723
f 2979//3724 2980//3724 3060//3724
f 2979//3724 3060//3724 3059//3724
f 2980//3725 2981//3725 3061//3725
f 2980//3725 3061//3725 3060//3725
f 2981//3726 2982//3726 3062//3726
f 2981//3726 3062//3726 3061//3726
f 2982//3727 2983//3727 3063//3727
f 2982//3727 3063//3727 3062//3727
f 2983//3728 2984//3728 3064//3728
f 2983//3728 3064//3728 3063//3728
f 2984//3729 2985//3729 3065//3729
f 2984//3729 3065//3729 3064//3729
f 2985//3730 2986//3730 3066//3730
f 2985//3730 3066//3730 3065//3730
f 2986//3731 2987//3731 3067//3731
f 2986//3731 3067//3731 3066//3731
f 2987//3732 2988//3732 3068//3732
f 2987//3732 3068//3732 3067//3732
f 2988//3733 2989//3733 3069//3733
f 2988//3733 3069//3733 3068//3733
f 2989//3734 2990//3734 3070//3734
f 2989//3734 3070//3734 3069//3734
f 2990//3735 2991//3735 3071//3735
f 2990//3735 3071//3735 3070//3735
f 2991//3736 2992//3736 3072//3736
f 2991//3736 3072//3736 3071//3736
f 2992//3737 2993//3737 3073//3737
f 2992//3737 3073//3737 3072//3737
f 2993//3738 2994//3738 3074//3738
f 2993//3738 3074//3738 3073//3738
f 2994//3739 2995//3739 3075//3739
f 2994//3739 3075//3739 3074//3739
f 2995//3740 2996//3740 3076//3740
f 2995//3740 3076//3740 3075//3740
f 2996//3741 2997//3741 3077//3741
f 2996//3741 3077//3741 3076//3741
f 2997//3742 2998//3742 3078//3742
f 2997//3742 3078//3742 3077//3742
f 2998//3743 2999//3743 3079//3743
f 2998//3743 3079//3743 3078//3743
f 2999//3744 3000//3744 3080//3744
f 2999//3744 3080//3744 3079//3744
f 3001//3744 3002//3744 3082//3744
f 3001//3744 3082//3744 3081//3744
f 3002//3743 3003//3743 3083//3743
f 3002//3743 3083//3743 3082//3743
f 3003//3742 3004//3742 3084//3742
f 3003//3742 3084//3742 3083//3742
f 3004//3741 3005//3741 3085//3741
f 3004//3741 3085//3741 3084//3741
f 3005//3740 3006//3740 3086//3740
f 3005//3740 3086//3740 3085//3740
f 3006//3739 3007//3739 3087//3739
f 3006//3739 3087//3739 3086//3739
f 3007//3738 3008//3738 3088//3738
f 3007//3738 3088//3738 3087//3738
f 3008//3737 3009//3737 3089//3737
f 3008//3737 3089//3737 3088//3737
f 3009//3736 3010//3736 3090//3736
f 3009//3736 3090//3736 3089//3736
f 3010//3735 3011//3735 3091//3735
f 3010//3735 3091//3735 3090//3735
f 3011//3734 3012//3734 3092//3734
f 3011//3734 3092//3734 3091//3734
f 3012//3733 3013//3733 3093//3733
f 3012//3733 3093//3733 3092//3733
f 3013//3732 3014//3732 3094//3732
f 3013//3732 3094//3732 3093//3732
f 3014//3731 3015//3731 3095//3731
f 3014//3731 3095//3731 3094//3731
f 3015//3730 3016//3730 3096//3730
f 3015//3730 3096//3730 3095//3730
f 3016//3729 3017//3729 3097//3729
f 3016//3729 3097//3729 3096//3729
f 3017//3728 3018//3728 3098//3728
f 3017//3728 3098//3728 3097//3728
f 3018//3727 3019//3727 3099//3727
f 3018//3727 3099//3727 3098//3727
f 3019//3726 3020//3726 3100//3726
f 3019//3726 3100//3726 3099//3726
f 3020//3725 3021//3725 3101//3725
f 3020//3725 3101//3725 3100//3725
f 3021//3724 3022//3724 3102//3724
f 3021//3724 3102//3724 3101//3724
f 3022//3723 3023//3723 3103//3723
f 3022//3723 3103//3723 3102//3723
f 3023//3722 3024//3722 3104//3722
f 3023//3722 3104//3722 3103//3722
f 3024//3721 3025//3721 3105//3721
f 3024//3721 3105//3721 3104//3721
f 3025//3720 3026//3720 3106//3720
f 3025//3720 3106//3720 3105//3720
f 3026//3719 3027//3719 3107//3719
f 3026//3719 3107//3719 3106//3719
f 3027//3718 3028//3718 3108//3718
f 3027//3718 3108//3718 3107//3718
f 3028//3717 3029//3717 3109//3717
f 3028//3717 3109//3717 3108//3717
f 3029//3716 3030//3716 3110//3716
f 3029//3716 3110//3716 3109//3716
f 3030//3715 3031//3715 3111//3715
f 3030//3715 3111//3715 3110//3715
f 3031//3714 3032//3714 3112//3714
f 3031//3714 3112//3714 3111//3714
f 3032//3713 3033//3713 3113//3713
f 3032//3713 3113//3713 3112//3713
f 3033//3712 3034//3712 3114//3712
f 3033//3712 3114//3712 3113//3712
f 3034//3711 3035//3711 3115//3711
f 3034//3711 3115//3711 3114//3711
f 3035//3710 3036//3710 3116//3710
f 3035//3710 3116//3710 3115//3710
f 3036//3709 3037//3709 3117//3709
f 3036//3709 3117//3709 3116//3709
f 3037//3708 3038//3708 3118//3708
f 3037//3708 3118//3708 3117//3708
f 3038//3707 3039//3707 3119//3707
f 3038//3707 3119//3707 3118//3707
f 3039//3706 3040//3706 3120//3706
f 3039//3706 3120//3706 3119//3706
f 3042//3745 3041//3745 3121//3745
f 3042//3746 3121//3746 3122//3746
f 3041//3747 3043//3747 3123//3747
f 3041//3748 3123//3748 3121//3748
f 3043//3749 3044//3749 3124//3749
f 3043//3750 3124//3750 3123//3750
f 3044//3751 3045//3751 3125//3751
f 3044//3752 3125//3752 3124//3752
f 3045//3753 3046//3753 3126//3753
f 3045//3754 3126//3754 3125//3754
f 3046//3755 3047//3755 3127//3755
f 3046//3756 3127//3756 3126//3756
f 3047//3757 3048//3757 3128//3757
f 3047//3758 3128//3758 3127//3758
f 3048//3759 3049//3759 3129//3759
f 3048//3760 3129//3760 3128//3760
f 3049//3761 3050//3761 3130//3761
f 3049//3762 3130//3762 3129//3762
f 3050//3763 3051//3763 3131//3763
f 3050//3764 3131//3764 3130//3764
f 3051//3765 3052//3765 3132//3765
f 3051//3766 3132//3766 3131//3766
f 3052//3767 3053//3767 3133//3767
f 3052//3768 3133//3768 3132//3768
f 3053//3769 3054//3769 3134//3769
f 3053//3770 3134//3770 3133//3770
f 3054//3771 3055//3771 3135//3771
f 3054//3772 3135//3772 3134//3772
f 3055//3773 3056//3773 3136//3773
f 3055//3774 3136//3774 3135//3774
f 3056//3775 3057//3775 3137//3775
f 3056//3776 3137//3776 3136//3776
f 3057//3777 3058//3777 3138//3777
f 3057//3778 3138//3778 3137//3778
f 3058//3779 3059//3779 3139//3779
f 3058//3780 3139//3780 3138//3780
f 3059//3781 3060//3781 3140//3781
f 3059//3782 3140//3782 3139//3782
f 3060//3783 3061//3783 3141//3783
f 3060//3784 3141//3784 3140//3784
f 3061//3785 3062//3785 3142//3785
f 3061//3786 3142//3786 3141//3786
f 3062//3787 3063//3787 3143//3787
f 3062//3788 3143//3788 3142//3788
f 3063//3789 3064//3789 3144//3789
f 3063//3790 3144//3790 3143//3790
f 3064//3791 3065//3791 3145//3791
f 3064//3792 3145//3792 3144//3792
f 3065//3793 3066//3793 3146//3793
f 3065//3794 3146//3794 3145//3794
f 3066//3795 3067//3795 3147//3795
f 3066//3796 3147//3796 3146//3796
f 3067//3797 3068//3797 3148//3797
f 3067//3798 3148//3798 3147//3798
f 3068//3799 3069//3799 3149//3799
f 3068//3800 3149//3800 3148//3800
f 3069//3801 3070//3801 3150//3801
f 3069//3802 3150//3802 3149//3802
f 3070//3803 3071//3803 3151//3803
f 3070//3804 3151//3804 3150//3804
f 3071//3805 3072//3805 3152//3805
f 3071//3806 3152//3806 3151//3806
f 3072//3807 3073//3807 3153//3807
f 3072//3808 3153//3808 3152//3808
f 3073//3809 3074//3809 3154//3809
f 3073//3810 3154//3810 3153//3810
f 3074//3811 3075//3811 3155//3811
f 3074//3812 3155//3812 3154//3812
f 3075//3813 3076//3813 3156//3813
f 3075//3814 3156//3814 3155//3814
f 3076//3815 3077//3815 3157//3815
f 3076//3816 3157//3816 3156//3816
f 3077//3817 3078//3817 3158//3817
f 3077//3818 3158//3818 3157//3818
f 3078//3819 3079//3819 3159//3819
f 3078//3820 3159//3820 3158//3820
f 3079//3821 3080//3821 3160//3821
f 3079//3822 3160//3822 3159//3822
f 3080//705 3081//705 3161//705
f 3080//705 3161//705 3160//705
f 3081//3823 3082//3823 3162//3823
f 3081//3824 3162//3824 3161//3824
f 3082//3825 3083//3825 3163//3825
f 3082//3826 3163//3826 3162//3826
f 3083//3827 3084//3827 3164//3827
f 3083//3828 3164//3828 3163//3828
f 3084//3829 3085//3829 3165//3829
f 3084//3830 3165//3830 3164//3830
f 3085//3831 3086//3831 3166//3831
f 3085//3832 3166//3832 3165//3832
f 3086//3833 3087//3833 3167//3833
f 3086//3834 3167//3834 3166//3834
f 3087//3835 3088//3835 3168//3835
f 3087//3836 3168//3836 3167//3836
f 3088//3837 3089//3837 3169//3837
f 3088//3838 3169//3838 3168//3838
f 3089//3839 3090//3839 3170//3839
f 3089//3840 3170//3840 3169//3840
f 3090//3841 3091//3841 3171//3841
f 3090//3842 3171//3842 3170//3842
f 3091//3843 3092//3843 3172//3843
f 3091//3844 3172//3844 3171//3844
f 3092//3845 3093//3845 3173//3845
f 3092//3846 3173//3846 3172//3846
f 3093//3847 3094//3847 3174//3847
f 3093//3848 3174//3848 3173//3848
f 3094//3849 3095//3849 3175//3849
f 3094//3850 3175//3850 3174//3850
f 3095//3851 3096//3851 3176//3851
f 3095//3852 3176//3852 3175//3852
f 3096//3853 3097//3853 3177//3853
f 3096//3854 3177//3854 3176//3854
f 3097//3855 3098//3855 3178//3855
f 3097//3856 3178//3856 3177//3856
f 3098//3857 3099//3857 3179//3857
f 3098//3858 3179//3858 3178//3858
f 3099//3859 3100//3859 3180//3859
f 3099//3860 3180//3860 3179//3860
f 3100//3861 3101//3861 3181//3861
f 3100//3862 3181//3862 3180//3862
f 3101//3863 3102//3863 3182//3863
f 3101//3864 3182//3864 3181//3864
f 3102//3865 3103//3865 3183//3865
f 3102//3866 3183//3866 3182//3866
f 3103//3867 3104//3867 3184//3867
f 3103//3868 3184//3868 3183//3868
f 3104//3869 3105//3869 3185//3869
f 3104//3870 3185//3870 3184//3870
f 3105//3871 3106//3871 3186//3871
f 3105//3872 3186//3872 3185//3872
f 3106//3873 3107//3873 3187//3873
f 3106//3874 3187//3874 3186//3874
f 3107//3875 3108//3875 3188//3875
f 3107//3876 3188//3876 3187//3876
f 3108//3877 3109//3877 3189//3877
f 3108//3878 3189//3878 3188//3878
f 3109//3879 3110//3879 3190//3879
f 3109//3880 3190//3880 3189//3880
f 3110//3881 3111//3881 3191//3881
f 3110//3882 3191//3882 3190//3882
f 3111//3883 3112//3883 3192//3883
f 3111//3884 3192//3884 3191//3884
f 3112//3885 3113//3885 3193//3885
f 3112//3886 3193//3886 3192//3886
f 3113//3887 3114//3887 3194//3887
f 3113//3888 3194//3888 3193//3888
f 3114//3889 3115//3889 3195//3889
f 3114//3890 3195//3890 3194//3890
f 3115//3891 3116//3891 3196//3891
f 3115//3892 3196//3892 3195//3892
f 3116//3893 3117//3893 3197//3893
f 3116//3894 3197//3894 3196//3894
f 3117//3895 3118//3895 3198//3895
f 3117//3896 3198//3896 3197//3896
f 3118//3897 3119//3897 3199//3897
f 3118//3898 3199//3898 3198//3898
f 3119//3899 3120//3899 3200//3899
f 3119//3900 3200//3900 3199//3900
f 3120//2930 3042//2930 3122//2930
f 3120//2930 3122//2930 3200//2930
f 3122//3901 3121//3901 3201//3901
f 3122//3901 3201//3901 3202//3901
f 3121//1380 3123//1380 3203//1380
f 3121//1380 3203//1380 3201//1380
f 3123//3902 3124//3902 3204//3902
f 3123//3902 3204//3902 3203//3902
f 3124//1381 3125//1381 3205//1381
f 3124//1381 3205//1381 3204//1381
f 3125//3903 3126//3903 3206//3903
f 3125//3903 3206//3903 3205//3903
f 3126//3904 3127//3904 3207//3904
f 3126//3904 3207//3904 3206//3904
f 3127//3905 3128//3905 3208//3905
f 3127//3905 3208//3905 3207//3905
f 3128//3906 3129//3906 3209//3906
f 3128//3906 3209//3906 3208//3906
f 3129//3907 3130//3907 3210//3907
f 3129//3907 3210//3907 3209//3907
f 3130//3908 3131//3908 3211//3908
f 3130//3908 3211//3908 3210//3908
f 3131//3909 3132//3909 3212//3909
f 3131//3909 3212//3909 3211//3909
f 3132//3910 3133//3910 3213//3910
f 3132//3910 3213//3910 3212//3910
f 3133//3911 3134//3911 3214//3911
f 3133//3911 3214//3911 3213//3911
f 3134//3912 3135//3912 3215//3912
f 3134//3912 3215//3912 3214//3912
f 3135//3913 3136//3913 3216//3913
f 3135//3913 3216//3913 3215//3913
f 3136//3914 3137//3914 3217//3914
f 3136//3914 3217//3914 3216//3914
f 3137//3915 3138//3915 3218//3915
f 3137//3915 3218//3915 3217//3915
f 3138//3916 3139//3916 3219//3916
f 3138//3916 3219//3916 3218//3916
f 3139//3917 3140//3917 3220//3917
f 3139//3917 3220//3917 3219//3917
f 3140//3725 3141//3725 3221//3725
f 3140//3725 3221//3725 3220//3725
f 3141//3918 3142//3918 3222//3918
f 3141//3918 3222//3918 3221//3918
f 3142//3919 3143//3919 3223//3919
f 3142//3919 3223//3919 3222//3919
f 3143//3920 3144//3920 3224//3920
f 3143//3920 3224//3920 3223//3920
f 3144//3921 3145//3921 3225//3921
f 3144//3921 3225//3921 3224//3921
f 3145//3922 3146//3922 3226//3922
f 3145//3922 3226//3922 3225//3922
f 3146//3923 3147//3923 3227//3923
f 3146//3923 3227//3923 3226//3923
f 3147//3924 3148//3924 3228//3924
f 3147//3924 3228//3924 3227//3924
f 3148//3925 3149//3925 3229//3925
f 3148//3925 3229//3925 3228//3925
f 3149//3926 3150//3926 3230//3926
f 3149//3926 3230//3926 3229//3926
f 3150//3927 3151//3927 3231//3927
f 3150//3927 3231//3927 3230//3927
f 3151//3928 3152//3928 3232//3928
f 3151//3928 3232//3928 3231//3928
f 3152//3929 3153//3929 3233//3929
f 3152//3929 3233//3929 3232//3929
f 3153//3930 3154//3930 3234//3930
f 3153//3930 3234//3930 3233//3930
f 3154//3931 3155//3931 3235//3931
f 3154//3931 3235//3931 3234//3931
f 3155//3932 3156//3932 3236//3932
f 3155//3932 3236//3932 3235//3932
f 3156//3933 3157//3933 3237//3933
f 3156//3933 3237//3933 3236//3933
f 3157//3934 3158//3934 3238//3934
f 3157//3934 3238//3934 3237//3934
f 3158//3935 3159//3935 3239//3935
f 3158//3935 3239//3935 3238//3935
f 3159//3936 3160//3936 3240//3936
f 3159//3936 3240//3936 3239//3936
f 3161//3936 3162//3936 3242//3936
f 3161//3936 3242//3936 3241//3936
f 3162//3935 3163//3935 3243//3935
f 3162//3935 3243//3935 3242//3935
f 3163//3934 3164//3934 3244//3934
f 3163//3934 3244//3934 3243//3934
f 3164//3933 3165//3933 3245//3933
f 3164//3933 3245//3933 3244//3933
f 3165//3932 3166//3932 3246//3932
f 3165//3932 3246//3932 3245//3932
f 3166//3931 3167//3931 3247//3931
f 3166//3931 3247//3931 3246//3931
f 3167//3930 3168//3930 3248//3930
f 3167//3930 3248//3930 3247//3930
f 3168//3929 3169//3929 3249//3929
f 3168//3929 3249//3929 3248//3929
f 3169//3928 3170//3928 3250//3928
f 3169//3928 3250//3928 3249//3928
f 3170//3927 3171//3927 3251//3927
f 3170//3927 3251//3927 3250//3927
f 3171//3926 3172//3926 3252//3926
f 3171//3926 3252//3926 3251//3926
f 3172//3925 3173//3925 3253//3925
f 3172//3925 3253//3925 3252//3925
f 3173//3924 3174//3924 3254//3924
f 3173//3924 3254//3924 3253//3924
f 3174//3923 3175//3923 3255//3923
f 3174//3923 3255//3923 3254//3923
f 3175//3922 3176//3922 3256//3922
f 3175//3922 3256//3922 3255//3922
f 3176//3921 3177//3921 3257//3921
f 3176//3921 3257//3921 3256//3921
f 3177//3920 3178//3920 3258//3920
f 3177//3920 3258//3920 3257//3920
f 3178//3919 3179//3919 3259//3919
f 3178//3919 3259//3919 3258//3919
f 3179//3918 3180//3918 3260//3918
f 3179//3918 3260//3918 3259//3918
f 3180//3725 3181//3725 3261//3725
f 3180//3725 3261//3725 3260//3725
f 3181//3917 3182//3917 3262//3917
f 3181//3917 3262//3917 3261//3917
f 3182//3916 3183//3916 3263//3916
f 3182//3916 3263//3916 3262//3916
f 3183//3915 3184//3915 3264//3915
f 3183//3915 3264//3915 3263//3915
f 3184//3914 3185//3914 3265//3914
f 3184//3914 3265//3914 3264//3914
f 3185//3913 3186//3913 3266//3913
f 3185//3913 3266//3913 3265//3913
f 3186//3912 3187//3912 3267//3912
f 3186//3912 3267//3912 3266//3912
f 3187//3911 3188//3911 3268//3911
f 3187//3911 3268//3911 3267//3911
f 3188//3910 3189//3910 3269//3910
f 3188//3910 3269//3910 3268//3910
f 3189//3909 3190//3909 3270//3909
f 3189//3909 3270//3909 3269//3909
f 3190//3908 3191//3908 3271//3908
f 3190//3908 3271//3908 3270//3908
f 3191//3907 3192//3907 3272//3907
f 3191//3907 3272//3907 3271//3907
f 3192//3906 3193//3906 3273//3906
f 3192//3906 3273//3906 3272//3906
f 3193//3905 3194//3905 3274//3905
f 3193//3905 3274//3905 3273//3905
f 3194//3904 3195//3904 3275//3904
f 3194//3904 3275//3904 3274//3904
f 3195//3903 3196//3903 3276//3903
f 3195//3903 3276//3903 3275//3903
f 3196//1381 3197//1381 3277//1381
f 3196//1381 3277//1381 3276//1381
f 3197//3902 3198//3902 3278//3902
f 3197//3902 3278//3902 3277//3902
f 3198//1380 3199//1380 3279//1380
f 3198//1380 3279//1380 3278//1380
f 3199//3901 3200//3901 3280//3901
f 3199//3901 3280//3901 3279//3901
f 3202//3937 3201//3937 3281//3937
f 3202//3938 3281//3938 3282//3938
f 3201//3939 3203//3939 3283//3939
f 3201//3940 3283//3940 3281//3940
f 3203//3941 3204//3941 3284//3941
f 3203//3942 3284//3942 3283//3942
f 3204//3943 3205//3943 3285//3943
f 3204//3944 3285//3944 3284//3944
f 3205//3945 3206//3945 3286//3945
f 3205//3946 3286//3946 3285//3946
f 3206//3947 3207//3947 3287//3947
f 3206//3948 3287//3948 3286//3948
f 3207//3949 3208//3949 3288//3949
f 3207//3950 3288//3950 3287//3950
f 3208//3951 3209//3951 3289//3951
f 3208//3952 3289//3952 3288//3952
f 3209//3953 3210//3953 3290//3953
f 3209//3954 3290//3954 3289//3954
f 3210//3955 3211//3955 3291//3955
f 3210//3956 3291//3956 3290//3956
f 3211//3957 3212//3957 3292//3957
f 3211//3958 3292//3958 3291//3958
f 3212//3959 3213//3959 3293//3959
f 3212//3960 3293//3960 3292//3960
f 3213//3961 3214//3961 3294//3961
f 3213//3962 3294//3962 3293//3962
f 3214//3963 3215//3963 3295//3963
f 3214//3964 3295//3964 3294//3964
f 3215//3965 3216//3965 3296//3965
f 3215//3966 3296//3966 3295//3966
f 3216//3967 3217//3967 3297//3967
f 3216//3968 3297//3968 3296//3968
f 3217//3969 3218//3969 3298//3969
f 3217//3970 3298//3970 3297//3970
f 3218//3971 3219//3971 3299//3971
f 3218//3972 3299//3972 3298//3972
f 3219//3973 3220//3973 3300//3973
f 3219//3974 3300//3974 3299//3974
f 3220//3975 3221//3975 3301//3975
f 3220//3976 3301//3976 3300//3976
f 3221//3977 3222//3977 3302//3977
f 3221//3978 3302//3978 3301//3978
f 3222//3979 3223//3979 3303//3979
f 3222//3980 3303//3980 3302//3980
f 3223//3981 3224//3981 3304//3981
f 3223//3982 3304//3982 3303//3982
f 3224//3983 3225//3983 3305//3983
f 3224//3984 3305//3984 3304//3984
f 3225//3985 3226//3985 3306//3985
f 3225//3986 3306//3986 3305//3986
f 3226//3987 3227//3987 3307//3987
f 3226//3988 3307//3988 3306//3988
f 3227//3989 3228//3989 3308//3989
f 3227//3990 3308//3990 3307//3990
f 3228//3991 3229//3991 3309//3991
f 3228//3992 3309//3992 3308//3992
f 3229//3993 3230//3993 3310//3993
f 3229//3994 3310//3994 3309//3994
f 3230//3995 3231//3995 3311//3995
f 3230//3996 3311//3996 3310//3996
f 3231//3997 3232//3997 3312//3997
f 3231//3998 3312//3998 3311//3998
f 3232//3999 3233//3999 3313//3999
f 3232//4000 3313//4000 3312//4000
f 3233//4001 3234//4001 3314//4001
f 3233//4002 3314//4002 3313//4002
f 3234//4003 3235//4003 3315//4003
f 3234//4004 3315//4004 3314//4004
f 3235//4005 3236//4005 3316//4005
f 3235//4006 3316//4006 3315//4006
f 3236//4007 3237//4007 3317//4007
f 3236//4008 3317//4008 3316//4008
f 3237//4009 3238//4009 3318//4009
f 3237//4010 3318//4010 3317//4010
f 3238//4011 3239//4011 3319//4011
f 3238//4012 3319//4012 3318//4012
f 3239//4013 3240//4013 3320//4013
f 3239//4014 3320//4014 3319//4014
f 3240//1098 3241//1098 3321//1098
f 3240//1098 3321//1098 3320//1098
f 3241//4015 3242//4015 3322//4015
f 3241//4016 3322//4016 3321//4016
f 3242//4017 3243//4017 3323//4017
f 3242//4018 3323//4018 3322//4018
f 3243//4019 3244//4019 3324//4019
f 3243//4020 3324//4020 3323//4020
f 3244//4021 3245//4021 3325//4021
f 3244//4022 3325//4022 3324//4022
f 3245//4023 3246//4023 3326//4023
f 3245//4024 3326//4024 3325//4024
f 3246//4025 3247//4025 3327//4025
f 3246//4026 3327//4026 3326//4026
f 3247//4027 3248//4027 3328//4027
f 3247//4028 3328//4028 3327//4028
f 3248//4029 3249//4029 3329//4029
f 3248//4030 3329//4030 3328//4030
f 3249//4031 3250//4031 3330//4031
f 3249//4032 3330//4032 3329//4032
f 3250//4033 3251//4033 3331//4033
f 3250//4034 3331//4034 3330//4034
f 3251//4035 3252//4035 3332//4035
f 3251//4036 3332//4036 3331//4036
f 3252//4037 3253//4037 3333//4037
f 3252//4038 3333//4038 3332//4038
f 3253//4039 3254//4039 3334//4039
f 3253//4040 3334//4040 3333//4040
f 3254//4041 3255//4041 3335//4041
f 3254//4042 3335//4042 3334//4042
f 3255//4043 3256//4043 3336//4043
f 3255//4044 3336//4044 3335//4044
f 3256//4045 3257//4045 3337//4045
f 3256//4046 3337//4046 3336//4046
f 3257//4047 3258//4047 3338//4047
f 3257//4048 3338//4048 3337//4048
f 3258//4049 3259//4049 3339//4049
f 3258//4050 3339//4050 3338//4050
f 3259//4051 3260//4051 3340//4051
f 3259//4052 3340//4052 3339//4052
f 3260//4053 3261//4053 3341//4053
f 3260//4054 3341//4054 3340//4054
f 3261//4055 3262//4055 3342//4055
f 3261//4056 3342//4056 3341//4056
f 3262//4057 3263//4057 3343//4057
f 3262//4058 3343//4058 3342//4058
f 3263//4059 3264//4059 3344//4059
f 3263//4060 3344//4060 3343//4060
f 3264//4061 3265//4061 3345//4061
f 3264//4062 3345//4062 3344//4062
f 3265//4063 3266//4063 3346//4063
f 3265//4064 3346//4064 3345//4064
f 3266//4065 3267//4065 3347//4065
f 3266//4066 3347//4066 3346//4066
f 3267//4067 3268//4067 3348//4067
f 3267//4068 3348//4068 3347//4068
f 3268//4069 3269//4069 3349//4069
f 3268//4070 3349//4070 3348//4070
f 3269//4071 3270//4071 3350//4071
f 3269//4072 3350//4072 3349//4072
f 3270//4073 3271//4073 3351//4073
f 3270//4074 3351//4074 3350//4074
f 3271//4075 3272//4075 3352//4075
f 3271//4076 3352//4076 3351//4076
f 3272//4077 3273//4077 3353//4077
f 3272//4078 3353//4078 3352//4078
f 3273//4079 3274//4079 3354//4079
f 3273//4080 3354//4080 3353//4080
f 3274//4081 3275//4081 3355//4081
f 3274//4082 3355//4082 3354//4082
f 3275//4083 3276//4083 3356//4083
f 3275//4084 3356//4084 3355//4084
f 3276//4085 3277//4085 3357//4085
f 3276//4086 3357//4086 3356//4086
f 3277//4087 3278//4087 3358//4087
f 3277//4088 3358//4088 3357//4088
f 3278//4089 3279//4089 3359//4089
f 3278//4090 3359//4090 3358//4090
f 3279//4091 3280//4091 3360//4091
f 3279//4092 3360//4092 3359//4092
f 3280//981 3202//981 3282//981
f 3280//981 3282//981 3360//981
f 3282//4093 3281//4093 3361//4093
f 3282//4093 3361//4093 3362//4093
f 3281//4094 3283//4094 3363//4094
f 3281//4094 3363//4094 3361//4094
f 3283//4095 3284//4095 3364//4095
f 3283//4095 3364//4095 3363//4095
f 3284//4096 3285//4096 3365//4096
f 3284//4096 3365//4096 3364//4096
f 3285//4097 3286//4097 3366//4097
f 3285//4097 3366//4097 3365//4097
f 3286//4098 3287//4098 3367//4098
f 3286//4098 3367//4098 3366//4098
f 3287//4099 3288//4099 3368//4099
f 3287//4099 3368//4099 3367//4099
f 3288//4100 3289//4100 3369//4100
f 3288//4100 3369//4100 3368//4100
f 3289//4101 3290//4101 3370//4101
f 3289//4101 3370//4101 3369//4101
f 3290//4102 3291//4102 3371//4102
f 3290//4102 3371//4102 3370//4102
f 3291//4103 3292//4103 3372//4103
f 3291//4103 3372//4103 3371//4103
f 3292//4104 3293//4104 3373//4104
f 3292//4104 3373//4104 3372//4104
f 3293//4105 3294//4105 3374//4105
f 3293//4105 3374//4105 3373//4105
f 3294//4106 3295//4106 3375//4106
f 3294//4106 3375//4106 3374//4106
f 3295//4107 3296//4107 3376//4107
f 3295//4107 3376//4107 3375//4107
f 3296//4108 3297//4108 3377//4108
f 3296//4108 3377//4108 3376//4108
f 3297//4109 3298//4109 3378//4109
f 3297//4109 3378//4109 3377//4109
f 3298//4110 3299//4110 3379//4110
f 3298//4110 3379//4110 3378//4110
f 3299//4111 3300//4111 3380//4111
f 3299//4111 3380//4111 3379//4111
f 3300//4112 3301//4112 3381//4112
f 3300//4112 3381//4112 3380//4112
f 3301//4113 3302//4113 3382//4113
f 3301//4113 3382//4113 3381//4113
f 3302//4114 3303//4114 3383//4114
f 3302//4114 3383//4114 3382//4114
f 3303//4115 3304//4115 3384//4115
f 3303//4115 3384//4115 3383//4115
f 3304//4116 3305//4116 3385//4116
f 3304//4116 3385//4116 3384//4116
f 3305//4117 3306//4117 3386//4117
f 3305//4117 3386//4117 3385//4117
f 3306//4118 3307//4118 3387//4118
f 3306//4118 3387//4118 3386//4118
f 3307//4119 3308//4119 3388//4119
f 3307//4119 3388//4119 3387//4119
f 3308//4120 3309//4120 3389//4120
f 3308//4120 3389//4120 3388//4120
f 3309//4121 3310//4121 3390//4121
f 3309//4121 3390//4121 3389//4121
f 3310//4122 3311//4122 3391//4122
f 3310//4122 3391//4122 3390//4122
f 3311//4123 3312//4123 3392//4123
f 3311//4123 3392//4123 3391//4123
f 3312//4124 3313//4124 3393//4124
f 3312//4124 3393//4124 3392//4124
f 3313//4125 3314//4125 3394//4125
f 3313//4125 3394//4125 3393//4125
f 3314//4126 3315//4126 3395//4126
f 3314//4126 3395//4126 3394//4126
f 3315//4127 3316//4127 3396//4127
f 3315//4127 3396//4127 3395//4127
f 3316//4128 3317//4128 3397//4128
f 3316//4128 3397//4128 3396//4128
f 3317//4129 3318//4129 3398//4129
f 3317//4129 3398//4129 3397//4129
f 3318//4130 3319//4130 3399//4130
f 3318//4130 3399//4130 3398//4130
f 3319//4131 3320//4131 3400//4131
f 3319//4131 3400//4131 3399//4131
f 3321//4131 3322//4131 3402//4131
f 3321//4131 3402//4131 3401//4131
f 3322//4130 3323//4130 3403//4130
f 3322//4130 3403//4130 3402//4130
f 3323//4129 3324//4129 3404//4129
f 3323//4129 3404//4129 3403//4129
f 3324//4128 3325//4128 3405//4128
f 3324//4128 3405//4128 3404//4128
f 3325//4127 3326//4127 3406//4127
f 3325//4127 3406//4127 3405//4127
f 3326//4126 3327//4126 3407//4126
f 3326//4126 3407//4126 3406//4126
f 3327//4125 3328//4125 3408//4125
f 3327//4125 3408//4125 3407//4125
f 3328//4124 3329//4124 3409//4124
f 3328//4124 3409//4124 3408//4124
f 3329//4123 3330//4123 3410//4123
f 3329//4123 3410//4123 3409//4123
f 3330//4122 3331//4122 3411//4122
f 3330//4122 3411//4122 3410//4122
f 3331//4121 3332//4121 3412//4121
f 3331//4121 3412//4121 3411//4121
f 3332//4120 3333//4120 3413//4120
f 3332//4120 3413//4120 3412//4120
f 3333//4119 3334//4119 3414//4119
f 3333//4119 3414//4119 3413//4119
f 3334//4118 3335//4118 3415//4118
f 3334//4118 3415//4118 3414//4118
f 3335//4117 3336//4117 3416//4117
f 3335//4117 3416//4117 3415//4117
f 3336//4116 3337//4116 3417//4116
f 3336//4116 3417//4116 3416//4116
f 3337//4115 3338//4115 3418//4115
f 3337//4115 3418//4115 3417//4115
f 3338//4114 3339//4114 3419//4114
f 3338//4114 3419//4114 3418//4114
f 3339//4113 3340//4113 3420//4113
f 3339//4113 3420//4113 3419//4113
f 3340//4112 3341//4112 3421//4112
f 3340//4112 3421//4112 3420//4112
f 3341//4111 3342//4111 3422//4111
f 3341//4111 3422//4111 3421//4111
f 3342//4110 3343//4110 3423//4110
f 3342//4110 3423//4110 3422//4110
f 3343//4109 3344//4109 3424//4109
f 3343//4109 3424//4109 3423//4109
f 3344//4108 3345//4108 3425//4108
f 3344//4108 3425//4108 3424//4108
f 3345//4107 3346//4107 3426//4107
f 3345//4107 3426//4107 3425//4107
f 3346//4106 3347//4106 3427//4106
f 3346//4106 3427//4106 3426//4106
f 3347//4105 3348//4105 3428//4105
f 3347//4105 3428//4105 3427//4105
f 3348//4104 3349//4104 3429//4104
f 3348//4104 3429//4104 3428//4104
f 3349//4103 3350//4103 3430//4103
f 3349//4103 3430//4103 3429//4103
f 3350//4102 3351//4102 3431//4102
f 3350//4102 3431//4102 3430//4102
f 3351//4101 3352//4101 3432//4101
f 3351//4101 3432//4101 3431//4101
f 3352//4100 3353//4100 3433//4100
f 3352//4100 3433//4100 3432//4100
f 3353//4099 3354//4099 3434//4099
f 3353//4099 3434//4099 3433//4099
f 3354//4098 3355//4098 3435//4098
f 3354//4098 3435//4098 3434//4098
f 3355//4097 3356//4097 3436//4097
f 3355//4097 3436//4097 3435//4097
f 3356//4096 3357//4096 3437//4096
f 3356//4096 3437//4096 3436//4096
f 3357//4095 3358//4095 3438//4095
f 3357//4095 3438//4095 3437//4095
f 3358//4094 3359//4094 3439//4094
f 3358//4094 3439//4094 3438//4094
f 3359//4093 3360//4093 3440//4093
f 3359//4093 3440//4093 3439//4093
f 3362//4132 3361//4132 3441//4132
f 3362//4133 3441//4133 3442//4133
f 3361//4134 3363//4134 3443//4134
f 3361//4135 3443//4135 3441//4135
f 3363//4136 3364//4136 3444//4136
f 3363//4137 3444//4137 3443//4137
f 3364//4138 3365//4138 3445//4138
f 3364//4139 3445//4139 3444//4139
f 3365//4140 3366//4140 3446//4140
f 3365//4141 3446//4141 3445//4141
f 3366//4142 3367//4142 3447//4142
f 3366//4143 3447//4143 3446//4143
f 3367//4144 3368//4144 3448//4144
f 3367//4145 3448//4145 3447//4145
f 3368//4146 3369//4146 3449//4146
f 3368//4147 3449//4147 3448//4147
f 3369//4148 3370//4148 3450//4148
f 3369//4149 3450//4149 3449//4149
f 3370//4150 3371//4150 3451//4150
f 3370//4151 3451//4151 3450//4151
f 3371//4152 3372//4152 3452//4152
f 3371//4153 3452//4153 3451//4153
f 3372//4154 3373//4154 3453//4154
f 3372//4155 3453//4155 3452//4155
f 3373//4156 3374//4156 3454//4156
f 3373//4157 3454//4157 3453//4157
f 3374//4158 3375//4158 3455//4158
f 3374//4159 3455//4159 3454//4159
f 3375//4160 3376//4160 3456//4160
f 3375//4161 3456//4161 3455//4161
f 3376//4162 3377//4162 3457//4162
f 3376//4163 3457//4163 3456//4163
f 3377//4164 3378//4164 3458//4164
f 3377//4165 3458//4165 3457//4165
f 3378//4166 3379//4166 3459//4166
f 3378//4167 3459//4167 3458//4167
f 3379//4168 3380//4168 3460//4168
f 3379//4169 3460//4169 3459//4169
f 3380//4170 3381//4170 3461//4170
f 3380//4171 3461//4171 3460//4171
f 3381//4172 3382//4172 3462//4172
f 3381//4173 3462//4173 3461//4173
f 3382//4174 3383//4174 3463//4174
f 3382//4175 3463//4175 3462//4175
f 3383//4176 3384//4176 3464//4176
f 3383//4177 3464//4177 3463//4177
f 3384//4178 3385//4178 3465//4178
f 3384//4179 3465//4179 3464//4179
f 3385//4180 3386//4180 3466//4180
f 3385//4181 3466//4181 3465//4181
f 3386//4182 3387//4182 3467//4182
f 3386//4183 3467//4183 3466//4183
f 3387//4184 3388//4184 3468//4184
f 3387//4185 3468//4185 3467//4185
f 3388//4186 3389//4186 3469//4186
f 3388//4187 3469//4187 3468//4187
f 3389//4188 3390//4188 3470//4188
f 3389//4189 3470//4189 3469//4189
f 3390//4190 3391//4190 3471//4190
f 3390//4191 3471//4191 3470//4191
f 3391//4192 3392//4192 3472//4192
f 3391//4193 3472//4193 3471//4193
f 3392//4194 3393//4194 3473//4194
f 3392//4195 3473//4195 3472//4195
f 3393//4196 3394//4196 3474//4196
f 3393//4197 3474//4197 3473//4197
f 3394//4198 3395//4198 3475//4198
f 3394//4199 3475//4199 3474//4199
f 3395//4200 3396//4200 3476//4200
f 3395//4201 3476//4201 3475//4201
f 3396//4202 3397//4202 3477//4202
f 3396//4203 3477//4203 3476//4203
f 3397//4204 3398//4204 3478//4204
f 3397//4205 3478//4205 3477//4205
f 3398//4206 3399//4206 3479//4206
f 3398//4207 3479//4207 3478//4207
f 3399//4208 3400//4208 3480//4208
f 3399//4209 3480//4209 3479//4209
f 3400//1489 3401//1489 3481//1489
f 3400//1489 3481//1489 3480//1489
f 3401//4210 3402//4210 3482//4210
f 3401//4211 3482//4211 3481//4211
f 3402//4212 3403//4212 3483//4212
f 3402//4213 3483//4213 3482//4213
f 3403//4214 3404//4214 3484//4214
f 3403//4215 3484//4215 3483//4215
f 3404//4216 3405//4216 3485//4216
f 3404//4217 3485//4217 3484//4217
f 3405//4218 3406//4218 3486//4218
f 3405//4219 3486//4219 3485//4219
f 3406//4220 3407//4220 3487//4220
f 3406//4221 3487//4221 3486//4221
f 3407//4222 3408//4222 3488//4222
f 3407//4223 3488//4223 3487//4223
f 3408//4224 3409//4224 3489//4224
f 3408//4225 3489//4225 3488//4225
f 3409//4226 3410//4226 3490//4226
f 3409//4227 3490//4227 3489//4227
f 3410//4228 3411//4228 3491//4228
f 3410//4229 3491//4229 3490//4229
f 3411//4230 3412//4230 3492//4230
f 3411//4231 3492//4231 3491//4231
f 3412//4232 3413//4232 3493//4232
f 3412//4233 3493//4233 3492//4233
f 3413//4234 3414//4234 3494//4234
f 3413//4235 3494//4235 3493//4235
f 3414//4236 3415//4236 3495//4236
f 3414//4237 3495//4237 3494//4237
f 3415//4238 3416//4238 3496//4238
f 3415//4239 3496//4239 3495//4239
f 3416//4240 3417//4240 3497//4240
f 3416//4241 3497//4241 3496//4241
f 3417//4242 3418//4242 3498//4242
f 3417//4243 3498//4243 3497//4243
f 3418//4244 3419//4244 3499//4244
f 3418//4245 3499//4245 3498//4245
f 3419//4246 3420//4246 3500//4246
f 3419//4247 3500//4247 3499//4247
f 3420//4248 3421//4248 3501//4248
f 3420//4249 3501//4249 3500//4249
f 3421//4250 3422//4250 3502//4250
f 3421//4251 3502//4251 3501//4251
f 3422//4252 3423//4252 3503//4252
f 3422//4253 3503//4253 3502//4253
f 3423//4254 3424//4254 3504//4254
f 3423//4255 3504//4255 3503//4255
f 3424//4256 3425//4256 3505//4256
f 3424//4257 3505//4257 3504//4257
f 3425//4258 3426//4258 3506//4258
f 3425//4259 3506//4259 3505//4259
f 3426//4260 3427//4260 3507//4260
f 3426//4261 3507//4261 3506//4261
f 3427//4262 3428//4262 3508//4262
f 3427//4263 3508//4263 3507//4263
f 3428//4264 3429//4264 3509//4264
f 3428//4265 3509//4265 3508//4265
f 3429//4266 3430//4266 3510//4266
f 3429//4267 3510//4267 3509//4267
f 3430//4268 3431//4268 3511//4268
f 3430//4269 3511//4269 3510//4269
f 3431//4270 3432//4270 3512//4270
f 3431//4271 3512//4271 3511//4271
f 3432//4272 3433//4272 3513//4272
f 3432//4273 3513//4273 3512//4273
f 3433//4274 3434//4274 3514//4274
f 3433//4275 3514//4275 3513//4275
f 3434//4276 3435//4276 3515//4276
f 3434//4277 3515//4277 3514//4277
f 3435//4278 3436//4278 3516//4278
f 3435//4279 3516//4279 3515//4279
f 3436//4280 3437//4280 3517//4280
f 3436//4281 3517//4281 3516//4281
f 3437//4282 3438//4282 3518//4282
f 3437//4283 3518//4283 3517//4283
f 3438//4284 3439//4284 3519//4284
f 3438//4285 3519//4285 3518//4285
f 3439//4286 3440//4286 3520//4286
f 3439//4287 3520//4287 3519//4287
f 3440//784 3362//784 3442//784
f 3440//784 3442//784 3520//784
f 3442//4288 3441//4288 3521//4288
f 3442//4288 3521//4288 3522//4288
f 3441//4289 3443//4289 3523//4289
f 3441//4289 3523//4289 3521//4289
f 3443//4290 3444//4290 3524//4290
f 3443//4290 3524//4290 3523//4290
f 3444//4291 3445//4291 3525//4291
f 3444//4291 3525//4291 3524//4291
f 3445//4292 3446//4292 3526//4292
f 3445//4292 3526//4292 3525//4292
f 3446//4293 3447//4293 3527//4293
f 3446//4293 3527//4293 3526//4293
f 3447//4294 3448//4294 3528//4294
f 3447//4294 3528//4294 3527//4294
f 3448//4295 3449//4295 3529//4295
f 3448//4295 3529//4295 3528//4295
f 3449//4296 3450//4296 3530//4296
f 3449//4296 3530//4296 3529//4296
f 3450//4297 3451//4297 3531//4297
f 3450//4297 3531//4297 3530//4297
f 3451//4298 3452//4298 3532//4298
f 3451//4298 3532//4298 3531//4298
f 3452//4299 3453//4299 3533//4299
f 3452//4299 3533//4299 3532//4299
f 3453//4300 3454//4300 3534//4300
f 3453//4300 3534//4300 3533//4300
f 3454//4301 3455//4301 3535//4301
f 3454//4301 3535//4301 3534//4301
f 3455//4302 3456//4302 3536//4302
f 3455//4302 3536//4302 3535//4302
f 3456//4303 3457//4303 3537//4303
f 3456//4303 3537//4303 3536//4303
f 3457//4304 3458//4304 3538//4304
f 3457//4304 3538//4304 3537//4304
f 3458//4305 3459//4305 3539//4305
f 3458//4305 3539//4305 3538//4305
f 3459//4306 3460//4306 3540//4306
f 3459//4306 3540//4306 3539//4306
f 3460//4112 3461//4112 3541//4112
f 3460//4112 3541//4112 3540//4112
f 3461//4307 3462//4307 3542//4307
f 3461//4307 3542//4307 3541//4307
f 3462//4308 3463//4308 3543//4308
f 3462//4308 3543//4308 3542//4308
f 3463//4309 3464//4309 3544//4309
f 3463//4309 3544//4309 3543//4309
f 3464//807 3465//807 3545//807
f 3464//807 3545//807 3544//807
f 3465//4310 3466//4310 3546//4310
f 3465//4310 3546//4310 3545//4310
f 3466//4311 3467//4311 3547//4311
f 3466//4311 3547//4311 3546//4311
f 3467//4312 3468//4312 3548//4312
f 3467//4312 3548//4312 3547//4312
f 3468//3537 3469//3537 3549//3537
f 3468//3537 3549//3537 3548//3537
f 3469//4313 3470//4313 3550//4313
f 3469//4313 3550//4313 3549//4313
f 3470//4314 3471//4314 3551//4314
f 3470//4314 3551//4314 3550//4314
f 3471//4315 3472//4315 3552//4315
f 3471//4315 3552//4315 3551//4315
f 3472//4316 3473//4316 3553//4316
f 3472//4316 3553//4316 3552//4316
f 3473//4317 3474//4317 3554//4317
f 3473//4317 3554//4317 3553//4317
f 3474//4318 3475//4318 3555//4318
f 3474//4318 3555//4318 3554//4318
f 3475//4319 3476//4319 3556//4319
f 3475//4319 3556//4319 3555//4319
f 3476//4320 3477//4320 3557//4320
f 3476//4320 3557//4320 3556//4320
f 3477//4321 3478//4321 3558//4321
f 3477//4321 3558//4321 3557//4321
f 3478//4322 3479//4322 3559//4322
f 3478//4322 3559//4322 3558//4322
f 3479//4323 3480//4323 3560//4323
f 3479//4323 3560//4323 3559//4323
f 3481//4323 3482//4323 3562//4323
f 3481//4323 3562//4323 3561//4323
f 3482//4322 3483//4322 3563//4322
f 3482//4322 3563//4322 3562//4322
f 3483//4321 3484//4321 3564//4321
f 3483//4321 3564//4321 3563//4321
f 3484//4320 3485//4320 3565//4320
f 3484//4320 3565//4320 3564//4320
f 3485//4319 3486//4319 3566//4319
f 3485//4319 3566//4319 3565//4319
f 3486//4318 3487//4318 3567//4318
f 3486//4318 3567//4318 3566//4318
f 3487//4317 3488//4317 3568//4317
f 3487//4317 3568//4317 3567//4317
f 3488//4316 3489//4316 3569//4316
f 3488//4316 3569//4316 3568//4316
f 3489//4315 3490//4315 3570//4315
f 3489//4315 3570//4315 3569//4315
f 3490//4314 3491//4314 3571//4314
f 3490//4314 3571//4314 3570//4314
f 3491//4313 3492//4313 3572//4313
f 3491//4313 3572//4313 3571//4313
f 3492//3537 3493//3537 3573//3537
f 3492//3537 3573//3537 3572//3537
f 3493//4312 3494//4312 3574//4312
f 3493//4312 3574//4312 3573//4312
f 3494//4311 3495//4311 3575//4311
f 3494//4311 3575//4311 3574//4311
f 3495//4310 3496//4310 3576//4310
f 3495//4310 3576//4310 3575//4310
f 3496//807 3497//807 3577//807
f 3496//807 3577//807 3576//807
f 3497//4309 3498//4309 3578//4309
f 3497//4309 3578//4309 3577//4309
f 3498//4308 3499//4308 3579//4308
f 3498//4308 3579//4308 3578//4308
f 3499//4307 3500//4307 3580//4307
f 3499//4307 3580//4307 3579//4307
f 3500//4112 3501//4112 3581//4112
f 3500//4112 3581//4112 3580//4112
f 3501//4306 3502//4306 3582//4306
f 3501//4306 3582//4306 3581//4306
f 3502//4305 3503//4305 3583//4305
f 3502//4305 3583//4305 3582//4305
f 3503//4304 3504//4304 3584//4304
f 3503//4304 3584//4304 3583//4304
f 3504//4303 3505//4303 3585//4303
f 3504//4303 3585//4303 3584//4303
f 3505//4302 3506//4302 3586//4302
f 3505//4302 3586//4302 3585//4302
f 3506//4301 3507//4301 3587//4301
f 3506//4301 3587//4301 3586//4301
f 3507//4300 3508//4300 3588//4300
f 3507//4300 3588//4300 3587//4300
f 3508//4299 3509//4299 3589//4299
f 3508//4299 3589//4299 3588//4299
f 3509//4298 3510//4298 3590//4298
f 3509//4298 3590//4298 3589//4298
f 3510//4297 3511//4297 3591//4297
f 3510//4297 3591//4297 3590//4297
f 3511//4296 3512//4296 3592//4296
f 3511//4296 3592//4296 3591//4296
f 3512//4295 3513//4295 3593//4295
f 3512//4295 3593//4295 3592//4295
f 3513//4294 3514//4294 3594//4294
f 3513//4294 3594//4294 3593//4294
f 3514//4293 3515//4293 3595//4293
f 3514//4293 3595//4293 3594//4293
f 3515//4292 3516//4292 3596//4292
f 3515//4292 3596//4292 3595//4292
f 3516//4291 3517//4291 3597//4291
f 3516//4291 3597//4291 3596//4291
f 3517//4290 3518//4290 3598//4290
f 3517//4290 3598//4290 3597//4290
f 3518//4289 3519//4289 3599//4289
f 3518//4289 3599//4289 3598//4289
f 3519//4288 3520//4288 3600//4288
f 3519//4288 3600//4288 3599//4288
f 3522//4324 3521//4324 3601//4324
f 3522//4325 3601//4325 3602//4325
f 3521//4326 3523//4326 3603//4326
f 3521//4327 3603//4327 3601//4327
f 3523//4328 3524//4328 3604//4328
f 3523//4329 3604//4329 3603//4329
f 3524//4330 3525//4330 3605//4330
f 3524//4331 3605//4331 3604//4331
f 3525//4332 3526//4332 3606//4332
f 3525//4333 3606//4333 3605//4333
f 3526//4334 3527//4334 3607//4334
f 3526//4335 3607//4335 3606//4335
f 3527//4336 3528//4336 3608//4336
f 3527//4337 3608//4337 3607//4337
f 3528//4338 3529//4338 3609//4338
f 3528//4339 3609//4339 3608//4339
f 3529//4340 3530//4340 3610//4340
f 3529//4341 3610//4341 3609//4341
f 3530//4342 3531//4342 3611//4342
f 3530//4343 3611//4343 3610//4343
f 3531//4344 3532//4344 3612//4344
f 3531//4345 3612//4345 3611//4345
f 3532//4346 3533//4346 3613//4346
f 3532//4347 3613//4347 3612//4347
f 3533//4348 3534//4348 3614//4348
f 3533//4349 3614//4349 3613//4349
f 3534//4350 3535//4350 3615//4350
f 3534//4351 3615//4351 3614//4351
f 3535//4352 3536//4352 3616//4352
f 3535//4353 3616//4353 3615//4353
f 3536//4354 3537//4354 3617//4354
f 3536//4355 3617//4355 3616//4355
f 3537//4356 3538//4356 3618//4356
f 3537//4357 3618//4357 3617//4357
f 3538//4358 3539//4358 3619//4358
f 3538//4359 3619//4359 3618//4359
f 3539//4360 3540//4360 3620//4360
f 3539//4361 3620//4361 3619//4361
f 3540//4362 3541//4362 3621//4362
f 3540//4363 3621//4363 3620//4363
f 3541//4364 3542//4364 3622//4364
f 3541//4365 3622//4365 3621//4365
f 3542//4366 3543//4366 3623//4366
f 3542//4367 3623//4367 3622//4367
f 3543//4368 3544//4368 3624//4368
f 3543//4369 3624//4369 3623//4369
f 3544//4370 3545//4370 3625//4370
f 3544//4371 3625//4371 3624//4371
f 3545//4372 3546//4372 3626//4372
f 3545//4373 3626//4373 3625//4373
f 3546//4374 3547//4374 3627//4374
f 3546//4375 3627//4375 3626//4375
f 3547//4376 3548//4376 3628//4376
f 3547//4377 3628//4377 3627//4377
f 3548//4378 3549//4378 3629//4378
f 3548//4379 3629//4379 3628//4379
f 3549//4380 3550//4380 3630//4380
f 3549//4381 3630//4381 3629//4381
f 3550//4382 3551//4382 3631//4382
f 3550//4383 3631//4383 3630//4383
f 3551//4384 3552//4384 3632//4384
f 3551//4385 3632//4385 3631//4385
f 3552//4386 3553//4386 3633//4386
f 3552//4387 3633//4387 3632//4387
f 3553//4388 3554//4388 3634//4388
f 3553//4389 3634//4389 3633//4389
f 3554//4390 3555//4390 3635//4390
f 3554//4391 3635//4391 3634//4391
f 3555//4392 3556//4392 3636//4392
f 3555//4393 3636//4393 3635//4393
f 3556//4394 3557//4394 3637//4394
f 3556//4395 3637//4395 3636//4395
f 3557//4396 3558//4396 3638//4396
f 3557//4397 3638//4397 3637//4397
f 3558//4398 3559//4398 3639//4398
f 3558//4399 3639//4399 3638//4399
f 3559//4400 3560//4400 3640//4400
f 3559//4401 3640//4401 3639//4401
f 3560//1489 3561//1489 3641//1489
f 3560//1489 3641//1489 3640//1489
f 3561//4402 3562//4402 3642//4402
f 3561//4403 3642//4403 3641//4403
f 3562//4404 3563//4404 3643//4404
f 3562//4405 3643//4405 3642//4405
f 3563//4406 3564//4406 3644//4406
f 3563//4407 3644//4407 3643//4407
f 3564//4408 3565//4408 3645//4408
f 3564//4409 3645//4409 3644//4409
f 3565//4410 3566//4410 3646//4410
f 3565//4411 3646//4411 3645//4411
f 3566//4412 3567//4412 3647//4412
f 3566//4413 3647//4413 3646//4413
f 3567//4414 3568//4414 3648//4414
f 3567//4415 3648//4415 3647//4415
f 3568//4416 3569//4416 3649//4416
f 3568//4417 3649//4417 3648//4417
f 3569//4418 3570//4418 3650//4418
f 3569//4419 3650//4419 3649//4419
f 3570//4420 3571//4420 3651//4420
f 3570//4421 3651//4421 3650//4421
f 3571//4422 3572//4422 3652//4422
f 3571//4423 3652//4423 3651//4423
f 3572//4424 3573//4424 3653//4424
f 3572//4425 3653//4425 3652//4425
f 3573//4426 3574//4426 3654//4426
f 3573//4427 3654//4427 3653//4427
f 3574//4428 3575//4428 3655//4428
f 3574//4429 3655//4429 3654//4429
f 3575//4430 3576//4430 3656//4430
f 3575//4431 3656//4431 3655//4431
f 3576//4432 3577//4432 3657//4432
f 3576//4433 3657//4433 3656//4433
f 3577//4434 3578//4434 3658//4434
f 3577//4435 3658//4435 3657//4435
f 3578//4436 3579//4436 3659//4436
f 3578//4437 3659//4437 3658//4437
f 3579//4438 3580//4438 3660//4438
f 3579//4439 3660//4439 3659//4439
f 3580//4440 3581//4440 3661//4440
f 3580//4441 3661//4441 3660//4441
f 3581//4442 3582//4442 3662//4442
f 3581//4443 3662//4443 3661//4443
f 3582//4444 3583//4444 3663//4444
f 3582//4445 3663//4445 3662//4445
f 3583//4446 3584//4446 3664//4446
f 3583//4447 3664//4447 3663//4447
f 3584//4448 3585//4448 3665//4448
f 3584//4449 3665//4449 3664//4449
f 3585//4450 3586//4450 3666//4450
f 3585//4451 3666//4451 3665//4451
f 3586//4452 3587//4452 3667//4452
f 3586//4453 3667//4453 3666//4453
f 3587//4454 3588//4454 3668//4454
f 3587//4455 3668//4455 3667//4455
f 3588//4456 3589//4456 3669//4456
f 3588//4457 3669//4457 3668//4457
f 3589//4458 3590//4458 3670//4458
f 3589//4459 3670//4459 3669//4459
f 3590//4460 3591//4460 3671//4460
f 3590//4461 3671//4461 3670//4461
f 3591//4462 3592//4462 3672//4462
f 3591//4463 3672//4463 3671//4463
f 3592//4464 3593//4464 3673//4464
f 3592//4465 3673//4465 3672//4465
f 3593//4466 3594//4466 3674//4466
f 3593//4467 3674//4467 3673//4467
f 3594//4468 3595//4468 3675//4468
f 3594//4469 3675//4469 3674//4469
f 3595//4470 3596//4470 3676//4470
f 3595//4471 3676//4471 3675//4471
f 3596//4472 3597//4472 3677//4472
f 3596//4473 3677//4473 3676//4473
f 3597//4474 3598//4474 3678//4474
f 3597//4475 3678//4475 3677//4475
f 3598//4476 3599//4476 3679//4476
f 3598//4477 3679//4477 3678//4477
f 3599//4478 3600//4478 3680//4478
f 3599//4479 3680//4479 3679//4479
f 3600//784 3522//784 3602//784
f 3600//784 3602//784 3680//784
f 3602//4480 3601//4480 3681//4480
f 3602//4480 3681//4480 3682//4480
f 3601//4481 3603//4481 3683//4481
f 3601//4481 3683//4481 3681//4481
f 3603//4482 3604//4482 3684//4482
f 3603//4482 3684//4482 3683//4482
f 3604//4483 3605//4483 3685//4483
f 3604//4483 3685//4483 3684//4483
f 3605//4484 3606//4484 3686//4484
f 3605//4484 3686//4484 3685//4484
f 3606//4485 3607//4485 3687//4485
f 3606//4485 3687//4485 3686//4485
f 3607//4486 3608//4486 3688//4486
f 3607//4486 3688//4486 3687//4486
f 3608//4487 3609//4487 3689//4487
f 3608//4487 3689//4487 3688//4487
f 3609//4488 3610//4488 3690//4488
f 3609//4488 3690//4488 3689//4488
f 3610//4489 3611//4489 3691//4489
f 3610//4489 3691//4489 3690//4489
f 3611//4490 3612//4490 3692//4490
f 3611//4490 3692//4490 3691//4490
f 3612//4491 3613//4491 3693//4491
f 3612//4491 3693//4491 3692//4491
f 3613//4492 3614//4492 3694//4492
f 3613//4492 3694//4492 3693//4492
f 3614//4493 3615//4493 3695//4493
f 3614//4493 3695//4493 3694//4493
f 3615//4494 3616//4494 3696//4494
f 3615//4494 3696//4494 3695//4494
f 3616//4495 3617//4495 3697//4495
f 3616//4495 3697//4495 3696//4495
f 3617//4496 3618//4496 3698//4496
f 3617//4496 3698//4496 3697//4496
f 3618//4497 3619//4497 3699//4497
f 3618//4497 3699//4497 3698//4497
f 3619//4498 3620//4498 3700//4498
f 3619//4498 3700//4498 3699//4498
f 3620//4499 3621//4499 3701//4499
f 3620//4499 3701//4499 3700//4499
f 3621//4500 3622//4500 3702//4500
f 3621//4500 3702//4500 3701//4500
f 3622//4501 3623//4501 3703//4501
f 3622//4501 3703//4501 3702//4501
f 3623//4502 3624//4502 3704//4502
f 3623//4502 3704//4502 3703//4502
f 3624//4503 3625//4503 3705//4503
f 3624//4503 3705//4503 3704//4503
f 3625//4504 3626//4504 3706//4504
f 3625//4504 3706//4504 3705//4504
f 3626//4505 3627//4505 3707//4505
f 3626//4505 3707//4505 3706//4505
f 3627//4506 3628//4506 3708//4506
f 3627//4506 3708//4506 3707//4506
f 3628//4507 3629//4507 3709//4507
f 3628//4507 3709//4507 3708//4507
f 3629//4508 3630//4508 3710//4508
f 3629//4508 3710//4508 3709//4508
f 3630//4509 3631//4509 3711//4509
f 3630//4509 3711//4509 3710//4509
f 3631//4510 3632//4510 3712//4510
f 3631//4510 3712//4510 3711//4510
f 3632//4511 3633//4511 3713//4511
f 3632//4511 3713//4511 3712//4511
f 3633//4512 3634//4512 3714//4512
f 3633//4512 3714//4512 3713//4512
f 3634//4513 3635//4513 3715//4513
f 3634//4513 3715//4513 3714//4513
f 3635//4514 3636//4514 3716//4514
f 3635//4514 3716//4514 3715//4514
f 3636//4515 3637//4515 3717//4515
f 3636//4515 3717//4515 3716//4515
f 3637//4516 3638//4516 3718//4516
f 3637//4516 3718//4516 3717//4516
f 3638//4517 3639//4517 3719//4517
f 3638//4517 3719//4517 3718//4517
f 3639//4518 3640//4518 3720//4518
f 3639//4518 3720//4518 3719//4518
f 3641//4518 3642//4518 3722//4518
f 3641//4518 3722//4518 3721//4518
f 3642//4517 3643//4517 3723//4517
f 3642//4517 3723//4517 3722//4517
f 3643//4516 3644//4516 3724//4516
f 3643//4516 3724//4516 3723//4516
f 3644//4515 3645//4515 3725//4515
f 3644//4515 3725//4515 3724//4515
f 3645//4514 3646//4514 3726//4514
f 3645//4514 3726//4514 3725//4514
f 3646//4513 3647//4513 3727//4513
f 3646//4513 3727//4513 3726//4513
f 3647//4512 3648//4512 3728//4512
f 3647//4512 3728//4512 3727//4512
f 3648//4511 3649//4511 3729//4511
f 3648//4511 3729//4511 3728//4511
f 3649//4510 3650//4510 3730//4510
f 3649//4510 3730//4510 3729//4510
f 3650//4509 3651//4509 3731//4509
f 3650//4509 3731//4509 3730//4509
f 3651//4508 3652//4508 3732//4508
f 3651//4508 3732//4508 3731//4508
f 3652//4507 3653//4507 3733//4507
f 3652//4507 3733//4507 3732//4507
f 3653//4506 3654//4506 3734//4506
f 3653//4506 3734//4506 3733//4506
f 3654//4505 3655//4505 3735//4505
f 3654//4505 3735//4505 3734//4505
f 3655//4504 3656//4504 3736//4504
f 3655//4504 3736//4504 3735//4504
f 3656//4503 3657//4503 3737//4503
f 3656//4503 3737//4503 3736//4503
f 3657//4502 3658//4502 3738//4502
f 3657//4502 3738//4502 3737//4502
f 3658//4501 3659//4501 3739//4501
f 3658//4501 3739//4501 3738//4501
f 3659//4500 3660//4500 3740//4500
f 3659//4500 3740//4500 3739//4500
f 3660//4499 3661//4499 3741//4499
f 3660//4499 3741//4499 3740//4499
f 3661//4498 3662//4498 3742//4498
f 3661//4498 3742//4498 3741//4498
f 3662//4497 3663//4497 3743//4497
f 3662//4497 3743//4497 3742//4497
f 3663//4496 3664//4496 3744//4496
f 3663//4496 3744//4496 3743//4496
f 3664//4495 3665//4495 3745//4495
f 3664//4495 3745//4495 3744//4495
f 3665//4494 3666//4494 3746//4494
f 3665//4494 3746//4494 3745//4494
f 3666//4493 3667//4493 3747//4493
f 3666//4493 3747//4493 3746//4493
f 3667//4492 3668//4492 3748//4492
f 3667//4492 3748//4492 3747//4492
f 3668//4491 3669//4491 3749//4491
f 3668//4491 3749//4491 3748//4491
f 3669//4490 3670//4490 3750//4490
f 3669//4490 3750//4490 3749//4490
f 3670//4489 3671//4489 3751//4489
f 3670//4489 3751//4489 3750//4489
f 3671//4488 3672//4488 3752//4488
f 3671//4488 3752//4488 3751//4488
f 3672//4487 3673//4487 3753//4487
f 3672//4487 3753//4487 3752//4487
f 3673//4486 3674//4486 3754//4486
f 3673//4486 3754//4486 3753//4486
f 3674//4485 3675//4485 3755//4485
f 3674//4485 3755//4485 3754//4485
f 3675//4484 3676//4484 3756//4484
f 3675//4484 3756//4484 3755//4484
f 3676//4483 3677//4483 3757//4483
f 3676//4483 3757//4483 3756//4483
f 3677//4482 3678//4482 3758//4482
f 3677//4482 3758//4482 3757//4482
f 3678//4481 3679//4481 3759//4481
f 3678//4481 3759//4481 3758//4481
f 3679//4480 3680//4480 3760//4480
f 3679//4480 3760//4480 3759//4480
f 3682//4519 3681//4519 3761//4519
f 3682//4520 3761//4520 3762//4520
f 3681//4521 3683//4521 3763//4521
f 3681//4522 3763//4522 3761//4522
f 3683//4523 3684//4523 3764//4523
f 3683//4524 3764//4524 3763//4524
f 3684//4525 3685//4525 3765//4525
f 3684//4526 3765//4526 3764//4526
f 3685//4527 3686//4527 3766//4527
f 3685//4528 3766//4528 3765//4528
f 3686//4529 3687//4529 3767//4529
f 3686//4530 3767//4530 3766//4530
f 3687//4531 3688//4531 3768//4531
f 3687//4532 3768//4532 3767//4532
f 3688//4533 3689//4533 3769//4533
f 3688//4534 3769//4534 3768//4534
f 3689//4535 3690//4535 3770//4535
f 3689//4536 3770//4536 3769//4536
f 3690//4537 3691//4537 3771//4537
f 3690//4538 3771//4538 3770//4538
f 3691//4539 3692//4539 3772//4539
f 3691//4540 3772//4540 3771//4540
f 3692//4541 3693//4541 3773//4541
f 3692//4542 3773//4542 3772//4542
f 3693//4543 3694//4543 3774//4543
f 3693//4544 3774//4544 3773//4544
f 3694//4545 3695//4545 3775//4545
f 3694//4546 3775//4546 3774//4546
f 3695//4547 3696//4547 3776//4547
f 3695//4548 3776//4548 3775//4548
f 3696//4549 3697//4549 3777//4549
f 3696//4550 3777//4550 3776//4550
f 3697//4551 3698//4551 3778//4551
f 3697//4552 3778//4552 3777//4552
f 3698//4553 3699//4553 3779//4553
f 3698//4554 3779//4554 3778//4554
f 3699//4555 3700//4555 3780//4555
f 3699//4556 3780//4556 3779//4556
f 3700//4557 3701//4557 3781//4557
f 3700//4558 3781//4558 3780//4558
f 3701//4559 3702//4559 3782//4559
f 3701//4560 3782//4560 3781//4560
f 3702//4561 3703//4561 3783//4561
f 3702//4562 3783//4562 3782//4562
f 3703//4563 3704//4563 3784//4563
f 3703//4564 3784//4564 3783//4564
f 3704//4565 3705//4565 3785//4565
f 3704//4566 3785//4566 3784//4566
f 3705//4567 3706//4567 3786//4567
f 3705//4568 3786//4568 3785//4568
f 3706//4569 3707//4569 3787//4569
f 3706//4570 3787//4570 3786//4570
f 3707//4571 3708//4571 3788//4571
f 3707//4572 3788//4572 3787//4572
f 3708//4573 3709//4573 3789//4573
f 3708//4574 3789//4574 3788//4574
f 3709//4575 3710//4575 3790//4575
f 3709//4576 3790//4576 3789//4576
f 3710//4577 3711//4577 3791//4577
f 3710//4578 3791//4578 3790//4578
f 3711//4579 3712//4579 3792//4579
f 3711//4580 3792//4580 3791//4580
f 3712//4581 3713//4581 3793//4581
f 3712//4582 3793//4582 3792//4582
f 3713//4583 3714//4583 3794//4583
f 3713//4584 3794//4584 3793//4584
f 3714//4585 3715//4585 3795//4585
f 3714//4586 3795//4586 3794//4586
f 3715//4587 3716//4587 3796//4587
f 3715//4588 3796//4588 3795//4588
f 3716//4589 3717//4589 3797//4589
f 3716//4590 3797//4590 3796//4590
f 3717//4591 3718//4591 3798//4591
f 3717//4592 3798//4592 3797//4592
f 3718//4593 3719//4593 3799//4593
f 3718//4594 3799//4594 3798//4594
f 3719//4595 3720//4595 3800//4595
f 3719//4596 3800//4596 3799//4596
f 3720//1489 3721//1489 3801//1489
f 3720//1489 3801//1489 3800//1489
f 3721//4597 3722//4597 3802//4597
f 3721//4598 3802//4598 3801//4598
f 3722//4599 3723//4599 3803//4599
f 3722//4600 3803//4600 3802//4600
f 3723//4601 3724//4601 3804//4601
f 3723//4602 3804//4602 3803//4602
f 3724//4603 3725//4603 3805//4603
f 3724//4604 3805//4604 3804//4604
f 3725//4605 3726//4605 3806//4605
f 3725//4606 3806//4606 3805//4606
f 3726//4607 3727//4607 3807//4607
f 3726//4608 3807//4608 3806//4608
f 3727//4609 3728//4609 3808//4609
f 3727//4610 3808//4610 3807//4610
f 3728//4611 3729//4611 3809//4611
f 3728//4612 3809//4612 3808//4612
f 3729//4613 3730//4613 3810//4613
f 3729//4614 3810//4614 3809//4614
f 3730//4615 3731//4615 3811//4615
f 3730//4616 3811//4616 3810//4616
f 3731//4617 3732//4617 3812//4617
f 3731//4618 3812//4618 3811//4618
f 3732//4619 3733//4619 3813//4619
f 3732//4620 3813//4620 3812//4620
f 3733//4621 3734//4621 3814//4621
f 3733//4622 3814//4622 3813//4622
f 3734//4623 3735//4623 3815//4623
f 3734//4624 3815//4624 3814//4624
f 3735//4625 3736//4625 3816//4625
f 3735//4626 3816//4626 3815//4626
f 3736//4627 3737//4627 3817//4627
f 3736//4628 3817//4628 3816//4628
f 3737//4629 3738//4629 3818//4629
f 3737//4630 3818//4630 3817//4630
f 3738//4631 3739//4631 3819//4631
f 3738//4632 3819//4632 3818//4632
f 3739//4633 3740//4633 3820//4633
f 3739//4634 3820//4634 3819//4634
f 3740//4635 3741//4635 3821//4635
f 3740//4636 3821//4636 3820//4636
f 3741//4637 3742//4637 3822//4637
f 3741//4638 3822//4638 3821//4638
f 3742//4639 3743//4639 3823//4639
f 3742//4640 3823//4640 3822//4640
f 3743//4641 3744//4641 3824//4641
f 3743//4642 3824//4642 3823//4642
f 3744//4643 3745//4643 3825//4643
f 3744//4644 3825//4644 3824//4644
f 3745//4645 3746//4645 3826//4645
f 3745//4646 3826//4646 3825//4646
f 3746//4647 3747//4647 3827//4647
f 3746//4648 3827//4648 3826//4648
f 3747//4649 3748//4649 3828//4649
f 3747//4650 3828//4650 3827//4650
f 3748//4651 3749//4651 3829//4651
f 3748//4652 3829//4652 3828//4652
f 3749//4653 3750//4653 3830//4653
f 3749//4654 3830//4654 3829//4654
f 3750//4655 3751//4655 3831//4655
f 3750//4656 3831//4656 3830//4656
f 3751//4657 3752//4657 3832//4657
f 3751//4658 3832//4658 3831//4658
f 3752//4659 3753//4659 3833//4659
f 3752//4660 3833//4660 3832//4660
f 3753//4661 3754//4661 3834//4661
f 3753//4662 3834//4662 3833//4662
f 3754//4663 3755//4663 3835//4663
f 3754//4664 3835//4664 3834//4664
f 3755//4665 3756//4665 3836//4665
f 3755//4666 3836//4666 3835//4666
f 3756//4667 3757//4667 3837//4667
f 3756//4668 3837//4668 3836//4668
f 3757//4669 3758//4669 3838//4669
f 3757//4670 3838//4670 3837//4670
f 3758//4671 3759//4671 3839//4671
f 3758//4672 3839//4672 3838//4672
f 3759//4673 3760//4673 3840//4673
f 3759//4674 3840//4674 3839//4674
f 3760//2151 3682//2151 3762//2151
f 3760//2151 3762//2151 3840//2151
f 3762//4675 3761//4675 3841//4675
f 3762//4675 3841//4675 3842//4675
f 3761//4676 3763//4676 3843//4676
f 3761//4676 3843//4676 3841//4676
f 3763//4677 3764//4677 3844//4677
f 3763//4677 3844//4677 3843//4677
f 3764//4678 3765//4678 3845//4678
f 3764//4678 3845//4678 3844//4678
f 3765//4679 3766//4679 3846//4679
f 3765//4679 3846//4679 3845//4679
f 3766//4680 3767//4680 3847//4680
f 3766//4680 3847//4680 3846//4680
f 3767//4681 3768//4681 3848//4681
f 3767//4681 3848//4681 3847//4681
f 3768//4682 3769//4682 3849//4682
f 3768//4682 3849//4682 3848//4682
f 3769//4683 3770//4683 3850//4683
f 3769//4683 3850//4683 3849//4683
f 3770//4684 3771//4684 3851//4684
f 3770//4684 3851//4684 3850//4684
f 3771//4685 3772//4685 3852//4685
f 3771//4685 3852//4685 3851//4685
f 3772//4686 3773//4686 3853//4686
f 3772//4686 3853//4686 3852//4686
f 3773//4687 3774//4687 3854//4687
f 3773//4687 3854//4687 3853//4687
f 3774//4688 3775//4688 3855//4688
f 3774//4688 3855//4688 3854//4688
f 3775//4689 3776//4689 3856//4689
f 3775//4689 3856//4689 3855//4689
f 3776//4690 3777//4690 3857//4690
f 3776//4690 3857//4690 3856//4690
f 3777//4691 3778//4691 3858//4691
f 3777//4691 3858//4691 3857//4691
f 3778//4692 3779//4692 3859//4692
f 3778//4692 3859//4692 3858//4692
f 3779//4693 3780//4693 3860//4693
f 3779//4693 3860//4693 3859//4693
f 3780//4694 3781//4694 3861//4694
f 3780//4694 3861//4694 3860//4694
f 3781//4695 3782//4695 3862//4695
f 3781//4695 3862//4695 3861//4695
f 3782//4696 3783//4696 3863//4696
f 3782//4696 3863//4696 3862//4696
f 3783//4697 3784//4697 3864//4697
f 3783//4697 3864//4697 3863//4697
f 3784//4698 3785//4698 3865//4698
f 3784//4698 3865//4698 3864//4698
f 3785//4699 3786//4699 3866//4699
f 3785//4699 3866//4699 3865//4699
f 3786//4700 3787//4700 3867//4700
f 3786//4700 3867//4700 3866//4700
f 3787//4701 3788//4701 3868//4701
f 3787//4701 3868//4701 3867//4701
f 3788//4702 3789//4702 3869//4702
f 3788//4702 3869//4702 3868//4702
f 3789//4703 3790//4703 3870//4703
f 3789//4703 3870//4703 3869//4703
f 3790//4704 3791//4704 3871//4704
f 3790//4704 3871//4704 3870//4704
f 3791//4705 3792//4705 3872//4705
f 3791//4705 3872//4705 3871//4705
f 3792//4706 3793//4706 3873//4706
f 3792//4706 3873//4706 3872//4706
f 3793//4707 3794//4707 3874//4707
f 3793//4707 3874//4707 3873//4707
f 3794//4708 3795//4708 3875//4708
f 3794//4708 3875//4708 3874//4708
f 3795//4709 3796//4709 3876//4709
f 3795//4709 3876//4709 3875//4709
f 3796//4710 3797//4710 3877//4710
f 3796//4710 3877//4710 3876//4710
f 3797//4711 3798//4711 3878//4711
f 3797//4711 3878//4711 3877//4711
f 3798//4712 3799//4712 3879//4712
f 3798//4712 3879//4712 3878//4712
f 3799//4713 3800//4713 3879//4713
f 3801//4713 3802//4713 3880//4713
f 3802//4712 3803//4712 3881//4712
f 3802//4712 3881//4712 3880//4712
f 3803//4711 3804//4711 3882//4711
f 3803//4711 3882//4711 3881//4711
f 3804//4710 3805//4710 3883//4710
f 3804//4710 3883//4710 3882//4710
f 3805//4709 3806//4709 3884//4709
f 3805//4709 3884//4709 3883//4709
f 3806//4708 3807//4708 3885//4708
f 3806//4708 3885//4708 3884//4708
f 3807//4707 3808//4707 3886//4707
f 3807//4707 3886//4707 3885//4707
f 3808//4706 3809//4706 3887//4706
f 3808//4706 3887//4706 3886//4706
f 3809//4705 3810//4705 3888//4705
f 3809//4705 3888//4705 3887//4705
f 3810//4704 3811//4704 3889//4704
f 3810//4704 3889//4704 3888//4704
f 3811//4703 3812//4703 3890//4703
f 3811//4703 3890//4703 3889//4703
f 3812//4702 3813//4702 3891//4702
f 3812//4702 3891//4702 3890//4702
f 3813//4701 3814//4701 3892//4701
f 3813//4701 3892//4701 3891//4701
f 3814//4700 3815//4700 3893//4700
f 3814//4700 3893//4700 3892//4700
f 3815//4699 3816//4699 3894//4699
f 3815//4699 3894//4699 3893//4699
f 3816//4698 3817//4698 3895//4698
f 3816//4698 3895//4698 3894//4698
f 3817//4697 3818//4697 3896//4697
f 3817//4697 3896//4697 3895//4697
f 3818//4696 3819//4696 3897//4696
f 3818//4696 3897//4696 3896//4696
f 3819//4695 3820//4695 3898//4695
f 3819//4695 3898//4695 3897//4695
f 3820//4694 3821//4694 3899//4694
f 3820//4694 3899//4694 3898//4694
f 3821//4693 3822//4693 3900//4693
f 3821//4693 3900//4693 3899//4693
f 3822//4692 3823//4692 3901//4692
f 3822//4692 3901//4692 3900//4692
f 3823//4691 3824//4691 3902//4691
f 3823//4691 3902//4691 3901//4691
f 3824//4690 3825//4690 3903//4690
f 3824//4690 3903//4690 3902//4690
f 3825//4689 3826//4689 3904//4689
f 3825//4689 3904//4689 3903//4689
f 3826//4688 3827//4688 3905//4688
f 3826//4688 3905//4688 3904//4688
f 3827//4687 3828//4687 3906//4687
f 3827//4687 3906//4687 3905//4687
f 3828//4686 3829//4686 3907//4686
f 3828//4686 3907//4686 3906//4686
f 3829//4685 3830//4685 3908//4685
f 3829//4685 3908//4685 3907//4685
f 3830//4684 3831//4684 3909//4684
f 3830//4684 3909//4684 3908//4684
f 3831//4683 3832//4683 3910//4683
f 3831//4683 3910//4683 3909//4683
f 3832//4682 3833//4682 3911//4682
f 3832//4682 3911//4682 3910//4682
f 3833//4681 3834//4681 3912//4681
f 3833//4681 3912//4681 3911//4681
f 3834//4680 3835//4680 3913//4680
f 3834//4680 3913//4680 3912//4680
f 3835//4679 3836//4679 3914//4679
f 3835//4679 3914//4679 3913//4679
f 3836//4678 3837//4678 3915//4678
f 3836//4678 3915//4678 3914//4678
f 3837//4677 3838//4677 3916//4677
f 3837//4677 3916//4677 3915//4677
f 3838//4676 3839//4676 3917//4676
f 3838//4676 3917//4676 3916//4676
f 3839//4675 3840//4675 3918//4675
f 3839//4675 3918//4675 3917//4675
f 3919//4714 3841//4714 3920//4714
f 3919//4715 3842//4715 3841//4715
f 3920//4716 3843//4716 3921//4716
f 3920//4717 3841//4717 3843//4717
f 3921//4718 3844//4718 3922//4718
f 3921//4719 3843//4719 3844//4719
f 3922//4720 3845//4720 3923//4720
f 3922//4721 3844//4721 3845//4721
f 3923//4722 3846//4722 3924//4722
f 3923//4723 3845//4723 3846//4723
f 3924//4724 3847//4724 3925//4724
f 3924//4725 3846//4725 3847//4725
f 3925//4726 3848//4726 3926//4726
f 3925//4727 3847//4727 3848//4727
f 3926//4728 3849//4728 3927//4728
f 3926//4729 3848//4729 3849//4729
f 3927//4730 3850//4730 3928//4730
f 3927//4731 3849//4731 3850//4731
f 3928//4732 3851//4732 3929//4732
f 3928//4733 3850//4733 3851//4733
f 3929//4734 3852//4734 3930//4734
f 3929//4735 3851//4735 3852//4735
f 3930//4736 3853//4736 3931//4736
f 3930//4737 3852//4737 3853//4737
f 3931//4738 3854//4738 3932//4738
f 3931//4739 3853//4739 3854//4739
f 3932//4740 3855//4740 3933//4740
f 3932//4741 3854//4741 3855//4741
f 3933//4742 3856//4742 3934//4742
f 3933//4743 3855//4743 3856//4743
f 3934//4744 3857//4744 3935//4744
f 3934//4745 3856//4745 3857//4745
f 3935//4746 3858//4746 3936//4746
f 3935//4747 3857//4747 3858//4747
f 3936//4748 3859//4748 3937//4748
f 3936//4749 3858//4749 3859//4749
f 3937//4750 3860//4750 3938//4750
f 3937//4751 3859//4751 3860//4751
f 3938//4752 3861//4752 3939//4752
f 3938//4753 3860//4753 3861//4753
f 3939//4754 3862//4754 3940//4754
f 3939//4755 3861//4755 3862//4755
f 3940//4756 3863//4756 3941//4756
f 3940//4757 3862//4757 3863//4757
f 3941//4758 3864//4758 3942//4758
f 3941//4759 3863//4759 3864//4759
f 3942//4760 3865//4760 3943//4760
f 3942//4761 3864//4761 3865//4761
f 3943//4762 3866//4762 3944//4762
f 3943//4763 3865//4763 3866//4763
f 3944//4764 3867//4764 3945//4764
f 3944//4765 3866//4765 3867//4765
f 3945//4766 3868//4766 3946//4766
f 3945//4767 3867//4767 3868//4767
f 3946//4768 3869//4768 3947//4768
f 3946//4769 3868//4769 3869//4769
f 3947//4770 3870//4770 3948//4770
f 3947//4771 3869//4771 3870//4771
f 3948//4772 3871//4772 3949//4772
f 3948//4773 3870//4773 3871//4773
f 3949//4774 3872//4774 3950//4774
f 3949//4775 3871//4775 3872//4775
f 3950//4776 3873//4776 3951//4776
f 3950//4777 3872//4777 3873//4777
f 3951//4778 3874//4778 3952//4778
f 3951//4779 3873//4779 3874//4779
f 3952//4780 3875//4780 3953//4780
f 3952//4781 3874//4781 3875//4781
f 3953//4782 3876//4782 3954//4782
f 3953//4783 3875//4783 3876//4783
f 3954//4784 3877//4784 3955//4784
f 3954//4785 3876//4785 3877//4785
f 3955//4786 3878//4786 3956//4786
f 3955//4787 3877//4787 3878//4787
f 3956//4788 3879//4788 3957//4788
f 3956//4789 3878//4789 3879//4789
f 3957//4790 3800//4790 3958//4790
f 3957//4791 3879//4791 3800//4791
f 3958//4792 3801//4792 3959//4792
f 3958//4792 3800//4792 3801//4792
f 3959//4793 3880//4793 3960//4793
f 3959//4794 3801//4794 3880//4794
f 3960//4795 3881//4795 3961//4795
f 3960//4796 3880//4796 3881//4796
f 3961//4797 3882//4797 3962//4797
f 3961//4798 3881//4798 3882//4798
f 3962//4799 3883//4799 3963//4799
f 3962//4800 3882//4800 3883//4800
f 3963//4801 3884//4801 3964//4801
f 3963//4802 3883//4802 3884//4802
f 3964//4803 3885//4803 3965//4803
f 3964//4804 3884//4804 3885//4804
f 3965//4805 3886//4805 3966//4805
f 3965//4806 3885//4806 3886//4806
f 3966//4807 3887//4807 3967//4807
f 3966//4808 3886//4808 3887//4808
f 3967//4809 3888//4809 3968//4809
f 3967//4810 3887//4810 3888//4810
f 3968//4811 3889//4811 3969//4811
f 3968//4812 3888//4812 3889//4812
f 3969//4813 3890//4813 3970//4813
f 3969//4814 3889//4814 3890//4814
f 3970//4815 3891//4815 3971//4815
f 3970//4816 3890//4816 3891//4816
f 3971//4817 3892//4817 3972//4817
f 3971//4818 3891//4818 3892//4818
f 3972//4819 3893//4819 3973//4819
f 3972//4820 3892//4820 3893//4820
f 3973//4821 3894//4821 3974//4821
f 3973//4822 3893//4822 3894//4822
f 3974//4823 3895//4823 3975//4823
f 3974//4824 3894//4824 3895//4824
f 3975//4825 3896//4825 3976//4825
f 3975//4826 3895//4826 3896//4826
f 3976//4827 3897//4827 3977//4827
f 3976//4828 3896//4828 3897//4828
f 3977//4829 3898//4829 3978//4829
f 3977//4830 3897//4830 3898//4830
f 3978//4831 3899//4831 3979//4831
f 3978//4832 3898//4832 3899//4832
f 3979//4833 3900//4833 3980//4833
f 3979//4834 3899//4834 3900//4834
f 3980//4835 3901//4835 3981//4835
f 3980//4836 3900//4836 3901//4836
f 3981//4837 3902//4837 3982//4837
f 3981//4838 3901//4838 3902//4838
f 3982//4839 3903//4839 3983//4839
f 3982//4840 3902//4840 3903//4840
f 3983//4841 3904//4841 3984//4841
f 3983//4842 3903//4842 3904//4842
f 3984//4843 3905//4843 3985//4843
f 3984//4844 3904//4844 3905//4844
f 3985//4845 3906//4845 3986//4845
f 3985//4846 3905//4846 3906//4846
f 3986//4847 3907//4847 3987//4847
f 3986//4848 3906//4848 3907//4848
f 3987//4849 3908//4849 3988//4849
f 3987//4850 3907//4850 3908//4850
f 3988//4851 3909//4851 3989//4851
f 3988//4852 3908//4852 3909//4852
f 3989//4853 3910//4853 3990//4853
f 3989//4854 3909//4854 3910//4854
f 3990//4855 3911//4855 3991//4855
f 3990//4856 3910//4856 3911//4856
f 3991//4857 3912//4857 3992//4857
f 3991//4858 3911//4858 3912//4858
f 3992//4859 3913//4859 3993//4859
f 3992//4860 3912//4860 3913//4860
f 3993//4861 3914//4861 3994//4861
f 3993//4862 3913//4862 3914//4862
f 3994//4863 3915//4863 3995//4863
f 3994//4864 3914//4864 3915//4864
f 3995//4865 3916//4865 3996//4865
f 3995//4866 3915//4866 3916//4866
f 3996//4867 3917//4867 3997//4867
f 3996//4868 3916//4868 3917//4868
f 3997//4869 3918//4869 3998//4869
f 3997//4870 3917//4870 3918//4870
f 3998//4871 3842//4871 3919//4871
f 3998//4871 3918//4871 3842//4871
f 3762//4872 3999//4872 4000//4872
f 3762//4872 4000//4872 4001//4872
f 4002//4873 4003//4873 4004//4873
f 4002//4873 4004//4873 3842//4873
f 4001//4874 4000//4874 4003//4874
f 4001//4874 4003//4874 4002//4874
f 4005//4875 4006//4875 4007//4875
f 4005//4875 4007//4875 3840//4875
f 3918//4876 4008//4876 4009//4876
f 3918//4876 4009//4876 4010//4876
f 4010//4874 4009//4874 4006//4874
f 4010//4874 4006//4874 4005//4874
f 3999//4877 4011//4877 4012//4877
f 3999//4877 4012//4877 4000//4877
f 4003//4878 4013//4878 4014//4878
f 4003//4878 4014//4878 4004//4878
f 4000//4874 4012//4874 4013//4874
f 4000//4874 4013//4874 4003//4874
f 4006//4879 4015//4879 4016//4879
f 4006//4879 4016//4879 4007//4879
f 4008//4880 4017//4880 4018//4880
f 4008//4880 4018//4880 4009//4880
f 4009//4874 4018//4874 4015//4874
f 4009//4874 4015//4874 4006//4874
f 4011//4881 4019//4881 4020//4881
f 4011//4881 4020//4881 4012//4881
f 4013//4882 4021//4882 4022//4882
f 4013//4882 4022//4882 4014//4882
f 4012//4874 4020//4874 4021//4874
f 4012//4874 4021//4874 4013//4874
f 4015//4883 4023//4883 4024//4883
f 4015//4883 4024//4883 4016//4883
f 4017//4884 4025//4884 4026//4884
f 4017//4884 4026//4884 4018//4884
f 4018//4874 4026//4874 4023//4874
f 4018//4874 4023//4874 4015//4874
f 4019//4885 4027//4885 4028//4885
f 4019//4885 4028//4885 4020//4885
f 4021//4886 4029//4886 4030//4886
f 4021//4886 4030//4886 4022//4886
f 4020//4874 4028//4874 4029//4874
f 4020//4874 4029//4874 4021//4874
f 4023//4887 4031//4887 4032//4887
f 4023//4887 4032//4887 4024//4887
f 4025//4888 4033//4888 4034//4888
f 4025//4888 4034//4888 4026//4888
f 4026//4874 4034//4874 4031//4874
f 4026//4874 4031//4874 4023//4874
f 4027//4889 4035//4889 4036//4889
f 4027//4889 4036//4889 4028//4889
f 4029//4890 4037//4890 4038//4890
f 4029//4890 4038//4890 4030//4890
f 4028//4874 4036//4874 4037//4874
f 4028//4874 4037//4874 4029//4874
f 4031//4891 4039//4891 4040//4891
f 4031//4891 4040//4891 4032//4891
f 4033//4892 4041//4892 4042//4892
f 4033//4892 4042//4892 4034//4892
f 4034//4874 4042//4874 4039//4874
f 4034//4874 4039//4874 4031//4874
f 4035//4893 4043//4893 4044//4893
f 4035//4893 4044//4893 4036//4893
f 4037//4894 4045//4894 4046//4894
f 4037//4894 4046//4894 4038//4894
f 4036//4874 4044//4874 4045//4874
f 4036//4874 4045//4874 4037//4874
f 4039//4895 4047//4895 4048//4895
f 4039//4895 4048//4895 4040//4895
f 4041//4896 4049//4896 4050//4896
f 4041//4896 4050//4896 4042//4896
f 4042//4874 4050//4874 4047//4874
f 4042//4874 4047//4874 4039//4874
f 4043//4897 4051//4897 4052//4897
f 4043//4897 4052//4897 4044//4897
f 4045//4898 4053//4898 4054//4898
f 4045//4898 4054//4898 4046//4898
f 4044//4874 4052//4874 4053//4874
f 4044//4874 4053//4874 4045//4874
f 4047//4899 4055//4899 4056//4899
f 4047//4899 4056//4899 4048//4899
f 4049//4900 4057//4900 4058//4900
f 4049//4900 4058//4900 4050//4900
f 4050//4874 4058//4874 4055//4874
f 4050//4874 4055//4874 4047//4874
f 4051//4901 4059//4901 4060//4901
f 4051//4901 4060//4901 4052//4901
f 4053//4902 4061//4902 4062//4902
f 4053//4902 4062//4902 4054//4902
f 4052//4874 4060//4874 4061//4874
f 4052//4874 4061//4874 4053//4874
f 4055//4903 4063//4903 4064//4903
f 4055//4903 4064//4903 4056//4903
f 4057//4904 4065//4904 4066//4904
f 4057//4904 4066//4904 4058//4904
f 4058//4874 4066//4874 4063//4874
f 4058//4874 4063//4874 4055//4874
f 4059//4905 4067//4905 4068//4905
f 4059//4905 4068//4905 4060//4905
f 4061//4906 4069//4906 4070//4906
f 4061//4906 4070//4906 4062//4906
f 4060//4874 4068//4874 4069//4874
f 4060//4874 4069//4874 4061//4874
f 4063//4907 4071//4907 4072//4907
f 4063//4907 4072//4907 4064//4907
f 4065//4908 4073//4908 4074//4908
f 4065//4908 4074//4908 4066//4908
f 4066//4874 4074//4874 4071//4874
f 4066//4874 4071//4874 4063//4874
f 4067//4909 4075//4909 4076//4909
f 4067//4909 4076//4909 4068//4909
f 4069//4910 4077//4910 4078//4910
f 4069//4910 4078//4910 4070//4910
f 4068//4874 4076//4874 4077//4874
f 4068//4874 4077//4874 4069//4874
f 4071//4911 4079//4911 4080//4911
f 4071//4911 4080//4911 4072//4911
f 4073//4912 4081//4912 4082//4912
f 4073//4912 4082//4912 4074//4912
f 4074//4874 4082//4874 4079//4874
f 4074//4874 4079//4874 4071//4874
f 4075//4913 4083//4913 4084//4913
f 4075//4913 4084//4913 4076//4913
f 4077//4914 4085//4914 4086//4914
f 4077//4914 4086//4914 4078//4914
f 4076//4874 4084//4874 4085//4874
f 4076//4874 4085//4874 4077//4874
f 4079//4915 4087//4915 4088//4915
f 4079//4915 4088//4915 4080//4915
f 4081//4916 4089//4916 4090//4916
f 4081//4916 4090//4916 4082//4916
f 4082//4874 4090//4874 4087//4874
f 4082//4874 4087//4874 4079//4874
f 4083//4917 4091//4917 4092//4917
f 4083//4917 4092//4917 4084//4917
f 4085//4918 4093//4918 4094//4918
f 4085//4918 4094//4918 4086//4918
f 4084//4874 4092//4874 4093//4874
f 4084//4874 4093//4874 4085//4874
f 4087//4919 4095//4919 4096//4919
f 4087//4919 4096//4919 4088//4919
f 4089//4920 4097//4920 4098//4920
f 4089//4920 4098//4920 4090//4920
f 4090//4874 4098//4874 4095//4874
f 4090//4874 4095//4874 4087//4874
f 4099//4874 4005//4874 4001//4874
f 4099//4874 4001//4874 4100//4874
f 4101//20 4102//20 3762//20
f 4101//20 3762//20 3840//20
f 4102//4921 4100//4921 4001//4921
f 4102//4921 4001//4921 3762//4921
f 4101//4922 3840//4922 4005//4922
f 4101//4922 4005//4922 4099//4922
f 4101//4923 4099//4923 4100//4923
f 4101//4923 4100//4923 4102//4923
f 3840//4924 3762//4924 4001//4924
f 3840//4924 4001//4924 4005//4924
f 4093//4874 4103//4874 4104//4874
f 4093//4874 4104//4874 4092//4874
f 4094//20 4091//20 4105//20
f 4094//20 4105//20 4106//20
f 4091//4921 4092//4921 4104//4921
f 4091//4921 4104//4921 4105//4921
f 4094//4922 4106//4922 4103//4922
f 4094//4922 4103//4922 4093//4922
f 4094//4923 4093//4923 4092//4923
f 4094//4923 4092//4923 4091//4923
f 4106//4924 4105//4924 4104//4924
f 4106//4924 4104//4924 4103//4924
f 4095//4874 4107//4874 4108//4874
f 4095//4874 4108//4874 4098//4874
f 4096//20 4097//20 4109//20
f 4096//20 4109//20 4110//20
f 4097//4921 4098//4921 4108//4921
f 4097//4921 4108//4921 4109//4921
f 4096//4922 4110//4922 4107//4922
f 4096//4922 4107//4922 4095//4922
f 4096//4923 4095//4923 4098//4923
f 4096//4923 4098//4923 4097//4923
f 4110//4924 4109//4924 4108//4924
f 4110//4924 4108//4924 4107//4924
f 4111//4874 4112//4874 4113//4874
f 4111//4874 4113//4874 4114//4874
f 4115//20 4116//20 4117//20
f 4115//20 4117//20 4118//20
f 4116//4921 4114//4921 4113//4921
f 4116//4921 4113//4921 4117//4921
f 4115//4922 4118//4922 4112//4922
f 4115//4922 4112//4922 4111//4922
f 4115//4923 4111//4923 4114//4923
f 4115//4923 4114//4923 4116//4923
f 4118//4924 4117//4924 4113//4924
f 4118//4924 4113//4924 4112//4924
f 4119//4874 4120//4874 4121//4874
f 4119//4874 4121//4874 4122//4874
f 4123//20 4124//20 4125//20
f 4123//20 4125//20 4126//20
f 4124//4921 4122//4921 4121//4921
f 4124//4921 4121//4921 4125//4921
f 4123//4922 4126//4922 4120//4922
f 4123//4922 4120//4922 4119//4922
f 4123//4923 4119//4923 4122//4923
f 4123//4923 4122//4923 4124//4923
f 4126//4924 4125//4924 4121//4924
f 4126//4924 4121//4924 4120//4924
f 4114//4874 4113//4874 4120//4874
f 4114//4874 4120//4874 4119//4874
f 4127//20 4128//20 4129//20
f 4127//20 4129//20 4130//20
f 4128//4921 4119//4921 4120//4921
f 4128//4921 4120//4921 4129//4921
f 4127//4922 4130//4922 4113//4922
f 4127//4922 4113//4922 4114//4922
f 4127//4923 4114//4923 4119//4923
f 4127//4923 4119//4923 4128//4923
f 4130//4924 4129//4924 4120//4924
f 4130//4924 4120//4924 4113//4924
f 4131//4874 4132//4874 4133//4874
f 4131//4874 4133//4874 4134//4874
f 4111//20 4122//20 4121//20
f 4111//20 4121//20 4112//20
f 4122//4921 4134//4921 4133//4921
f 4122//4921 4133//4921 4121//4921
f 4111//4922 4112//4922 4132//4922
f 4111//4922 4132//4922 4131//4922
f 4111//4923 4131//4923 4134//4923
f 4111//4923 4134//4923 4122//4923
f 4112//4924 4121//4924 4133//4924
f 4112//4924 4133//4924 4132//4924
f 4135//4874 4136//4874 4137//4874
f 4135//4874 4137//4874 4138//4874
f 4139//20 4140//20 4141//20
f 4139//20 4141//20 4142//20
f 4140//4921 4138//4921 4137//4921
f 4140//4921 4137//4921 4141//4921
f 4139//4922 4142//4922 4136//4922
f 4139//4922 4136//4922 4135//4922
f 4139//4923 4135//4923 4138//4923
f 4139//4923 4138//4923 4140//4923
f 4142//4924 4141//4924 4137//4924
f 4142//4924 4137//4924 4136//4924
f 4143//4874 4144//4874 4145//4874
f 4143//4874 4145//4874 4146//4874
f 4147//20 4148//20 4149//20
f 4147//20 4149//20 4150//20
f 4148//4921 4146//4921 4145//4921
f 4148//4921 4145//4921 4149//4921
f 4147//4922 4150//4922 4144//4922
f 4147//4922 4144//4922 4143//4922
f 4147//4923 4143//4923 4146//4923
f 4147//4923 4146//4923 4148//4923
f 4150//4924 4149//4924 4145//4924
f 4150//4924 4145//4924 4144//4924
f 4151//4874 4152//4874 4153//4874
f 4151//4874 4153//4874 4154//4874
f 4155//20 4156//20 4157//20
f 4155//20 4157//20 4158//20
f 4156//4921 4154//4921 4153//4921
f 4156//4921 4153//4921 4157//4921
f 4155//4922 4158//4922 4152//4922
f 4155//4922 4152//4922 4151//4922
f 4155//4923 4151//4923 4154//4923
f 4155//4923 4154//4923 4156//4923
f 4158//4924 4157//4924 4153//4924
f 4158//4924 4153//4924 4152//4924
f 4139//4874 4159//4874 4160//4874
f 4139//4874 4160//4874 4161//4874
f 4162//20 4163//20 4164//20
f 4162//20 4164//20 4165//20
f 4163//4921 4161//4921 4160//4921
f 4163//4921 4160//4921 4164//4921
f 4162//4922 4165//4922 4159//4922
f 4162//4922 4159//4922 4139//4922
f 4162//4923 4139//4923 4161//4923
f 4162//4923 4161//4923 4163//4923
f 4165//4924 4164//4924 4160//4924
f 4165//4924 4160//4924 4159//4924
f 4166//4874 4167//4874 4168//4874
f 4166//4874 4168//4874 4140//4874
f 4169//20 4170//20 4171//20
f 4169//20 4171//20 4172//20
f 4170//4921 4140//4921 4168//4921
f 4170//4921 4168//4921 4171//4921
f 4169//4922 4172//4922 4167//4922
f 4169//4922 4167//4922 4166//4922
f 4169//4923 4166//4923 4140//4923
f 4169//4923 4140//4923 4170//4923
f 4172//4924 4171//4924 4168//4924
f 4172//4924 4168//4924 4167//4924
f 4147//4874 4173//4874 4174//4874
f 4147//4874 4174//4874 4175//4874
f 4176//20 4177//20 4178//20
f 4176//20 4178//20 4179//20
f 4177//4921 4175//4921 4174//4921
f 4177//4921 4174//4921 4178//4921
f 4176//4922 4179//4922 4173//4922
f 4176//4922 4173//4922 4147//4922
f 4176//4923 4147//4923 4175//4923
f 4176//4923 4175//4923 4177//4923
f 4179//4924 4178//4924 4174//4924
f 4179//4924 4174//4924 4173//4924
f 4180//4874 4181//4874 4182//4874
f 4180//4874 4182//4874 4183//4874
f 4184//20 4185//20 4186//20
f 4184//20 4186//20 4187//20
f 4185//4921 4183//4921 4182//4921
f 4185//4921 4182//4921 4186//4921
f 4184//4922 4187//4922 4181//4922
f 4184//4922 4181//4922 4180//4922
f 4184//4923 4180//4923 4183//4923
f 4184//4923 4183//4923 4185//4923
f 4187//4924 4186//4924 4182//4924
f 4187//4924 4182//4924 4181//4924
f 4188//4874 4189//4874 4190//4874
f 4188//4874 4190//4874 4191//4874
f 4192//20 4193//20 4194//20
f 4192//20 4194//20 4195//20
f 4193//4921 4191//4921 4190//4921
f 4193//4921 4190//4921 4194//4921
f 4192//4922 4195//4922 4189//4922
f 4192//4922 4189//4922 4188//4922
f 4192//4923 4188//4923 4191//4923
f 4192//4923 4191//4923 4193//4923
f 4195//4924 4194//4924 4190//4924
f 4195//4924 4190//4924 4189//4924
f 4196//4874 4197//4874 4198//4874
f 4196//4874 4198//4874 4199//4874
f 4200//20 4201//20 4202//20
f 4200//20 4202//20 4203//20
f 4201//4921 4199//4921 4198//4921
f 4201//4921 4198//4921 4202//4921
f 4200//4922 4203//4922 4197//4922
f 4200//4922 4197//4922 4196//4922
f 4200//4923 4196//4923 4199//4923
f 4200//4923 4199//4923 4201//4923
f 4203//4924 4202//4924 4198//4924
f 4203//4924 4198//4924 4197//4924
f 4204//4874 4205//4874 4206//4874
f 4204//4874 4206//4874 4207//4874
f 4208//20 4209//20 4210//20
f 4208//20 4210//20 4211//20
f 4209//4921 4207//4921 4206//4921
f 4209//4921 4206//4921 4210//4921
f 4208//4922 4211//4922 4205//4922
f 4208//4922 4205//4922 4204//4922
f 4208//4923 4204//4923 4207//4923
f 4208//4923 4207//4923 4209//4923
f 4211//4924 4210//4924 4206//4924
f 4211//4924 4206//4924 4205//4924
f 4212//4874 4213//4874 4214//4874
f 4212//4874 4214//4874 4215//4874
f 4216//20 4217//20 4218//20
f 4216//20 4218//20 4219//20
f 4217//4921 4215//4921 4214//4921
f 4217//4921 4214//4921 4218//4921
f 4216//4922 4219//4922 4213//4922
f 4216//4922 4213//4922 4212//4922
f 4216//4923 4212//4923 4215//4923
f 4216//4923 4215//4923 4217//4923
f 4219//4924 4218//4924 4214//4924
f 4219//4924 4214//4924 4213//4924
f 4220//4874 4221//4874 4222//4874
f 4220//4874 4222//4874 4148//4874
f 4223//20 4224//20 4225//20
f 4223//20 4225//20 4226//20
f 4224//4921 4148//4921 4222//4921
f 4224//4921 4222//4921 4225//4921
f 4223//4922 4226//4922 4221//4922
f 4223//4922 4221//4922 4220//4922
f 4223//4923 4220//4923 4148//4923
f 4223//4923 4148//4923 4224//4923
f 4226//4924 4225//4924 4222//4924
f 4226//4924 4222//4924 4221//4924
f 4155//4874 4227//4874 4228//4874
f 4155//4874 4228//4874 4229//4874
f 4230//20 4231//20 4232//20
f 4230//20 4232//20 4233//20
f 4231//4921 4229//4921 4228//4921
f 4231//4921 4228//4921 4232//4921
f 4230//4922 4233//4922 4227//4922
f 4230//4922 4227//4922 4155//4922
f 4230//4923 4155//4923 4229//4923
f 4230//4923 4229//4923 4231//4923
f 4233//4924 4232//4924 4228//4924
f 4233//4924 4228//4924 4227//4924
f 4234//4874 4235//4874 4236//4874
f 4234//4874 4236//4874 4156//4874
f 4237//20 4238//20 4239//20
f 4237//20 4239//20 4240//20
f 4238//4921 4156//4921 4236//4921
f 4238//4921 4236//4921 4239//4921
f 4237//4922 4240//4922 4235//4922
f 4237//4922 4235//4922 4234//4922
f 4237//4923 4234//4923 4156//4923
f 4237//4923 4156//4923 4238//4923
f 4240//4924 4239//4924 4236//4924
f 4240//4924 4236//4924 4235//4924
f 4001//4925 4241//4925 4242//4925
f 4001//4925 4242//4925 4243//4925
f 4244//4926 4245//4926 4246//4926
f 4244//4926 4246//4926 4002//4926
f 4243//4874 4242//4874 4245//4874
f 4243//4874 4245//4874 4244//4874
f 4247//4927 4248//4927 4249//4927
f 4247//4927 4249//4927 4005//4927
f 4010//4928 4250//4928 4251//4928
f 4010//4928 4251//4928 4252//4928
f 4252//4874 4251//4874 4248//4874
f 4252//4874 4248//4874 4247//4874
f 4241//4929 4000//4929 4253//4929
f 4241//4929 4253//4929 4242//4929
f 4245//4930 4254//4930 4003//4930
f 4245//4930 4003//4930 4246//4930
f 4242//4874 4253//4874 4254//4874
f 4242//4874 4254//4874 4245//4874
f 4248//4931 4255//4931 4006//4931
f 4248//4931 4006//4931 4249//4931
f 4250//4932 4009//4932 4256//4932
f 4250//4932 4256//4932 4251//4932
f 4251//4874 4256//4874 4255//4874
f 4251//4874 4255//4874 4248//4874
f 4000//4933 4257//4933 4258//4933
f 4000//4933 4258//4933 4253//4933
f 4254//4934 4259//4934 4260//4934
f 4254//4934 4260//4934 4003//4934
f 4253//4874 4258//4874 4259//4874
f 4253//4874 4259//4874 4254//4874
f 4255//4935 4261//4935 4262//4935
f 4255//4935 4262//4935 4006//4935
f 4009//4936 4263//4936 4264//4936
f 4009//4936 4264//4936 4256//4936
f 4256//4874 4264//4874 4261//4874
f 4256//4874 4261//4874 4255//4874
f 4257//4937 4012//4937 4265//4937
f 4257//4937 4265//4937 4258//4937
f 4259//4938 4266//4938 4013//4938
f 4259//4938 4013//4938 4260//4938
f 4258//4874 4265//4874 4266//4874
f 4258//4874 4266//4874 4259//4874
f 4261//4939 4267//4939 4015//4939
f 4261//4939 4015//4939 4262//4939
f 4263//4940 4018//4940 4268//4940
f 4263//4940 4268//4940 4264//4940
f 4264//4874 4268//4874 4267//4874
f 4264//4874 4267//4874 4261//4874
f 4012//4941 4269//4941 4270//4941
f 4012//4941 4270//4941 4265//4941
f 4266//4942 4271//4942 4272//4942
f 4266//4942 4272//4942 4013//4942
f 4265//4874 4270//4874 4271//4874
f 4265//4874 4271//4874 4266//4874
f 4267//4943 4273//4943 4274//4943
f 4267//4943 4274//4943 4015//4943
f 4018//4944 4275//4944 4276//4944
f 4018//4944 4276//4944 4268//4944
f 4268//4874 4276//4874 4273//4874
f 4268//4874 4273//4874 4267//4874
f 4269//4945 4020//4945 4277//4945
f 4269//4945 4277//4945 4270//4945
f 4271//4946 4278//4946 4021//4946
f 4271//4946 4021//4946 4272//4946
f 4270//4874 4277//4874 4278//4874
f 4270//4874 4278//4874 4271//4874
f 4273//4947 4279//4947 4023//4947
f 4273//4947 4023//4947 4274//4947
f 4275//4948 4026//4948 4280//4948
f 4275//4948 4280//4948 4276//4948
f 4276//4874 4280//4874 4279//4874
f 4276//4874 4279//4874 4273//4874
f 4020//4949 4281//4949 4282//4949
f 4020//4949 4282//4949 4277//4949
f 4278//4950 4283//4950 4284//4950
f 4278//4950 4284//4950 4021//4950
f 4277//4874 4282//4874 4283//4874
f 4277//4874 4283//4874 4278//4874
f 4279//4951 4285//4951 4286//4951
f 4279//4951 4286//4951 4023//4951
f 4026//4952 4287//4952 4288//4952
f 4026//4952 4288//4952 4280//4952
f 4280//4874 4288//4874 4285//4874
f 4280//4874 4285//4874 4279//4874
f 4281//4953 4028//4953 4289//4953
f 4281//4953 4289//4953 4282//4953
f 4283//4954 4290//4954 4029//4954
f 4283//4954 4029//4954 4284//4954
f 4282//4874 4289//4874 4290//4874
f 4282//4874 4290//4874 4283//4874
f 4285//4955 4291//4955 4031//4955
f 4285//4955 4031//4955 4286//4955
f 4287//4956 4034//4956 4292//4956
f 4287//4956 4292//4956 4288//4956
f 4288//4874 4292//4874 4291//4874
f 4288//4874 4291//4874 4285//4874
f 4028//4957 4293//4957 4294//4957
f 4028//4957 4294//4957 4289//4957
f 4290//4958 4295//4958 4296//4958
f 4290//4958 4296//4958 4029//4958
f 4289//4874 4294//4874 4295//4874
f 4289//4874 4295//4874 4290//4874
f 4291//4959 4297//4959 4298//4959
f 4291//4959 4298//4959 4031//4959
f 4034//4960 4299//4960 4300//4960
f 4034//4960 4300//4960 4292//4960
f 4292//4874 4300//4874 4297//4874
f 4292//4874 4297//4874 4291//4874
f 4293//4961 4036//4961 4301//4961
f 4293//4961 4301//4961 4294//4961
f 4295//4962 4302//4962 4037//4962
f 4295//4962 4037//4962 4296//4962
f 4294//4874 4301//4874 4302//4874
f 4294//4874 4302//4874 4295//4874
f 4297//4963 4303//4963 4039//4963
f 4297//4963 4039//4963 4298//4963
f 4299//4964 4042//4964 4304//4964
f 4299//4964 4304//4964 4300//4964
f 4300//4874 4304//4874 4303//4874
f 4300//4874 4303//4874 4297//4874
f 4036//4965 4305//4965 4306//4965
f 4036//4965 4306//4965 4301//4965
f 4302//4966 4307//4966 4308//4966
f 4302//4966 4308//4966 4037//4966
f 4301//4874 4306//4874 4307//4874
f 4301//4874 4307//4874 4302//4874
f 4303//4967 4309//4967 4310//4967
f 4303//4967 4310//4967 4039//4967
f 4042//4968 4311//4968 4312//4968
f 4042//4968 4312//4968 4304//4968
f 4304//4874 4312//4874 4309//4874
f 4304//4874 4309//4874 4303//4874
f 4305//4969 4044//4969 4313//4969
f 4305//4969 4313//4969 4306//4969
f 4307//4970 4314//4970 4045//4970
f 4307//4970 4045//4970 4308//4970
f 4306//4874 4313//4874 4314//4874
f 4306//4874 4314//4874 4307//4874
f 4309//4971 4315//4971 4047//4971
f 4309//4971 4047//4971 4310//4971
f 4311//4972 4050//4972 4316//4972
f 4311//4972 4316//4972 4312//4972
f 4312//4874 4316//4874 4315//4874
f 4312//4874 4315//4874 4309//4874
f 4317//4874 4247//4874 4243//4874
f 4317//4874 4243//4874 4318//4874
f 4099//20 4100//20 4001//20
f 4099//20 4001//20 4005//20
f 4100//4921 4318//4921 4243//4921
f 4100//4921 4243//4921 4001//4921
f 4099//4922 4005//4922 4247//4922
f 4099//4922 4247//4922 4317//4922
f 4099//4923 4317//4923 4318//4923
f 4099//4923 4318//4923 4100//4923
f 4005//4924 4001//4924 4243//4924
f 4005//4924 4243//4924 4247//4924
f 4314//4874 4319//4874 4320//4874
f 4314//4874 4320//4874 4313//4874
f 4045//20 4044//20 4321//20
f 4045//20 4321//20 4322//20
f 4044//4921 4313//4921 4320//4921
f 4044//4921 4320//4921 4321//4921
f 4045//4922 4322//4922 4319//4922
f 4045//4922 4319//4922 4314//4922
f 4045//4923 4314//4923 4313//4923
f 4045//4923 4313//4923 4044//4923
f 4322//4924 4321//4924 4320//4924
f 4322//4924 4320//4924 4319//4924
f 4315//4874 4323//4874 4324//4874
f 4315//4874 4324//4874 4316//4874
f 4047//20 4050//20 4325//20
f 4047//20 4325//20 4326//20
f 4050//4921 4316//4921 4324//4921
f 4050//4921 4324//4921 4325//4921
f 4047//4922 4326//4922 4323//4922
f 4047//4922 4323//4922 4315//4922
f 4047//4923 4315//4923 4316//4923
f 4047//4923 4316//4923 4050//4923
f 4326//4924 4325//4924 4324//4924
f 4326//4924 4324//4924 4323//4924
f 4327//4874 4328//4874 4329//4874
f 4327//4874 4329//4874 4330//4874
f 4331//20 4332//20 4333//20
f 4331//20 4333//20 4334//20
f 4332//4921 4330//4921 4329//4921
f 4332//4921 4329//4921 4333//4921
f 4331//4922 4334//4922 4328//4922
f 4331//4922 4328//4922 4327//4922
f 4331//4923 4327//4923 4330//4923
f 4331//4923 4330//4923 4332//4923
f 4334//4924 4333//4924 4329//4924
f 4334//4924 4329//4924 4328//4924
f 4335//4874 4336//4874 4337//4874
f 4335//4874 4337//4874 4338//4874
f 4339//20 4340//20 4341//20
f 4339//20 4341//20 4342//20
f 4340//4921 4338//4921 4337//4921
f 4340//4921 4337//4921 4341//4921
f 4339//4922 4342//4922 4336//4922
f 4339//4922 4336//4922 4335//4922
f 4339//4923 4335//4923 4338//4923
f 4339//4923 4338//4923 4340//4923
f 4342//4924 4341//4924 4337//4924
f 4342//4924 4337//4924 4336//4924
f 4330//4874 4329//4874 4336//4874
f 4330//4874 4336//4874 4335//4874
f 4343//20 4344//20 4345//20
f 4343//20 4345//20 4346//20
f 4344//4921 4335//4921 4336//4921
f 4344//4921 4336//4921 4345//4921
f 4343//4922 4346//4922 4329//4922
f 4343//4922 4329//4922 4330//4922
f 4343//4923 4330//4923 4335//4923
f 4343//4923 4335//4923 4344//4923
f 4346//4924 4345//4924 4336//4924
f 4346//4924 4336//4924 4329//4924
f 4347//4874 4348//4874 4349//4874
f 4347//4874 4349//4874 4350//4874
f 4327//20 4338//20 4337//20
f 4327//20 4337//20 4328//20
f 4338//4921 4350//4921 4349//4921
f 4338//4921 4349//4921 4337//4921
f 4327//4922 4328//4922 4348//4922
f 4327//4922 4348//4922 4347//4922
f 4327//4923 4347//4923 4350//4923
f 4327//4923 4350//4923 4338//4923
f 4328//4924 4337//4924 4349//4924
f 4328//4924 4349//4924 4348//4924
f 4351//4874 4352//4874 4353//4874
f 4351//4874 4353//4874 4354//4874
f 4355//20 4356//20 4357//20
f 4355//20 4357//20 4358//20
f 4356//4921 4354//4921 4353//4921
f 4356//4921 4353//4921 4357//4921
f 4355//4922 4358//4922 4352//4922
f 4355//4922 4352//4922 4351//4922
f 4355//4923 4351//4923 4354//4923
f 4355//4923 4354//4923 4356//4923
f 4358//4924 4357//4924 4353//4924
f 4358//4924 4353//4924 4352//4924
f 4359//4874 4360//4874 4361//4874
f 4359//4874 4361//4874 4362//4874
f 4363//20 4364//20 4365//20
f 4363//20 4365//20 4366//20
f 4364//4921 4362//4921 4361//4921
f 4364//4921 4361//4921 4365//4921
f 4363//4922 4366//4922 4360//4922
f 4363//4922 4360//4922 4359//4922
f 4363//4923 4359//4923 4362//4923
f 4363//4923 4362//4923 4364//4923
f 4366//4924 4365//4924 4361//4924
f 4366//4924 4361//4924 4360//4924
f 4367//4874 4368//4874 4369//4874
f 4367//4874 4369//4874 4370//4874
f 4371//20 4372//20 4373//20
f 4371//20 4373//20 4374//20
f 4372//4921 4370//4921 4369//4921
f 4372//4921 4369//4921 4373//4921
f 4371//4922 4374//4922 4368//4922
f 4371//4922 4368//4922 4367//4922
f 4371//4923 4367//4923 4370//4923
f 4371//4923 4370//4923 4372//4923
f 4374//4924 4373//4924 4369//4924
f 4374//4924 4369//4924 4368//4924
f 4355//4874 4375//4874 4376//4874
f 4355//4874 4376//4874 4377//4874
f 4347//20 4378//20 4379//20
f 4347//20 4379//20 4380//20
f 4378//4921 4377//4921 4376//4921
f 4378//4921 4376//4921 4379//4921
f 4347//4922 4380//4922 4375//4922
f 4347//4922 4375//4922 4355//4922
f 4347//4923 4355//4923 4377//4923
f 4347//4923 4377//4923 4378//4923
f 4380//4924 4379//4924 4376//4924
f 4380//4924 4376//4924 4375//4924
f 4381//4874 4382//4874 4383//4874
f 4381//4874 4383//4874 4356//4874
f 4384//20 4385//20 4386//20
f 4384//20 4386//20 4387//20
f 4385//4921 4356//4921 4383//4921
f 4385//4921 4383//4921 4386//4921
f 4384//4922 4387//4922 4382//4922
f 4384//4922 4382//4922 4381//4922
f 4384//4923 4381//4923 4356//4923
f 4384//4923 4356//4923 4385//4923
f 4387//4924 4386//4924 4383//4924
f 4387//4924 4383//4924 4382//4924
f 4363//4874 4388//4874 4389//4874
f 4363//4874 4389//4874 4390//4874
f 4391//20 4392//20 4393//20
f 4391//20 4393//20 4394//20
f 4392//4921 4390//4921 4389//4921
f 4392//4921 4389//4921 4393//4921
f 4391//4922 4394//4922 4388//4922
f 4391//4922 4388//4922 4363//4922
f 4391//4923 4363//4923 4390//4923
f 4391//4923 4390//4923 4392//4923
f 4394//4924 4393//4924 4389//4924
f 4394//4924 4389//4924 4388//4924
f 4395//4874 4396//4874 4397//4874
f 4395//4874 4397//4874 4398//4874
f 4399//20 4400//20 4401//20
f 4399//20 4401//20 4402//20
f 4400//4921 4398//4921 4397//4921
f 4400//4921 4397//4921 4401//4921
f 4399//4922 4402//4922 4396//4922
f 4399//4922 4396//4922 4395//4922
f 4399//4923 4395//4923 4398//4923
f 4399//4923 4398//4923 4400//4923
f 4402//4924 4401//4924 4397//4924
f 4402//4924 4397//4924 4396//4924
f 4403//4874 4404//4874 4405//4874
f 4403//4874 4405//4874 4406//4874
f 4407//20 4408//20 4409//20
f 4407//20 4409//20 4410//20
f 4408//4921 4406//4921 4405//4921
f 4408//4921 4405//4921 4409//4921
f 4407//4922 4410//4922 4404//4922
f 4407//4922 4404//4922 4403//4922
f 4407//4923 4403//4923 4406//4923
f 4407//4923 4406//4923 4408//4923
f 4410//4924 4409//4924 4405//4924
f 4410//4924 4405//4924 4404//4924
f 4411//4874 4412//4874 4413//4874
f 4411//4874 4413//4874 4414//4874
f 4415//20 4416//20 4417//20
f 4415//20 4417//20 4418//20
f 4416//4921 4414//4921 4413//4921
f 4416//4921 4413//4921 4417//4921
f 4415//4922 4418//4922 4412//4922
f 4415//4922 4412//4922 4411//4922
f 4415//4923 4411//4923 4414//4923
f 4415//4923 4414//4923 4416//4923
f 4418//4924 4417//4924 4413//4924
f 4418//4924 4413//4924 4412//4924
f 4419//4874 4420//4874 4421//4874
f 4419//4874 4421//4874 4364//4874
f 4422//20 4423//20 4424//20
f 4422//20 4424//20 4425//20
f 4423//4921 4364//4921 4421//4921
f 4423//4921 4421//4921 4424//4921
f 4422//4922 4425//4922 4420//4922
f 4422//4922 4420//4922 4419//4922
f 4422//4923 4419//4923 4364//4923
f 4422//4923 4364//4923 4423//4923
f 4425//4924 4424//4924 4421//4924
f 4425//4924 4421//4924 4420//4924
f 4371//4874 4426//4874 4427//4874
f 4371//4874 4427//4874 4428//4874
f 4429//20 4430//20 4431//20
f 4429//20 4431//20 4432//20
f 4430//4921 4428//4921 4427//4921
f 4430//4921 4427//4921 4431//4921
f 4429//4922 4432//4922 4426//4922
f 4429//4922 4426//4922 4371//4922
f 4429//4923 4371//4923 4428//4923
f 4429//4923 4428//4923 4430//4923
f 4432//4924 4431//4924 4427//4924
f 4432//4924 4427//4924 4426//4924
f 4433//4874 4434//4874 4435//4874
f 4433//4874 4435//4874 4372//4874
f 4436//20 4350//20 4437//20
f 4436//20 4437//20 4438//20
f 4350//4921 4372//4921 4435//4921
f 4350//4921 4435//4921 4437//4921
f 4436//4922 4438//4922 4434//4922
f 4436//4922 4434//4922 4433//4922
f 4436//4923 4433//4923 4372//4923
f 4436//4923 4372//4923 4350//4923
f 4438//4924 4437//4924 4435//4924
f 4438//4924 4435//4924 4434//4924
f 4439//4973 4440//4973 4441//4973
f 4439//4973 4441//4973 4442//4973
f 4443//4974 4444//4974 4445//4974
f 4443//4974 4445//4974 4446//4974
f 4442//4874 4441//4874 4444//4874
f 4442//4874 4444//4874 4443//4874
f 4447//4975 4448//4975 4449//4975
f 4447//4975 4449//4975 4450//4975
f 4451//4976 4452//4976 4453//4976
f 4451//4976 4453//4976 4454//4976
f 4454//4874 4453//4874 4448//4874
f 4454//4874 4448//4874 4447//4874
f 4440//4977 4455//4977 4456//4977
f 4440//4977 4456//4977 4441//4977
f 4444//4978 4457//4978 4458//4978
f 4444//4978 4458//4978 4445//4978
f 4441//4874 4456//4874 4457//4874
f 4441//4874 4457//4874 4444//4874
f 4448//4979 4459//4979 4460//4979
f 4448//4979 4460//4979 4449//4979
f 4452//4980 4461//4980 4462//4980
f 4452//4980 4462//4980 4453//4980
f 4453//4874 4462//4874 4459//4874
f 4453//4874 4459//4874 4448//4874
f 4455//4981 4463//4981 4464//4981
f 4455//4981 4464//4981 4456//4981
f 4457//4982 4465//4982 4466//4982
f 4457//4982 4466//4982 4458//4982
f 4456//4874 4464//4874 4465//4874
f 4456//4874 4465//4874 4457//4874
f 4459//4983 4467//4983 4468//4983
f 4459//4983 4468//4983 4460//4983
f 4461//4984 4469//4984 4470//4984
f 4461//4984 4470//4984 4462//4984
f 4462//4874 4470//4874 4467//4874
f 4462//4874 4467//4874 4459//4874
f 4463//4985 4471//4985 4472//4985
f 4463//4985 4472//4985 4464//4985
f 4465//4986 4473//4986 4474//4986
f 4465//4986 4474//4986 4466//4986
f 4464//4874 4472//4874 4473//4874
f 4464//4874 4473//4874 4465//4874
f 4467//4987 4475//4987 4476//4987
f 4467//4987 4476//4987 4468//4987
f 4469//4988 4477//4988 4478//4988
f 4469//4988 4478//4988 4470//4988
f 4470//4874 4478//4874 4475//4874
f 4470//4874 4475//4874 4467//4874
f 4471//4989 4479//4989 4480//4989
f 4471//4989 4480//4989 4472//4989
f 4473//4990 4481//4990 4482//4990
f 4473//4990 4482//4990 4474//4990
f 4472//4874 4480//4874 4481//4874
f 4472//4874 4481//4874 4473//4874
f 4475//4991 4483//4991 4484//4991
f 4475//4991 4484//4991 4476//4991
f 4477//4992 4485//4992 4486//4992
f 4477//4992 4486//4992 4478//4992
f 4478//4874 4486//4874 4483//4874
f 4478//4874 4483//4874 4475//4874
f 4479//4993 4487//4993 4488//4993
f 4479//4993 4488//4993 4480//4993
f 4481//4994 4489//4994 4490//4994
f 4481//4994 4490//4994 4482//4994
f 4480//4874 4488//4874 4489//4874
f 4480//4874 4489//4874 4481//4874
f 4483//4995 4491//4995 4492//4995
f 4483//4995 4492//4995 4484//4995
f 4485//4996 4493//4996 4494//4996
f 4485//4996 4494//4996 4486//4996
f 4486//4874 4494//4874 4491//4874
f 4486//4874 4491//4874 4483//4874
f 4487//4997 4495//4997 4496//4997
f 4487//4997 4496//4997 4488//4997
f 4489//4998 4497//4998 4498//4998
f 4489//4998 4498//4998 4490//4998
f 4488//4874 4496//4874 4497//4874
f 4488//4874 4497//4874 4489//4874
f 4491//4999 4499//4999 4500//4999
f 4491//4999 4500//4999 4492//4999
f 4493//5000 4501//5000 4502//5000
f 4493//5000 4502//5000 4494//5000
f 4494//4874 4502//4874 4499//4874
f 4494//4874 4499//4874 4491//4874
f 4495//5001 4503//5001 4504//5001
f 4495//5001 4504//5001 4496//5001
f 4497//5002 4505//5002 4506//5002
f 4497//5002 4506//5002 4498//5002
f 4496//4874 4504//4874 4505//4874
f 4496//4874 4505//4874 4497//4874
f 4499//5003 4507//5003 4508//5003
f 4499//5003 4508//5003 4500//5003
f 4501//5004 4509//5004 4510//5004
f 4501//5004 4510//5004 4502//5004
f 4502//4874 4510//4874 4507//4874
f 4502//4874 4507//4874 4499//4874
f 4503//5005 4511//5005 4512//5005
f 4503//5005 4512//5005 4504//5005
f 4505//5006 4513//5006 4514//5006
f 4505//5006 4514//5006 4506//5006
f 4504//4874 4512//4874 4513//4874
f 4504//4874 4513//4874 4505//4874
f 4507//5007 4515//5007 4516//5007
f 4507//5007 4516//5007 4508//5007
f 4509//5008 4517//5008 4518//5008
f 4509//5008 4518//5008 4510//5008
f 4510//4874 4518//4874 4515//4874
f 4510//4874 4515//4874 4507//4874
f 4511//5009 4519//5009 4520//5009
f 4511//5009 4520//5009 4512//5009
f 4513//5010 4521//5010 4522//5010
f 4513//5010 4522//5010 4514//5010
f 4512//4874 4520//4874 4521//4874
f 4512//4874 4521//4874 4513//4874
f 4515//5011 4523//5011 4524//5011
f 4515//5011 4524//5011 4516//5011
f 4517//5012 4525//5012 4526//5012
f 4517//5012 4526//5012 4518//5012
f 4518//4874 4526//4874 4523//4874
f 4518//4874 4523//4874 4515//4874
f 4519//5013 4527//5013 4528//5013
f 4519//5013 4528//5013 4520//5013
f 4521//5014 4529//5014 4530//5014
f 4521//5014 4530//5014 4522//5014
f 4520//4874 4528//4874 4529//4874
f 4520//4874 4529//4874 4521//4874
f 4523//5015 4531//5015 4532//5015
f 4523//5015 4532//5015 4524//5015
f 4525//5016 4533//5016 4534//5016
f 4525//5016 4534//5016 4526//5016
f 4526//4874 4534//4874 4531//4874
f 4526//4874 4531//4874 4523//4874
f 4527//5017 3800//5017 4528//5017
f 4529//5018 4535//5018 4530//5018
f 4528//4874 3800//4874 4535//4874
f 4528//4874 4535//4874 4529//4874
f 4531//5019 3801//5019 4532//5019
f 4533//5020 4536//5020 4534//5020
f 4534//4874 4536//4874 3801//4874
f 4534//4874 3801//4874 4531//4874
f 4537//4874 4443//4874 4442//4874
f 4537//4874 4442//4874 4538//4874
f 4539//20 4540//20 4439//20
f 4539//20 4439//20 4446//20
f 4540//4921 4538//4921 4442//4921
f 4540//4921 4442//4921 4439//4921
f 4539//4922 4446//4922 4443//4922
f 4539//4922 4443//4922 4537//4922
f 4539//4923 4537//4923 4538//4923
f 4539//4923 4538//4923 4540//4923
f 4446//4924 4439//4924 4442//4924
f 4446//4924 4442//4924 4443//4924
f 4541//4874 4447//4874 4454//4874
f 4541//4874 4454//4874 4542//4874
f 4543//20 4544//20 4451//20
f 4543//20 4451//20 4450//20
f 4544//4921 4542//4921 4454//4921
f 4544//4921 4454//4921 4451//4921
f 4543//4922 4450//4922 4447//4922
f 4543//4922 4447//4922 4541//4922
f 4543//4923 4541//4923 4542//4923
f 4543//4923 4542//4923 4544//4923
f 4450//4924 4451//4924 4454//4924
f 4450//4924 4454//4924 4447//4924
f 4545//4874 4546//4874 4547//4874
f 4545//4874 4547//4874 4548//4874
f 4549//20 4550//20 4551//20
f 4549//20 4551//20 4552//20
f 4550//4921 4548//4921 4547//4921
f 4550//4921 4547//4921 4551//4921
f 4549//4922 4552//4922 4546//4922
f 4549//4922 4546//4922 4545//4922
f 4549//4923 4545//4923 4548//4923
f 4549//4923 4548//4923 4550//4923
f 4552//4924 4551//4924 4547//4924
f 4552//4924 4547//4924 4546//4924
f 4553//4874 4554//4874 4555//4874
f 4553//4874 4555//4874 4556//4874
f 4557//20 4558//20 4559//20
f 4557//20 4559//20 4560//20
f 4558//4921 4556//4921 4555//4921
f 4558//4921 4555//4921 4559//4921
f 4557//4922 4560//4922 4554//4922
f 4557//4922 4554//4922 4553//4922
f 4557//4923 4553//4923 4556//4923
f 4557//4923 4556//4923 4558//4923
f 4560//4924 4559//4924 4555//4924
f 4560//4924 4555//4924 4554//4924
f 4548//4874 4547//4874 4554//4874
f 4548//4874 4554//4874 4553//4874
f 4561//20 4562//20 4563//20
f 4561//20 4563//20 4564//20
f 4562//4921 4553//4921 4554//4921
f 4562//4921 4554//4921 4563//4921
f 4561//4922 4564//4922 4547//4922
f 4561//4922 4547//4922 4548//4922
f 4561//4923 4548//4923 4553//4923
f 4561//4923 4553//4923 4562//4923
f 4564//4924 4563//4924 4554//4924
f 4564//4924 4554//4924 4547//4924
f 4565//4874 4566//4874 4567//4874
f 4565//4874 4567//4874 4568//4874
f 4545//20 4556//20 4555//20
f 4545//20 4555//20 4546//20
f 4556//4921 4568//4921 4567//4921
f 4556//4921 4567//4921 4555//4921
f 4545//4922 4546//4922 4566//4922
f 4545//4922 4566//4922 4565//4922
f 4545//4923 4565//4923 4568//4923
f 4545//4923 4568//4923 4556//4923
f 4546//4924 4555//4924 4567//4924
f 4546//4924 4567//4924 4566//4924
f 4569//4874 4570//4874 4571//4874
f 4569//4874 4571//4874 4572//4874
f 4573//20 4574//20 4575//20
f 4573//20 4575//20 4576//20
f 4574//4921 4572//4921 4571//4921
f 4574//4921 4571//4921 4575//4921
f 4573//4922 4576//4922 4570//4922
f 4573//4922 4570//4922 4569//4922
f 4573//4923 4569//4923 4572//4923
f 4573//4923 4572//4923 4574//4923
f 4576//4924 4575//4924 4571//4924
f 4576//4924 4571//4924 4570//4924
f 4577//4874 4578//4874 4579//4874
f 4577//4874 4579//4874 4580//4874
f 4581//20 4582//20 4583//20
f 4581//20 4583//20 4584//20
f 4582//4921 4580//4921 4579//4921
f 4582//4921 4579//4921 4583//4921
f 4581//4922 4584//4922 4578//4922
f 4581//4922 4578//4922 4577//4922
f 4581//4923 4577//4923 4580//4923
f 4581//4923 4580//4923 4582//4923
f 4584//4924 4583//4924 4579//4924
f 4584//4924 4579//4924 4578//4924
f 4585//4874 4586//4874 4587//4874
f 4585//4874 4587//4874 4588//4874
f 4589//20 4590//20 4591//20
f 4589//20 4591//20 4592//20
f 4590//4921 4588//4921 4587//4921
f 4590//4921 4587//4921 4591//4921
f 4589//4922 4592//4922 4586//4922
f 4589//4922 4586//4922 4585//4922
f 4589//4923 4585//4923 4588//4923
f 4589//4923 4588//4923 4590//4923
f 4592//4924 4591//4924 4587//4924
f 4592//4924 4587//4924 4586//4924
f 4593//4874 4576//4874 4594//4874
f 4593//4874 4594//4874 4595//4874
f 4596//20 4597//20 4598//20
f 4596//20 4598//20 4599//20
f 4597//4921 4595//4921 4594//4921
f 4597//4921 4594//4921 4598//4921
f 4596//4922 4599//4922 4576//4922
f 4596//4922 4576//4922 4593//4922
f 4596//4923 4593//4923 4595//4923
f 4596//4923 4595//4923 4597//4923
f 4599//4924 4598//4924 4594//4924
f 4599//4924 4594//4924 4576//4924
f 4600//4874 4601//4874 4575//4874
f 4600//4874 4575//4874 4602//4874
f 4603//20 4604//20 4605//20
f 4603//20 4605//20 4606//20
f 4604//4921 4602//4921 4575//4921
f 4604//4921 4575//4921 4605//4921
f 4603//4922 4606//4922 4601//4922
f 4603//4922 4601//4922 4600//4922
f 4603//4923 4600//4923 4602//4923
f 4603//4923 4602//4923 4604//4923
f 4606//4924 4605//4924 4575//4924
f 4606//4924 4575//4924 4601//4924
f 4607//4874 4584//4874 4608//4874
f 4607//4874 4608//4874 4609//4874
f 4610//20 4611//20 4612//20
f 4610//20 4612//20 4613//20
f 4611//4921 4609//4921 4608//4921
f 4611//4921 4608//4921 4612//4921
f 4610//4922 4613//4922 4584//4922
f 4610//4922 4584//4922 4607//4922
f 4610//4923 4607//4923 4609//4923
f 4610//4923 4609//4923 4611//4923
f 4613//4924 4612//4924 4608//4924
f 4613//4924 4608//4924 4584//4924
f 4614//4874 4615//4874 4616//4874
f 4614//4874 4616//4874 4617//4874
f 4618//20 4619//20 4620//20
f 4618//20 4620//20 4621//20
f 4619//4921 4617//4921 4616//4921
f 4619//4921 4616//4921 4620//4921
f 4618//4922 4621//4922 4615//4922
f 4618//4922 4615//4922 4614//4922
f 4618//4923 4614//4923 4617//4923
f 4618//4923 4617//4923 4619//4923
f 4621//4924 4620//4924 4616//4924
f 4621//4924 4616//4924 4615//4924
f 4622//4874 4623//4874 4624//4874
f 4622//4874 4624//4874 4625//4874
f 4626//20 4627//20 4628//20
f 4626//20 4628//20 4629//20
f 4627//4921 4625//4921 4624//4921
f 4627//4921 4624//4921 4628//4921
f 4626//4922 4629//4922 4623//4922
f 4626//4922 4623//4922 4622//4922
f 4626//4923 4622//4923 4625//4923
f 4626//4923 4625//4923 4627//4923
f 4629//4924 4628//4924 4624//4924
f 4629//4924 4624//4924 4623//4924
f 4630//4874 4631//4874 4583//4874
f 4630//4874 4583//4874 4632//4874
f 4633//20 4634//20 4635//20
f 4633//20 4635//20 4636//20
f 4634//4921 4632//4921 4583//4921
f 4634//4921 4583//4921 4635//4921
f 4633//4922 4636//4922 4631//4922
f 4633//4922 4631//4922 4630//4922
f 4633//4923 4630//4923 4632//4923
f 4633//4923 4632//4923 4634//4923
f 4636//4924 4635//4924 4583//4924
f 4636//4924 4583//4924 4631//4924
f 4637//4874 4592//4874 4638//4874
f 4637//4874 4638//4874 4639//4874
f 4640//20 4641//20 4642//20
f 4640//20 4642//20 4643//20
f 4641//4921 4639//4921 4638//4921
f 4641//4921 4638//4921 4642//4921
f 4640//4922 4643//4922 4592//4922
f 4640//4922 4592//4922 4637//4922
f 4640//4923 4637//4923 4639//4923
f 4640//4923 4639//4923 4641//4923
f 4643//4924 4642//4924 4638//4924
f 4643//4924 4638//4924 4592//4924
f 4644//4874 4645//4874 4591//4874
f 4644//4874 4591//4874 4646//4874
f 4647//20 4648//20 4649//20
f 4647//20 4649//20 4650//20
f 4648//4921 4646//4921 4591//4921
f 4648//4921 4591//4921 4649//4921
f 4647//4922 4650//4922 4645//4922
f 4647//4922 4645//4922 4644//4922
f 4647//4923 4644//4923 4646//4923
f 4647//4923 4646//4923 4648//4923
f 4650//4924 4649//4924 4591//4924
f 4650//4924 4591//4924 4645//4924
usemtl deck
f 3919//4874 3997//4874 3998//4874
f 3919//4874 3920//4874 3997//4874
f 3920//4874 3996//4874 3997//4874
f 3920//4874 3921//4874 3996//4874
f 3921//4874 3995//4874 3996//4874
f 3921//4874 3922//4874 3995//4874
f 3922//4874 3994//4874 3995//4874
f 3922//4874 3923//4874 3994//4874
f 3923//4874 3993//4874 3994//4874
f 3923//4874 3924//4874 3993//4874
f 3924//4874 3992//4874 3993//4874
f 3924//4874 3925//4874 3992//4874
f 3925//4874 3991//4874 3992//4874
f 3925//4874 3926//4874 3991//4874
f 3926//4874 3990//4874 3991//4874
f 3926//4874 3927//4874 3990//4874
f 3927//4874 3989//4874 3990//4874
f 3927//4874 3928//4874 3989//4874
f 3928//4874 3988//4874 3989//4874
f 3928//4874 3929//4874 3988//4874
f 3929//4874 3987//4874 3988//4874
f 3929//4874 3930//4874 3987//4874
f 3930//4874 3986//4874 3987//4874
f 3930//4874 3931//4874 3986//4874
f 3931//4874 3985//4874 3986//4874
f 3931//4874 3932//4874 3985//4874
f 3932//4874 3984//4874 3985//4874
f 3932//4874 3933//4874 3984//4874
f 3933//4874 3983//4874 3984//4874
f 3933//4874 3934//4874 3983//4874
f 3934//4874 3982//4874 3983//4874
f 3934//4874 3935//4874 3982//4874
f 3935//4874 3981//4874 3982//4874
f 3935//4874 3936//4874 3981//4874
f 3936//4874 3980//4874 3981//4874
f 3936//4874 3937//4874 3980//4874
f 3937//4874 3979//4874 3980//4874
f 3937//4874 3938//4874 3979//4874
f 3938//4874 3978//4874 3979//4874
f 3938//4874 3939//4874 3978//4874
f 3939//4874 3977//4874 3978//4874
f 3939//4874 3940//4874 3977//4874
f 3940//4874 3976//4874 3977//4874
f 3940//4874 3941//4874 3976//4874
f 3941//4874 3975//4874 3976//4874
f 3941//4874 3942//4874 3975//4874
f 3942//4874 3974//4874 3975//4874
f 3942//4874 3943//4874 3974//4874
f 3943//4874 3973//4874 3974//4874
f 3943//4874 3944//4874 3973//4874
f 3944//4874 3972//4874 3973//4874
f 3944//4874 3945//4874 3972//4874
f 3945//4874 3971//4874 3972//4874
f 3945//4874 3946//4874 3971//4874
f 3946//4874 3970//4874 3971//4874
f 3946//4874 3947//4874 3970//4874
f 3947//4874 3969//4874 3970//4874
f 3947//4874 3948//4874 3969//4874
f 3948//4874 3968//4874 3969//4874
f 3948//4874 3949//4874 3968//4874
f 3949//4874 3967//4874 3968//4874
f 3949//4874 3950//4874 3967//4874
f 3950//4874 3966//4874 3967//4874
f 3950//4874 3951//4874 3966//4874
f 3951//4874 3965//4874 3966//4874
f 3951//4874 3952//4874 3965//4874
f 3952//4874 3964//4874 3965//4874
f 3952//4874 3953//4874 3964//4874
f 3953//4874 3963//4874 3964//4874
f 3953//4874 3954//4874 3963//4874
f 3954//4874 3962//4874 3963//4874
f 3954//4874 3955//4874 3962//4874
f 3955//4874 3961//4874 3962//4874
f 3955//4874 3956//4874 3961//4874
f 3956//4874 3960//4874 3961//4874
f 3956//4874 3957//4874 3960//4874
f 3957//4874 3959//4874 3960//4874
f 3957//4874 3958//4874 3959//4874
f 4651//4874 4652//4874 4653//4874
f 4651//4874 4653//4874 4654//4874
f 4655//20 4656//20 4657//20
f 4655//20 4657//20 4658//20
f 4659//4874 4651//4874 4654//4874
f 4659//4874 4654//4874 4660//4874
f 4656//20 4661//20 4662//20
f 4656//20 4662//20 4657//20
f 4663//4874 4659//4874 4660//4874
f 4663//4874 4660//4874 4664//4874
f 4661//20 4665//20 4666//20
f 4661//20 4666//20 4662//20
f 4667//4874 4663//4874 4664//4874
f 4667//4874 4664//4874 4668//4874
f 4665//20 4669//20 4670//20
f 4665//20 4670//20 4666//20
f 4671//4874 4667//4874 4668//4874
f 4671//4874 4668//4874 4672//4874
f 4669//20 4673//20 4674//20
f 4669//20 4674//20 4670//20
f 4331//4874 4671//4874 4672//4874
f 4331//4874 4672//4874 4340//4874
f 4673//20 4675//20 4676//20
f 4673//20 4676//20 4674//20
f 4677//4874 4331//4874 4340//4874
f 4677//4874 4340//4874 4678//4874
f 4675//20 4679//20 4680//20
f 4675//20 4680//20 4676//20
f 4681//4874 4677//4874 4678//4874
f 4681//4874 4678//4874 4682//4874
f 4679//20 4683//20 4684//20
f 4679//20 4684//20 4680//20
f 4685//4874 4681//4874 4682//4874
f 4685//4874 4682//4874 4686//4874
f 4683//20 4687//20 4688//20
f 4683//20 4688//20 4684//20
f 4689//4874 4685//4874 4686//4874
f 4689//4874 4686//4874 4690//4874
f 4687//20 4691//20 4692//20
f 4687//20 4692//20 4688//20
f 4693//4874 4689//4874 4690//4874
f 4693//4874 4690//4874 4694//4874
f 4691//20 4695//20 4696//20
f 4691//20 4696//20 4692//20
f 4162//4874 4693//4874 4694//4874
f 4162//4874 4694//4874 4238//4874
f 4695//20 4697//20 4698//20
f 4695//20 4698//20 4696//20
f 4699//4874 4700//4874 4701//4874
f 4699//4874 4701//4874 4702//4874
f 4703//20 4704//20 4705//20
f 4703//20 4705//20 4706//20
f 4707//4874 4699//4874 4702//4874
f 4707//4874 4702//4874 4708//4874
f 4704//20 4709//20 4710//20
f 4704//20 4710//20 4705//20
f 4711//4874 4707//4874 4708//4874
f 4711//4874 4708//4874 4712//4874
f 4709//20 4713//20 4714//20
f 4709//20 4714//20 4710//20
f 4715//4874 4711//4874 4712//4874
f 4715//4874 4712//4874 4716//4874
f 4713//20 4717//20 4718//20
f 4713//20 4718//20 4714//20
f 4719//4874 4715//4874 4716//4874
f 4719//4874 4716//4874 4720//4874
f 4717//20 4721//20 4722//20
f 4717//20 4722//20 4718//20
f 4723//4874 4719//4874 4720//4874
f 4723//4874 4720//4874 4724//4874
f 4721//20 4725//20 4726//20
f 4721//20 4726//20 4722//20
f 4727//4874 4723//4874 4724//4874
f 4727//4874 4724//4874 4728//4874
f 4725//20 4729//20 4730//20
f 4725//20 4730//20 4726//20
f 4731//4874 4727//4874 4728//4874
f 4731//4874 4728//4874 4732//4874
f 4729//20 4733//20 4734//20
f 4729//20 4734//20 4730//20
f 4735//4874 4731//4874 4732//4874
f 4735//4874 4732//4874 4736//4874
f 4733//20 4737//20 4738//20
f 4733//20 4738//20 4734//20
f 4739//4874 4735//4874 4736//4874
f 4739//4874 4736//4874 4740//4874
f 4737//20 4741//20 4742//20
f 4737//20 4742//20 4738//20
f 4743//4874 4739//4874 4740//4874
f 4743//4874 4740//4874 4744//4874
f 4741//20 4745//20 4746//20
f 4741//20 4746//20 4742//20
f 4347//4874 4743//4874 4744//4874
f 4347//4874 4744//4874 4350//4874
f 4745//20 4327//20 4338//20
f 4745//20 4338//20 4746//20
f 4747//4874 4599//4874 4649//4874
f 4747//4874 4649//4874 4748//4874
f 4749//20 4750//20 4751//20
f 4749//20 4751//20 4752//20
f 4753//4874 4747//4874 4748//4874
f 4753//4874 4748//4874 4754//4874
f 4750//20 4755//20 4756//20
f 4750//20 4756//20 4751//20
f 4757//4874 4753//4874 4754//4874
f 4757//4874 4754//4874 4758//4874
f 4755//20 4759//20 4760//20
f 4755//20 4760//20 4756//20
f 4761//4874 4757//4874 4758//4874
f 4761//4874 4758//4874 4762//4874
f 4759//20 4763//20 4764//20
f 4759//20 4764//20 4760//20
f 4765//4874 4761//4874 4762//4874
f 4765//4874 4762//4874 4766//4874
f 4763//20 4767//20 4768//20
f 4763//20 4768//20 4764//20
f 4769//4874 4765//4874 4766//4874
f 4769//4874 4766//4874 4770//4874
f 4767//20 4771//20 4772//20
f 4767//20 4772//20 4768//20
f 4773//4874 4769//4874 4770//4874
f 4773//4874 4770//4874 4774//4874
f 4771//20 4775//20 4776//20
f 4771//20 4776//20 4772//20
f 4777//4874 4773//4874 4774//4874
f 4777//4874 4774//4874 4778//4874
f 4775//20 4779//20 4780//20
f 4775//20 4780//20 4776//20
f 4781//4874 4777//4874 4778//4874
f 4781//4874 4778//4874 4782//4874
f 4779//20 4783//20 4784//20
f 4779//20 4784//20 4780//20
f 4785//4874 4781//4874 4782//4874
f 4785//4874 4782//4874 4786//4874
f 4783//20 4787//20 4788//20
f 4783//20 4788//20 4784//20
f 4789//4874 4785//4874 4786//4874
f 4789//4874 4786//4874 4790//4874
f 4787//20 4791//20 4792//20
f 4787//20 4792//20 4788//20
f 4793//4874 4789//4874 4790//4874
f 4793//4874 4790//4874 4794//4874
f 4791//20 4795//20 4796//20
f 4791//20 4796//20 4792//20
usemtl stair
f 4797//4874 4798//4874 4799//4874
f 4797//4874 4799//4874 4800//4874
f 4801//20 4802//20 4803//20
f 4801//20 4803//20 4804//20
f 4802//4921 4800//4921 4799//4921
f 4802//4921 4799//4921 4803//4921
f 4801//4922 4804//4922 4798//4922
f 4801//4922 4798//4922 4797//4922
f 4801//4923 4797//4923 4800//4923
f 4801//4923 4800//4923 4802//4923
f 4804//4924 4803//4924 4799//4924
f 4804//4924 4799//4924 4798//4924
f 4805//4874 4806//4874 4807//4874
f 4805//4874 4807//4874 4808//4874
f 4804//20 4803//20 4809//20
f 4804//20 4809//20 4810//20
f 4803//4921 4808//4921 4807//4921
f 4803//4921 4807//4921 4809//4921
f 4804//4922 4810//4922 4806//4922
f 4804//4922 4806//4922 4805//4922
f 4804//4923 4805//4923 4808//4923
f 4804//4923 4808//4923 4803//4923
f 4810//4924 4809//4924 4807//4924
f 4810//4924 4807//4924 4806//4924
f 4811//4874 4812//4874 4813//4874
f 4811//4874 4813//4874 4814//4874
f 4810//20 4809//20 4815//20
f 4810//20 4815//20 4816//20
f 4809//4921 4814//4921 4813//4921
f 4809//4921 4813//4921 4815//4921
f 4810//4922 4816//4922 4812//4922
f 4810//4922 4812//4922 4811//4922
f 4810//4923 4811//4923 4814//4923
f 4810//4923 4814//4923 4809//4923
f 4816//4924 4815//4924 4813//4924
f 4816//4924 4813//4924 4812//4924
f 4817//4874 4818//4874 4819//4874
f 4817//4874 4819//4874 4820//4874
f 4816//20 4815//20 4821//20
f 4816//20 4821//20 4822//20
f 4815//4921 4820//4921 4819//4921
f 4815//4921 4819//4921 4821//4921
f 4816//4922 4822//4922 4818//4922
f 4816//4922 4818//4922 4817//4922
f 4816//4923 4817//4923 4820//4923
f 4816//4923 4820//4923 4815//4923
f 4822//4924 4821//4924 4819//4924
f 4822//4924 4819//4924 4818//4924
f 4823//4874 4824//4874 4825//4874
f 4823//4874 4825//4874 4826//4874
f 4822//20 4821//20 4827//20
f 4822//20 4827//20 4828//20
f 4821//4921 4826//4921 4825//4921
f 4821//4921 4825//4921 4827//4921
f 4822//4922 4828//4922 4824//4922
f 4822//4922 4824//4922 4823//4922
f 4822//4923 4823//4923 4826//4923
f 4822//4923 4826//4923 4821//4923
f 4828//4924 4827//4924 4825//4924
f 4828//4924 4825//4924 4824//4924
f 4829//4874 4830//4874 4831//4874
f 4829//4874 4831//4874 4832//4874
f 4828//20 4827//20 4833//20
f 4828//20 4833//20 4834//20
f 4827//4921 4832//4921 4831//4921
f 4827//4921 4831//4921 4833//4921
f 4828//4922 4834//4922 4830//4922
f 4828//4922 4830//4922 4829//4922
f 4828//4923 4829//4923 4832//4923
f 4828//4923 4832//4923 4827//4923
f 4834//4924 4833//4924 4831//4924
f 4834//4924 4831//4924 4830//4924
f 4835//4874 4836//4874 4837//4874
f 4835//4874 4837//4874 4838//4874
f 4834//20 4833//20 4839//20
f 4834//20 4839//20 4840//20
f 4833//4921 4838//4921 4837//4921
f 4833//4921 4837//4921 4839//4921
f 4834//4922 4840//4922 4836//4922
f 4834//4922 4836//4922 4835//4922
f 4834//4923 4835//4923 4838//4923
f 4834//4923 4838//4923 4833//4923
f 4840//4924 4839//4924 4837//4924
f 4840//4924 4837//4924 4836//4924
f 4841//4874 4842//4874 4843//4874
f 4841//4874 4843//4874 4844//4874
f 4840//20 4839//20 4845//20
f 4840//20 4845//20 4846//20
f 4839//4921 4844//4921 4843//4921
f 4839//4921 4843//4921 4845//4921
f 4840//4922 4846//4922 4842//4922
f 4840//4922 4842//4922 4841//4922
f 4840//4923 4841//4923 4844//4923
f 4840//4923 4844//4923 4839//4923
f 4846//4924 4845//4924 4843//4924
f 4846//4924 4843//4924 4842//4924
f 4847//4874 4848//4874 4849//4874
f 4847//4874 4849//4874 4850//4874
f 4846//20 4845//20 4851//20
f 4846//20 4851//20 4852//20
f 4845//4921 4850//4921 4849//4921
f 4845//4921 4849//4921 4851//4921
f 4846//4922 4852//4922 4848//4922
f 4846//4922 4848//4922 4847//4922
f 4846//4923 4847//4923 4850//4923
f 4846//4923 4850//4923 4845//4923
f 4852//4924 4851//4924 4849//4924
f 4852//4924 4849//4924 4848//4924
f 4853//4874 4170//4874 4176//4874
f 4853//4874 4176//4874 4854//4874
f 4852//20 4851//20 4855//20
f 4852//20 4855//20 4856//20
f 4851//4921 4854//4921 4176//4921
f 4851//4921 4176//4921 4855//4921
f 4852//4922 4856//4922 4170//4922
f 4852//4922 4170//4922 4853//4922
f 4852//4923 4853//4923 4854//4923
f 4852//4923 4854//4923 4851//4923
f 4856//4924 4855//4924 4176//4924
f 4856//4924 4176//4924 4170//4924
f 4857//4874 4858//4874 4859//4874
f 4857//4874 4859//4874 4860//4874
f 4861//20 4862//20 4863//20
f 4861//20 4863//20 4864//20
f 4862//4921 4860//4921 4859//4921
f 4862//4921 4859//4921 4863//4921
f 4861//4922 4864//4922 4858//4922
f 4861//4922 4858//4922 4857//4922
f 4861//4923 4857//4923 4860//4923
f 4861//4923 4860//4923 4862//4923
f 4864//4924 4863//4924 4859//4924
f 4864//4924 4859//4924 4858//4924
f 4865//4874 4866//4874 4867//4874
f 4865//4874 4867//4874 4868//4874
f 4864//20 4863//20 4869//20
f 4864//20 4869//20 4870//20
f 4863//4921 4868//4921 4867//4921
f 4863//4921 4867//4921 4869//4921
f 4864//4922 4870//4922 4866//4922
f 4864//4922 4866//4922 4865//4922
f 4864//4923 4865//4923 4868//4923
f 4864//4923 4868//4923 4863//4923
f 4870//4924 4869//4924 4867//4924
f 4870//4924 4867//4924 4866//4924
f 4871//4874 4872//4874 4873//4874
f 4871//4874 4873//4874 4874//4874
f 4870//20 4869//20 4875//20
f 4870//20 4875//20 4876//20
f 4869//4921 4874//4921 4873//4921
f 4869//4921 4873//4921 4875//4921
f 4870//4922 4876//4922 4872//4922
f 4870//4922 4872//4922 4871//4922
f 4870//4923 4871//4923 4874//4923
f 4870//4923 4874//4923 4869//4923
f 4876//4924 4875//4924 4873//4924
f 4876//4924 4873//4924 4872//4924
f 4877//4874 4878//4874 4879//4874
f 4877//4874 4879//4874 4880//4874
f 4876//20 4875//20 4881//20
f 4876//20 4881//20 4882//20
f 4875//4921 4880//4921 4879//4921
f 4875//4921 4879//4921 4881//4921
f 4876//4922 4882//4922 4878//4922
f 4876//4922 4878//4922 4877//4922
f 4876//4923 4877//4923 4880//4923
f 4876//4923 4880//4923 4875//4923
f 4882//4924 4881//4924 4879//4924
f 4882//4924 4879//4924 4878//4924
f 4883//4874 4884//4874 4885//4874
f 4883//4874 4885//4874 4886//4874
f 4882//20 4881//20 4887//20
f 4882//20 4887//20 4888//20
f 4881//4921 4886//4921 4885//4921
f 4881//4921 4885//4921 4887//4921
f 4882//4922 4888//4922 4884//4922
f 4882//4922 4884//4922 4883//4922
f 4882//4923 4883//4923 4886//4923
f 4882//4923 4886//4923 4881//4923
f 4888//4924 4887//4924 4885//4924
f 4888//4924 4885//4924 4884//4924
f 4889//4874 4890//4874 4891//4874
f 4889//4874 4891//4874 4892//4874
f 4888//20 4887//20 4893//20
f 4888//20 4893//20 4894//20
f 4887//4921 4892//4921 4891//4921
f 4887//4921 4891//4921 4893//4921
f 4888//4922 4894//4922 4890//4922
f 4888//4922 4890//4922 4889//4922
f 4888//4923 4889//4923 4892//4923
f 4888//4923 4892//4923 4887//4923
f 4894//4924 4893//4924 4891//4924
f 4894//4924 4891//4924 4890//4924
f 4895//4874 4896//4874 4897//4874
f 4895//4874 4897//4874 4898//4874
f 4894//20 4893//20 4899//20
f 4894//20 4899//20 4900//20
f 4893//4921 4898//4921 4897//4921
f 4893//4921 4897//4921 4899//4921
f 4894//4922 4900//4922 4896//4922
f 4894//4922 4896//4922 4895//4922
f 4894//4923 4895//4923 4898//4923
f 4894//4923 4898//4923 4893//4923
f 4900//4924 4899//4924 4897//4924
f 4900//4924 4897//4924 4896//4924
f 4901//4874 4902//4874 4903//4874
f 4901//4874 4903//4874 4904//4874
f 4900//20 4899//20 4905//20
f 4900//20 4905//20 4906//20
f 4899//4921 4904//4921 4903//4921
f 4899//4921 4903//4921 4905//4921
f 4900//4922 4906//4922 4902//4922
f 4900//4922 4902//4922 4901//4922
f 4900//4923 4901//4923 4904//4923
f 4900//4923 4904//4923 4899//4923
f 4906//4924 4905//4924 4903//4924
f 4906//4924 4903//4924 4902//4924
f 4907//4874 4908//4874 4909//4874
f 4907//4874 4909//4874 4910//4874
f 4906//20 4905//20 4911//20
f 4906//20 4911//20 4912//20
f 4905//4921 4910//4921 4909//4921
f 4905//4921 4909//4921 4911//4921
f 4906//4922 4912//4922 4908//4922
f 4906//4922 4908//4922 4907//4922
f 4906//4923 4907//4923 4910//4923
f 4906//4923 4910//4923 4905//4923
f 4912//4924 4911//4924 4909//4924
f 4912//4924 4909//4924 4908//4924
f 4913//4874 4224//4874 4230//4874
f 4913//4874 4230//4874 4914//4874
f 4912//20 4911//20 4915//20
f 4912//20 4915//20 4916//20
f 4911//4921 4914//4921 4230//4921
f 4911//4921 4230//4921 4915//4921
f 4912//4922 4916//4922 4224//4922
f 4912//4922 4224//4922 4913//4922
f 4912//4923 4913//4923 4914//4923
f 4912//4923 4914//4923 4911//4923
f 4916//4924 4915//4924 4230//4924
f 4916//4924 4230//4924 4224//4924
f 4917//4874 4918//4874 4919//4874
f 4917//4874 4919//4874 4920//4874
f 4921//20 4922//20 4923//20
f 4921//20 4923//20 4924//20
f 4922//4921 4920//4921 4919//4921
f 4922//4921 4919//4921 4923//4921
f 4921//4922 4924//4922 4918//4922
f 4921//4922 4918//4922 4917//4922
f 4921//4923 4917//4923 4920//4923
f 4921//4923 4920//4923 4922//4923
f 4924//4924 4923//4924 4919//4924
f 4924//4924 4919//4924 4918//4924
f 4925//4874 4926//4874 4927//4874
f 4925//4874 4927//4874 4928//4874
f 4924//20 4923//20 4929//20
f 4924//20 4929//20 4930//20
f 4923//4921 4928//4921 4927//4921
f 4923//4921 4927//4921 4929//4921
f 4924//4922 4930//4922 4926//4922
f 4924//4922 4926//4922 4925//4922
f 4924//4923 4925//4923 4928//4923
f 4924//4923 4928//4923 4923//4923
f 4930//4924 4929//4924 4927//4924
f 4930//4924 4927//4924 4926//4924
f 4931//4874 4932//4874 4933//4874
f 4931//4874 4933//4874 4934//4874
f 4930//20 4929//20 4935//20
f 4930//20 4935//20 4936//20
f 4929//4921 4934//4921 4933//4921
f 4929//4921 4933//4921 4935//4921
f 4930//4922 4936//4922 4932//4922
f 4930//4922 4932//4922 4931//4922
f 4930//4923 4931//4923 4934//4923
f 4930//4923 4934//4923 4929//4923
f 4936//4924 4935//4924 4933//4924
f 4936//4924 4933//4924 4932//4924
f 4937//4874 4938//4874 4939//4874
f 4937//4874 4939//4874 4940//4874
f 4936//20 4935//20 4941//20
f 4936//20 4941//20 4942//20
f 4935//4921 4940//4921 4939//4921
f 4935//4921 4939//4921 4941//4921
f 4936//4922 4942//4922 4938//4922
f 4936//4922 4938//4922 4937//4922
f 4936//4923 4937//4923 4940//4923
f 4936//4923 4940//4923 4935//4923
f 4942//4924 4941//4924 4939//4924
f 4942//4924 4939//4924 4938//4924
f 4943//4874 4944//4874 4945//4874
f 4943//4874 4945//4874 4946//4874
f 4942//20 4941//20 4947//20
f 4942//20 4947//20 4948//20
f 4941//4921 4946//4921 4945//4921
f 4941//4921 4945//4921 4947//4921
f 4942//4922 4948//4922 4944//4922
f 4942//4922 4944//4922 4943//4922
f 4942//4923 4943//4923 4946//4923
f 4942//4923 4946//4923 4941//4923
f 4948//4924 4947//4924 4945//4924
f 4948//4924 4945//4924 4944//4924
f 4949//4874 4950//4874 4951//4874
f 4949//4874 4951//4874 4952//4874
f 4948//20 4947//20 4953//20
f 4948//20 4953//20 4954//20
f 4947//4921 4952//4921 4951//4921
f 4947//4921 4951//4921 4953//4921
f 4948//4922 4954//4922 4950//4922
f 4948//4922 4950//4922 4949//4922
f 4948//4923 4949//4923 4952//4923
f 4948//4923 4952//4923 4947//4923
f 4954//4924 4953//4924 4951//4924
f 4954//4924 4951//4924 4950//4924
f 4955//4874 4956//4874 4957//4874
f 4955//4874 4957//4874 4958//4874
f 4954//20 4953//20 4959//20
f 4954//20 4959//20 4960//20
f 4953//4921 4958//4921 4957//4921
f 4953//4921 4957//4921 4959//4921
f 4954//4922 4960//4922 4956//4922
f 4954//4922 4956//4922 4955//4922
f 4954//4923 4955//4923 4958//4923
f 4954//4923 4958//4923 4953//4923
f 4960//4924 4959//4924 4957//4924
f 4960//4924 4957//4924 4956//4924
f 4961//4874 4962//4874 4963//4874
f 4961//4874 4963//4874 4964//4874
f 4960//20 4959//20 4965//20
f 4960//20 4965//20 4966//20
f 4959//4921 4964//4921 4963//4921
f 4959//4921 4963//4921 4965//4921
f 4960//4922 4966//4922 4962//4922
f 4960//4922 4962//4922 4961//4922
f 4960//4923 4961//4923 4964//4923
f 4960//4923 4964//4923 4959//4923
f 4966//4924 4965//4924 4963//4924
f 4966//4924 4963//4924 4962//4924
f 4967//4874 4968//4874 4969//4874
f 4967//4874 4969//4874 4970//4874
f 4966//20 4965//20 4971//20
f 4966//20 4971//20 4972//20
f 4965//4921 4970//4921 4969//4921
f 4965//4921 4969//4921 4971//4921
f 4966//4922 4972//4922 4968//4922
f 4966//4922 4968//4922 4967//4922
f 4966//4923 4967//4923 4970//4923
f 4966//4923 4970//4923 4965//4923
f 4972//4924 4971//4924 4969//4924
f 4972//4924 4969//4924 4968//4924
f 4973//4874 4974//4874 4975//4874
f 4973//4874 4975//4874 4976//4874
f 4972//20 4971//20 4977//20
f 4972//20 4977//20 4978//20
f 4971//4921 4976//4921 4975//4921
f 4971//4921 4975//4921 4977//4921
f 4972//4922 4978//4922 4974//4922
f 4972//4922 4974//4922 4973//4922
f 4972//4923 4973//4923 4976//4923
f 4972//4923 4976//4923 4971//4923
f 4978//4924 4977//4924 4975//4924
f 4978//4924 4975//4924 4974//4924
f 4979//4874 4385//4874 4391//4874
f 4979//4874 4391//4874 4980//4874
f 4978//20 4977//20 4981//20
f 4978//20 4981//20 4982//20
f 4977//4921 4980//4921 4391//4921
f 4977//4921 4391//4921 4981//4921
f 4978//4922 4982//4922 4385//4922
f 4978//4922 4385//4922 4979//4922
f 4978//4923 4979//4923 4980//4923
f 4978//4923 4980//4923 4977//4923
f 4982//4924 4981//4924 4391//4924
f 4982//4924 4391//4924 4385//4924
f 4983//4874 4984//4874 4985//4874
f 4983//4874 4985//4874 4986//4874
f 4987//20 4988//20 4989//20
f 4987//20 4989//20 4990//20
f 4988//4921 4986//4921 4985//4921
f 4988//4921 4985//4921 4989//4921
f 4987//4922 4990//4922 4984//4922
f 4987//4922 4984//4922 4983//4922
f 4987//4923 4983//4923 4986//4923
f 4987//4923 4986//4923 4988//4923
f 4990//4924 4989//4924 4985//4924
f 4990//4924 4985//4924 4984//4924
f 4991//4874 4992//4874 4993//4874
f 4991//4874 4993//4874 4994//4874
f 4990//20 4989//20 4995//20
f 4990//20 4995//20 4996//20
f 4989//4921 4994//4921 4993//4921
f 4989//4921 4993//4921 4995//4921
f 4990//4922 4996//4922 4992//4922
f 4990//4922 4992//4922 4991//4922
f 4990//4923 4991//4923 4994//4923
f 4990//4923 4994//4923 4989//4923
f 4996//4924 4995//4924 4993//4924
f 4996//4924 4993//4924 4992//4924
f 4997//4874 4998//4874 4999//4874
f 4997//4874 4999//4874 5000//4874
f 4996//20 4995//20 5001//20
f 4996//20 5001//20 5002//20
f 4995//4921 5000//4921 4999//4921
f 4995//4921 4999//4921 5001//4921
f 4996//4922 5002//4922 4998//4922
f 4996//4922 4998//4922 4997//4922
f 4996//4923 4997//4923 5000//4923
f 4996//4923 5000//4923 4995//4923
f 5002//4924 5001//4924 4999//4924
f 5002//4924 4999//4924 4998//4924
f 5003//4874 5004//4874 5005//4874
f 5003//4874 5005//4874 5006//4874
f 5002//20 5001//20 5007//20
f 5002//20 5007//20 5008//20
f 5001//4921 5006//4921 5005//4921
f 5001//4921 5005//4921 5007//4921
f 5002//4922 5008//4922 5004//4922
f 5002//4922 5004//4922 5003//4922
f 5002//4923 5003//4923 5006//4923
f 5002//4923 5006//4923 5001//4923
f 5008//4924 5007//4924 5005//4924
f 5008//4924 5005//4924 5004//4924
f 5009//4874 5010//4874 5011//4874
f 5009//4874 5011//4874 5012//4874
f 5008//20 5007//20 5013//20
f 5008//20 5013//20 5014//20
f 5007//4921 5012//4921 5011//4921
f 5007//4921 5011//4921 5013//4921
f 5008//4922 5014//4922 5010//4922
f 5008//4922 5010//4922 5009//4922
f 5008//4923 5009//4923 5012//4923
f 5008//4923 5012//4923 5007//4923
f 5014//4924 5013//4924 5011//4924
f 5014//4924 5011//4924 5010//4924
f 5015//4874 5016//4874 5017//4874
f 5015//4874 5017//4874 5018//4874
f 5014//20 5013//20 5019//20
f 5014//20 5019//20 5020//20
f 5013//4921 5018//4921 5017//4921
f 5013//4921 5017//4921 5019//4921
f 5014//4922 5020//4922 5016//4922
f 5014//4922 5016//4922 5015//4922
f 5014//4923 5015//4923 5018//4923
f 5014//4923 5018//4923 5013//4923
f 5020//4924 5019//4924 5017//4924
f 5020//4924 5017//4924 5016//4924
f 5021//4874 5022//4874 5023//4874
f 5021//4874 5023//4874 5024//4874
f 5020//20 5019//20 5025//20
f 5020//20 5025//20 5026//20
f 5019//4921 5024//4921 5023//4921
f 5019//4921 5023//4921 5025//4921
f 5020//4922 5026//4922 5022//4922
f 5020//4922 5022//4922 5021//4922
f 5020//4923 5021//4923 5024//4923
f 5020//4923 5024//4923 5019//4923
f 5026//4924 5025//4924 5023//4924
f 5026//4924 5023//4924 5022//4924
f 5027//4874 5028//4874 5029//4874
f 5027//4874 5029//4874 5030//4874
f 5026//20 5025//20 5031//20
f 5026//20 5031//20 5032//20
f 5025//4921 5030//4921 5029//4921
f 5025//4921 5029//4921 5031//4921
f 5026//4922 5032//4922 5028//4922
f 5026//4922 5028//4922 5027//4922
f 5026//4923 5027//4923 5030//4923
f 5026//4923 5030//4923 5025//4923
f 5032//4924 5031//4924 5029//4924
f 5032//4924 5029//4924 5028//4924
f 5033//4874 5034//4874 5035//4874
f 5033//4874 5035//4874 5036//4874
f 5032//20 5031//20 5037//20
f 5032//20 5037//20 5038//20
f 5031//4921 5036//4921 5035//4921
f 5031//4921 5035//4921 5037//4921
f 5032//4922 5038//4922 5034//4922
f 5032//4922 5034//4922 5033//4922
f 5032//4923 5033//4923 5036//4923
f 5032//4923 5036//4923 5031//4923
f 5038//4924 5037//4924 5035//4924
f 5038//4924 5035//4924 5034//4924
f 5039//4874 5040//4874 5041//4874
f 5039//4874 5041//4874 5042//4874
f 5038//20 5037//20 5043//20
f 5038//20 5043//20 5044//20
f 5037//4921 5042//4921 5041//4921
f 5037//4921 5041//4921 5043//4921
f 5038//4922 5044//4922 5040//4922
f 5038//4922 5040//4922 5039//4922
f 5038//4923 5039//4923 5042//4923
f 5038//4923 5042//4923 5037//4923
f 5044//4924 5043//4924 5041//4924
f 5044//4924 5041//4924 5040//4924
f 5045//4874 4423//4874 4429//4874
f 5045//4874 4429//4874 5046//4874
f 5044//20 5043//20 5047//20
f 5044//20 5047//20 5048//20
f 5043//4921 5046//4921 4429//4921
f 5043//4921 4429//4921 5047//4921
f 5044//4922 5048//4922 4423//4922
f 5044//4922 4423//4922 5045//4922
f 5044//4923 5045//4923 5046//4923
f 5044//4923 5046//4923 5043//4923
f 5048//4924 5047//4924 4429//4924
f 5048//4924 4429//4924 4423//4924
f 5049//4874 5050//4874 5051//4874
f 5049//4874 5051//4874 5052//4874
f 5053//20 5054//20 5055//20
f 5053//20 5055//20 5056//20
f 5054//4921 5052//4921 5051//4921
f 5054//4921 5051//4921 5055//4921
f 5053//4922 5056//4922 5050//4922
f 5053//4922 5050//4922 5049//4922
f 5053//4923 5049//4923 5052//4923
f 5053//4923 5052//4923 5054//4923
f 5056//4924 5055//4924 5051//4924
f 5056//4924 5051//4924 5050//4924
f 5057//4874 5058//4874 5059//4874
f 5057//4874 5059//4874 5060//4874
f 5061//20 5062//20 5054//20
f 5061//20 5054//20 5053//20
f 5062//4921 5060//4921 5059//4921
f 5062//4921 5059//4921 5054//4921
f 5061//4922 5053//4922 5058//4922
f 5061//4922 5058//4922 5057//4922
f 5061//4923 5057//4923 5060//4923
f 5061//4923 5060//4923 5062//4923
f 5053//4924 5054//4924 5059//4924
f 5053//4924 5059//4924 5058//4924
f 5063//4874 5064//4874 5065//4874
f 5063//4874 5065//4874 5066//4874
f 5067//20 5068//20 5062//20
f 5067//20 5062//20 5061//20
f 5068//4921 5066//4921 5065//4921
f 5068//4921 5065//4921 5062//4921
f 5067//4922 5061//4922 5064//4922
f 5067//4922 5064//4922 5063//4922
f 5067//4923 5063//4923 5066//4923
f 5067//4923 5066//4923 5068//4923
f 5061//4924 5062//4924 5065//4924
f 5061//4924 5065//4924 5064//4924
f 5069//4874 5070//4874 5071//4874
f 5069//4874 5071//4874 5072//4874
f 5073//20 5074//20 5068//20
f 5073//20 5068//20 5067//20
f 5074//4921 5072//4921 5071//4921
f 5074//4921 5071//4921 5068//4921
f 5073//4922 5067//4922 5070//4922
f 5073//4922 5070//4922 5069//4922
f 5073//4923 5069//4923 5072//4923
f 5073//4923 5072//4923 5074//4923
f 5067//4924 5068//4924 5071//4924
f 5067//4924 5071//4924 5070//4924
f 5075//4874 5076//4874 5077//4874
f 5075//4874 5077//4874 5078//4874
f 5079//20 5080//20 5074//20
f 5079//20 5074//20 5073//20
f 5080//4921 5078//4921 5077//4921
f 5080//4921 5077//4921 5074//4921
f 5079//4922 5073//4922 5076//4922
f 5079//4922 5076//4922 5075//4922
f 5079//4923 5075//4923 5078//4923
f 5079//4923 5078//4923 5080//4923
f 5073//4924 5074//4924 5077//4924
f 5073//4924 5077//4924 5076//4924
f 5081//4874 5082//4874 5083//4874
f 5081//4874 5083//4874 5084//4874
f 5085//20 5086//20 5080//20
f 5085//20 5080//20 5079//20
f 5086//4921 5084//4921 5083//4921
f 5086//4921 5083//4921 5080//4921
f 5085//4922 5079//4922 5082//4922
f 5085//4922 5082//4922 5081//4922
f 5085//4923 5081//4923 5084//4923
f 5085//4923 5084//4923 5086//4923
f 5079//4924 5080//4924 5083//4924
f 5079//4924 5083//4924 5082//4924
f 5087//4874 5088//4874 5089//4874
f 5087//4874 5089//4874 5090//4874
f 5091//20 5092//20 5086//20
f 5091//20 5086//20 5085//20
f 5092//4921 5090//4921 5089//4921
f 5092//4921 5089//4921 5086//4921
f 5091//4922 5085//4922 5088//4922
f 5091//4922 5088//4922 5087//4922
f 5091//4923 5087//4923 5090//4923
f 5091//4923 5090//4923 5092//4923
f 5085//4924 5086//4924 5089//4924
f 5085//4924 5089//4924 5088//4924
f 5093//4874 5094//4874 5095//4874
f 5093//4874 5095//4874 5096//4874
f 5097//20 5098//20 5092//20
f 5097//20 5092//20 5091//20
f 5098//4921 5096//4921 5095//4921
f 5098//4921 5095//4921 5092//4921
f 5097//4922 5091//4922 5094//4922
f 5097//4922 5094//4922 5093//4922
f 5097//4923 5093//4923 5096//4923
f 5097//4923 5096//4923 5098//4923
f 5091//4924 5092//4924 5095//4924
f 5091//4924 5095//4924 5094//4924
f 4605//4874 5099//4874 5100//4874
f 4605//4874 5100//4874 4613//4874
f 5101//20 5102//20 5098//20
f 5101//20 5098//20 5097//20
f 5102//4921 4613//4921 5100//4921
f 5102//4921 5100//4921 5098//4921
f 5101//4922 5097//4922 5099//4922
f 5101//4922 5099//4922 4605//4922
f 5101//4923 4605//4923 4613//4923
f 5101//4923 4613//4923 5102//4923
f 5097//4924 5098//4924 5100//4924
f 5097//4924 5100//4924 5099//4924
f 5103//4874 5104//4874 5105//4874
f 5103//4874 5105//4874 5106//4874
f 5107//20 5108//20 5109//20
f 5107//20 5109//20 5110//20
f 5108//4921 5106//4921 5105//4921
f 5108//4921 5105//4921 5109//4921
f 5107//4922 5110//4922 5104//4922
f 5107//4922 5104//4922 5103//4922
f 5107//4923 5103//4923 5106//4923
f 5107//4923 5106//4923 5108//4923
f 5110//4924 5109//4924 5105//4924
f 5110//4924 5105//4924 5104//4924
f 5111//4874 5112//4874 5113//4874
f 5111//4874 5113//4874 5114//4874
f 5115//20 5116//20 5108//20
f 5115//20 5108//20 5107//20
f 5116//4921 5114//4921 5113//4921
f 5116//4921 5113//4921 5108//4921
f 5115//4922 5107//4922 5112//4922
f 5115//4922 5112//4922 5111//4922
f 5115//4923 5111//4923 5114//4923
f 5115//4923 5114//4923 5116//4923
f 5107//4924 5108//4924 5113//4924
f 5107//4924 5113//4924 5112//4924
f 5117//4874 5118//4874 5119//4874
f 5117//4874 5119//4874 5120//4874
f 5121//20 5122//20 5116//20
f 5121//20 5116//20 5115//20
f 5122//4921 5120//4921 5119//4921
f 5122//4921 5119//4921 5116//4921
f 5121//4922 5115//4922 5118//4922
f 5121//4922 5118//4922 5117//4922
f 5121//4923 5117//4923 5120//4923
f 5121//4923 5120//4923 5122//4923
f 5115//4924 5116//4924 5119//4924
f 5115//4924 5119//4924 5118//4924
f 5123//4874 5124//4874 5125//4874
f 5123//4874 5125//4874 5126//4874
f 5127//20 5128//20 5122//20
f 5127//20 5122//20 5121//20
f 5128//4921 5126//4921 5125//4921
f 5128//4921 5125//4921 5122//4921
f 5127//4922 5121//4922 5124//4922
f 5127//4922 5124//4922 5123//4922
f 5127//4923 5123//4923 5126//4923
f 5127//4923 5126//4923 5128//4923
f 5121//4924 5122//4924 5125//4924
f 5121//4924 5125//4924 5124//4924
f 5129//4874 5130//4874 5131//4874
f 5129//4874 5131//4874 5132//4874
f 5133//20 5134//20 5128//20
f 5133//20 5128//20 5127//20
f 5134//4921 5132//4921 5131//4921
f 5134//4921 5131//4921 5128//4921
f 5133//4922 5127//4922 5130//4922
f 5133//4922 5130//4922 5129//4922
f 5133//4923 5129//4923 5132//4923
f 5133//4923 5132//4923 5134//4923
f 5127//4924 5128//4924 5131//4924
f 5127//4924 5131//4924 5130//4924
f 5135//4874 5136//4874 5137//4874
f 5135//4874 5137//4874 5138//4874
f 5139//20 5140//20 5134//20
f 5139//20 5134//20 5133//20
f 5140//4921 5138//4921 5137//4921
f 5140//4921 5137//4921 5134//4921
f 5139//4922 5133//4922 5136//4922
f 5139//4922 5136//4922 5135//4922
f 5139//4923 5135//4923 5138//4923
f 5139//4923 5138//4923 5140//4923
f 5133//4924 5134//4924 5137//4924
f 5133//4924 5137//4924 5136//4924
f 5141//4874 5142//4874 5143//4874
f 5141//4874 5143//4874 5144//4874
f 5145//20 5146//20 5140//20
f 5145//20 5140//20 5139//20
f 5146//4921 5144//4921 5143//4921
f 5146//4921 5143//4921 5140//4921
f 5145//4922 5139//4922 5142//4922
f 5145//4922 5142//4922 5141//4922
f 5145//4923 5141//4923 5144//4923
f 5145//4923 5144//4923 5146//4923
f 5139//4924 5140//4924 5143//4924
f 5139//4924 5143//4924 5142//4924
f 5147//4874 5148//4874 5149//4874
f 5147//4874 5149//4874 5150//4874
f 5151//20 5152//20 5146//20
f 5151//20 5146//20 5145//20
f 5152//4921 5150//4921 5149//4921
f 5152//4921 5149//4921 5146//4921
f 5151//4922 5145//4922 5148//4922
f 5151//4922 5148//4922 5147//4922
f 5151//4923 5147//4923 5150//4923
f 5151//4923 5150//4923 5152//4923
f 5145//4924 5146//4924 5149//4924
f 5145//4924 5149//4924 5148//4924
f 4635//4874 5153//4874 5154//4874
f 4635//4874 5154//4874 4643//4874
f 5155//20 5156//20 5152//20
f 5155//20 5152//20 5151//20
f 5156//4921 4643//4921 5154//4921
f 5156//4921 5154//4921 5152//4921
f 5155//4922 5151//4922 5153//4922
f 5155//4922 5153//4922 4635//4922
f 5155//4923 4635//4923 4643//4923
f 5155//4923 4643//4923 5156//4923
f 5151//4924 5152//4924 5154//4924
f 5151//4924 5154//4924 5153//4924
usemtl spar
f 5157//5021 5158//5021 5159//5021
f 5157//5022 5159//5022 5160//5022
f 5160//5023 5159//5023 5161//5023
f 5160//5023 5161//5023 5162//5023
f 5162//5024 5161//5024 5163//5024
f 5162//5025 5163//5025 5164//5025
f 5164//5026 5163//5026 5165//5026
f 5164//5027 5165//5027 5166//5027
f 5166//5028 5165//5028 5167//5028
f 5166//5028 5167//5028 5168//5028
f 5168//5029 5167//5029 5169//5029
f 5168//5030 5169//5030 5170//5030
f 5170//5031 5169//5031 5171//5031
f 5170//5032 5171//5032 5172//5032
f 5172//5033 5171//5033 5173//5033
f 5172//5033 5173//5033 5174//5033
f 5174//5034 5173//5034 5175//5034
f 5174//5035 5175//5035 5176//5035
f 5176//5036 5175//5036 5177//5036
f 5176//5037 5177//5037 5178//5037
f 5178//5038 5177//5038 5179//5038
f 5178//5038 5179//5038 5180//5038
f 5180//5039 5179//5039 5158//5039
f 5180//5040 5158//5040 5157//5040
f 5158//4874 5161//4874 5159//4874
f 5157//20 5160//20 5162//20
f 5158//4874 5163//4874 5161//4874
f 5157//20 5162//20 5164//20
f 5158//4874 5165//4874 5163//4874
f 5157//20 5164//20 5166//20
f 5158//4874 5167//4874 5165//4874
f 5157//20 5166//20 5168//20
f 5158//4874 5169//4874 5167//4874
f 5157//20 5168//20 5170//20
f 5158//4874 5171//4874 5169//4874
f 5157//20 5170//20 5172//20
f 5158//4874 5173//4874 5171//4874
f 5157//20 5172//20 5174//20
f 5158//4874 5175//4874 5173//4874
f 5157//20 5174//20 5176//20
f 5158//4874 5177//4874 5175//4874
f 5157//20 5176//20 5178//20
f 5158//4874 5179//4874 5177//4874
f 5157//20 5178//20 5180//20
f 5181//5041 5182//5041 5183//5041
f 5181//5042 5183//5042 5184//5042
f 5184//5043 5183//5043 5185//5043
f 5184//5043 5185//5043 5186//5043
f 5186//5044 5185//5044 5187//5044
f 5186//5045 5187//5045 5188//5045
f 5188//5046 5187//5046 5189//5046
f 5188//5047 5189//5047 5190//5047
f 5190//5048 5189//5048 5191//5048
f 5190//5048 5191//5048 5192//5048
f 5192//5049 5191//5049 5193//5049
f 5192//5050 5193//5050 5194//5050
f 5194//5051 5193//5051 5195//5051
f 5194//5052 5195//5052 5196//5052
f 5196//5053 5195//5053 5197//5053
f 5196//5053 5197//5053 5198//5053
f 5198//5054 5197//5054 5199//5054
f 5198//5055 5199//5055 5200//5055
f 5200//5056 5199//5056 5201//5056
f 5200//5057 5201//5057 5202//5057
f 5202//5058 5201//5058 5203//5058
f 5202//5058 5203//5058 5204//5058
f 5204//5059 5203//5059 5182//5059
f 5204//5060 5182//5060 5181//5060
f 5182//4874 5185//4874 5183//4874
f 5181//20 5184//20 5186//20
f 5182//4874 5187//4874 5185//4874
f 5181//20 5186//20 5188//20
f 5182//4874 5189//4874 5187//4874
f 5181//20 5188//20 5190//20
f 5182//4874 5191//4874 5189//4874
f 5181//20 5190//20 5192//20
f 5182//4874 5193//4874 5191//4874
f 5181//20 5192//20 5194//20
f 5182//4874 5195//4874 5193//4874
f 5181//20 5194//20 5196//20
f 5182//4874 5197//4874 5195//4874
f 5181//20 5196//20 5198//20
f 5182//4874 5199//4874 5197//4874
f 5181//20 5198//20 5200//20
f 5182//4874 5201//4874 5199//4874
f 5181//20 5200//20 5202//20
f 5182//4874 5203//4874 5201//4874
f 5181//20 5202//20 5204//20
